Date,Apprehensions,CBP_Custody,Transfers,HHS_Care,Discharges,Transfer_Efficiency,Discharge_Effectiveness,Pipeline_Throughput,Est_Days_CBP,Est_Hours_CBP,Est_Days_HHS,Flores_Breach,CBP_Net_Flow,HHS_Net_Flow,System_Net_Flow,Cumulative_CBP_Net,Cumulative_HHS_Net,Cumulative_System_Net,Year,Month,YearMonth,DayOfWeek,DayOfWeekNum,IsWeekend,Operational_Regime,Apprehensions_7d_MA,Apprehensions_30d_MA,Apprehensions_7d_STD,CBP_Custody_7d_MA,CBP_Custody_30d_MA,CBP_Custody_7d_STD,Transfers_7d_MA,Transfers_30d_MA,Transfers_7d_STD,HHS_Care_7d_MA,HHS_Care_30d_MA,HHS_Care_7d_STD,Discharges_7d_MA,Discharges_30d_MA,Discharges_7d_STD,Transfer_Efficiency_7d_MA,Transfer_Efficiency_30d_MA,Transfer_Efficiency_7d_STD,Discharge_Effectiveness_7d_MA,Discharge_Effectiveness_30d_MA,Discharge_Effectiveness_7d_STD,Pipeline_Throughput_7d_MA,Pipeline_Throughput_30d_MA,Pipeline_Throughput_7d_STD,Est_Days_CBP_7d_MA,Est_Days_CBP_30d_MA,Est_Days_CBP_7d_STD,Est_Days_HHS_7d_MA,Est_Days_HHS_30d_MA,Est_Days_HHS_7d_STD,System_Net_Flow_7d_MA,System_Net_Flow_30d_MA,System_Net_Flow_7d_STD,Outcome_Stability_Score
2023-01-12,33.0,53.0,34.0,6566,436.0,0.6415094339622641,0.06640268047517514,13.212121212121213,1.5588235294117647,37.411764705882355,15.059633027522937,False,-1.0,-402.0,-403.0,-1.0,-402.0,-403.0,2023,1,2023-01,Thursday,3,False,High Inflow (2023-2024),33.0,33.0,0.0,53.0,53.0,0.0,34.0,34.0,0.0,6566.0,6566.0,0.0,436.0,436.0,0.0,0.6415094339622641,0.6415094339622641,0.0,0.06640268047517514,0.06640268047517514,0.0,13.212121212121213,13.212121212121213,0.0,1.5588235294117647,1.5588235294117647,0.0,15.059633027522937,15.059633027522937,0.0,-403.0,-403.0,0.0,1.0
2023-01-22,32.0,49.0,39.0,7122,227.0,0.7959183673469388,0.031873069362538614,7.09375,1.2564102564102564,30.153846153846153,31.374449339207047,False,-7.0,-188.0,-195.0,-8.0,-590.0,-598.0,2023,1,2023-01,Sunday,6,True,High Inflow (2023-2024),32.5,32.5,0.7071067811865476,51.0,51.0,2.8284271247461903,36.5,36.5,3.5355339059327378,6844.0,6844.0,393.1513703397204,331.5,331.5,147.78531726798843,0.7187139006546015,0.7187139006546015,0.1091836038720853,0.04913787491885688,0.04913787491885688,0.024416122169479654,10.152935606060606,10.152935606060606,4.326341773907465,1.4076168929110104,1.4076168929110104,0.21383847606018513,23.21704118336499,23.21704118336499,11.536317247804734,-299.0,-299.0,147.07821048680188,0.6916548203262494
2023-01-23,32.0,50.0,39.0,7280,181.0,0.78,0.02486263736263736,5.65625,1.2820512820512822,30.769230769230774,40.22099447513812,False,-7.0,-142.0,-149.0,-15.0,-732.0,-747.0,2023,1,2023-01,Monday,0,False,High Inflow (2023-2024),32.333333333333336,32.333333333333336,0.5773502691896263,50.666666666666664,50.666666666666664,2.0816659994661326,37.333333333333336,37.333333333333336,2.886751345948128,6989.333333333333,6989.333333333333,375.03244304104334,281.3333333333333,281.3333333333333,135.90560449566945,0.7391426004364009,0.7391426004364009,0.08492658595265033,0.041046129066783704,0.041046129066783704,0.022237413601880685,8.654040404040403,8.654040404040403,4.012315672058461,1.3657616892911009,1.3657616892911009,0.16768727182485685,28.88502561395603,28.88502561395603,12.764068721895299,-249.0,-249.0,135.33661736573734,0.6742739179549736
2023-01-24,47.0,42.0,47.0,7433,175.0,1.119047619047619,0.023543656666218216,3.723404255319149,0.8936170212765957,21.4468085106383,42.47428571428571,False,0.0,-128.0,-128.0,-15.0,-860.0,-875.0,2023,1,2023-01,Tuesday,1,False,High Inflow (2023-2024),36.0,36.0,7.348469228349534,48.5,48.5,4.654746681256313,39.75,39.75,5.377421934967225,7100.25,7100.25,378.1220041203634,254.75,254.75,123.045723208895,0.8341188550892055,0.8341188550892055,0.2022135153557894,0.03667051096664233,0.03667051096664233,0.020155706656772864,7.42138136686009,7.42138136686009,4.100029826224823,1.2477255222874748,1.2477255222874748,0.272903208064094,32.28234063903845,32.28234063903845,12.441113203546015,-218.75,-218.75,125.97982642735569,0.6743062039882881
2023-01-25,20.0,22.0,41.0,7538,180.0,1.8636363636363635,0.02387901300079597,9.0,0.5365853658536586,12.878048780487806,41.87777777777778,False,-21.0,-139.0,-160.0,-36.0,-999.0,-1035.0,2023,1,2023-01,Wednesday,2,False,High Inflow (2023-2024),32.8,32.8,9.57601169589929,43.2,43.2,12.517987058628876,40.0,40.0,4.690415759823429,7187.8,7187.8,381.51959320590606,239.8,239.8,111.6812428297608,1.040022356798637,1.040022356798637,0.4925941427031376,0.03411221137347306,0.03411221137347306,0.018368828682511544,7.737105093488073,7.737105093488073,3.620233526960542,1.1054974910007114,1.1054974910007114,0.39623375064133315,34.20142806678632,34.20142806678632,11.59743316791629,-207.0,-207.0,112.2207645669909,0.6822554685120042
2023-01-29,23.0,45.0,11.0,7472,303.0,0.24444444444444444,0.04055139186295503,13.173913043478262,4.090909090909091,98.18181818181819,24.660066006600662,True,12.0,-292.0,-280.0,-24.0,-1291.0,-1315.0,2023,1,2023-01,Sunday,6,True,High Inflow (2023-2024),31.166666666666668,31.166666666666668,9.45339445208263,43.5,43.5,11.22051692213866,35.166666666666664,35.166666666666664,12.560520159080461,7235.166666666667,7235.166666666667,360.42664533392457,250.33333333333334,250.33333333333334,103.16911682604764,0.9074260380729383,0.9074260380729383,0.5473663252137401,0.03518540812172006,0.03518540812172006,0.01663855766876007,8.64323975181977,8.64323975181977,3.925729581359719,1.6030660909854415,1.6030660909854415,1.2692706639099571,32.61120105675538,32.61120105675538,11.080311210792754,-219.16666666666666,-219.16666666666666,104.70418648108904,0.7081516216378909
2023-01-30,34.0,54.0,29.0,7743,196.0,0.5370370370370371,0.025313186103577426,5.764705882352941,1.8620689655172413,44.689655172413794,39.505102040816325,False,5.0,-167.0,-162.0,-19.0,-1458.0,-1477.0,2023,1,2023-01,Monday,0,False,High Inflow (2023-2024),31.571428571428573,31.571428571428573,8.695921320886454,45.0,45.0,10.984838035522722,34.285714285714285,34.285714285714285,11.700630833624395,7307.714285714285,7307.714285714285,380.91762639084845,242.57142857142858,242.57142857142858,96.39304460187492,0.8545133236392382,0.8545133236392382,0.5189154064869574,0.03377509069055682,0.03377509069055682,0.015640469980482647,8.232020627610224,8.232020627610224,3.745197208663201,1.6400665016328413,1.6400665016328413,1.1628083367155655,33.59604405447837,33.59604405447837,10.445118024759912,-211.0,-211.0,97.99319704278795,0.7156249334938658
2023-01-31,26.0,36.0,36.0,7803,158.0,1.0,0.020248622324746893,6.076923076923077,1.0,24.0,49.38607594936709,False,-10.0,-122.0,-132.0,-29.0,-1580.0,-1609.0,2023,1,2023-01,Tuesday,1,False,High Inflow (2023-2024),30.571428571428573,30.875,8.904252595569954,42.57142857142857,43.875,10.799029938797634,34.57142857142857,34.5,11.716898663286043,7484.428571428572,7369.625,240.54165068504346,202.85714285714286,232.0,49.0694357396692,0.905726261644629,0.8726991581843334,0.5120344316847123,0.027181653811924215,0.032084282144830584,0.006853681121030423,7.212706608296204,7.9626334337743305,3.0748725968732464,1.560234568859732,1.5600581889287362,1.188220806581313,38.49982161474181,35.56979804133946,8.082906616893775,-172.28571428571428,-201.125,52.442712508394294,0.8052232677751686
2023-02-01,25.0,32.0,27.0,7903,231.0,0.84375,0.029229406554472984,9.24,1.1851851851851851,28.444444444444443,34.21212121212121,False,-2.0,-204.0,-206.0,-31.0,-1784.0,-1815.0,2023,2,2023-02,Wednesday,2,False,High Inflow (2023-2024),29.571428571428573,30.22222222222222,9.107819769427858,40.142857142857146,42.55555555555556,11.021623767675544,32.857142857142854,33.666666666666664,11.838194843085542,7596.0,7428.888888888889,225.04518064898204,203.42857142857142,231.88888888888889,49.41948719165058,0.9125593520236378,0.8694825850527408,0.5106420796201215,0.02680398769648627,0.03176707374590196,0.006620966180946612,7.519313751153348,8.104563052243849,3.1666691534124496,1.550059558684722,1.5184056329572304,1.1915564207295783,38.905203310872416,35.41894506031521,7.729417622578046,-173.85714285714286,-201.66666666666666,53.39297260697819,0.8045486785173277
2023-02-02,15.0,13.0,23.0,7879,298.0,1.7692307692307692,0.03782205863688285,19.866666666666667,0.5652173913043478,13.565217391304348,26.43959731543624,False,-8.0,-275.0,-283.0,-39.0,-2059.0,-2098.0,2023,2,2023-02,Thursday,3,False,High Inflow (2023-2024),27.142857142857142,28.7,10.51076545624487,34.857142857142854,39.6,13.981280001351466,30.571428571428573,32.6,11.998015708957084,7681.571428571428,7473.9,196.99734105046142,220.14285714285714,238.5,59.35606841042336,1.053878033342319,0.9594574034705436,0.5973621386696357,0.028655333592807055,0.03237257223500005,0.007709948483934486,9.549373274962871,9.28077341368613,5.481862319670645,1.4476547171494456,1.4230868087919422,1.2478994764542466,36.93643228805786,34.52101028582731,8.990652476960863,-193.0,-209.8,65.61757894548279,0.7876340014798789
2023-02-05,16.0,18.0,15.0,7586,342.0,0.8333333333333334,0.04508304771948326,21.375,1.2,28.799999999999997,22.181286549707604,False,1.0,-327.0,-326.0,-38.0,-2386.0,-2424.0,2023,2,2023-02,Sunday,6,True,High Inflow (2023-2024),22.714285714285715,27.545454545454547,6.524678426668132,31.428571428571427,37.63636363636363,14.853250405855535,26.0,31.0,10.723805294763604,7703.428571428572,7484.090909090909,171.6827084506526,244.0,247.9090909090909,70.67059737495738,1.013061706811707,0.9479915789126153,0.6019108780260641,0.0317323894575592,0.033528070006316704,0.009435062926939762,12.071029809917277,10.380248557896483,6.346877941306589,1.4914237141099318,1.4028061898108566,1.230479827467215,34.03743240740385,33.39921721890734,10.10946829134486,-221.28571428571428,-220.36363636363637,74.94156453689831,0.7754140426067605
2023-02-06,11.0,22.0,12.0,7720,196.0,0.5454545454545454,0.02538860103626943,17.818181818181817,1.8333333333333333,44.0,39.38775510204081,False,-1.0,-184.0,-185.0,-39.0,-2570.0,-2609.0,2023,2,2023-02,Monday,0,False,High Inflow (2023-2024),21.428571428571427,26.166666666666668,7.892129895390359,31.428571428571427,36.333333333333336,14.853250405855535,21.857142857142858,29.416666666666668,9.494359227607571,7729.428571428572,7503.75,155.47010124442488,246.28571428571428,243.58333333333334,68.48044559267579,0.8247500185000184,0.914446826124443,0.48660908289803073,0.03194804489119827,0.03284978092547943,0.009240896903727468,13.330770069657538,11.000076329586927,6.508802642955799,1.6766734237498855,1.4386834517710632,1.158263597429891,33.681714882298564,33.89826204250179,9.827489400558834,-224.85714285714286,-217.41666666666666,72.07502704688721,0.7824402546349543
2023-02-07,16.0,20.0,20.0,7855,200.0,1.0,0.025461489497135583,12.5,1.0,24.0,39.275,False,-4.0,-180.0,-184.0,-43.0,-2750.0,-2793.0,2023,2,2023-02,Tuesday,1,False,High Inflow (2023-2024),20.428571428571427,25.384615384615383,8.100558475750148,27.857142857142858,35.07692307692308,14.028881773310506,23.142857142857142,28.692307692307693,8.315218406202993,7784.142857142857,7530.7692307692305,110.7315501132147,231.57142857142858,240.23076923076923,65.25298752511169,0.9326865264365265,0.9210278394994857,0.4149570993629451,0.02979234455322406,0.03228145081560683,0.008639961107606642,13.23449677773207,11.115455073464856,6.516488906669759,1.235114982191444,1.4049385708655966,0.4679714078574494,35.769562595641325,34.31185727000166,9.118280365665834,-211.14285714285714,-214.84615384615384,68.89709372542157,0.7801630055126982
2023-02-08,93.0,196.0,169.0,7915,317.0,0.8622448979591837,0.04005053695514845,3.4086021505376345,1.1597633136094674,27.83431952662722,24.968454258675077,False,-76.0,-148.0,-224.0,-119.0,-2898.0,-3017.0,2023,2,2023-02,Wednesday,2,False,High Inflow (2023-2024),28.857142857142858,30.214285714285715,28.806414629549508,48.142857142857146,46.57142857142857,65.68720974291361,43.142857142857146,38.714285714285715,56.057793307230625,7808.714285714285,7558.214285714285,118.86506956168353,248.85714285714286,245.71428571428572,70.10570250564159,0.9791447922825472,0.9168290579608928,0.3800112448276545,0.03189768038916278,0.0328363855398598,0.009147259568754059,12.897910530329884,10.564965578970055,7.008865375543531,1.1347856033474761,1.387426052490159,0.37774067788364835,33.692898626764006,33.64447134062119,9.758587454513354,-220.0,-215.5,65.42425645991962,0.7802073077636857
2023-02-09,124.0,234.0,161.0,7908,353.0,0.688034188034188,0.044638340920586744,2.846774193548387,1.453416149068323,34.881987577639755,22.402266288951843,False,-37.0,-192.0,-229.0,-156.0,-3090.0,-3246.0,2023,2,2023-02,Thursday,3,False,High Inflow (2023-2024),42.857142857142854,36.46666666666667,45.91814663590191,76.42857142857143,59.06666666666667,95.46702247871974,61.0,46.86666666666667,71.25307010929424,7823.714285714285,7581.533333333334,124.51467689354465,276.7142857142857,252.86666666666667,66.64261470889396,0.9345782477160027,0.9015760666324457,0.39514944074520203,0.03538192590285418,0.03362318256524159,0.00859920786177499,12.436460689847788,10.05041948660861,7.613081759369059,1.1995593389286652,1.3918253922620363,0.38946906732469727,29.838068675276112,32.89499100384323,7.621950112111304,-233.85714285714286,-216.4,52.71757635877103,0.8059086197867046
2023-02-12,92.0,203.0,173.0,7434,317.0,0.8522167487684729,0.042641915523271456,3.4456521739130435,1.1734104046242775,28.161849710982658,23.451104100946374,False,-81.0,-144.0,-225.0,-237.0,-3234.0,-3471.0,2023,2,2023-02,Sunday,6,True,High Inflow (2023-2024),52.42857142857143,39.9375,48.48662063860897,100.85714285714286,68.0625,103.72468136277655,81.85714285714286,54.75,80.42062043080861,7756.714285714285,7572.3125,185.82762109520763,289.0,256.875,64.70960773589441,0.9357877832543561,0.8984911092659474,0.39483791784724154,0.037297998612682536,0.03418685337511846,0.008493456968464954,11.608696714692508,9.637621529565138,8.302359179650242,1.197877227419964,1.3781744555346764,0.38956691132421606,28.30078051653685,32.304748072412174,7.677705145058465,-236.57142857142858,-216.9375,51.51976042535244,0.8170544245317436
2023-02-13,186.0,259.0,172.0,7483,244.0,0.6640926640926641,0.03260724308432447,1.3118279569892473,1.505813953488372,36.13953488372093,30.668032786885245,False,14.0,-72.0,-58.0,-223.0,-3306.0,-3529.0,2023,2,2023-02,Monday,0,False,High Inflow (2023-2024),76.85714285714286,48.529411764705884,66.29335957552253,136.0,79.29411764705883,110.45210123246487,103.14285714285714,61.64705882352941,81.95004285422628,7700.142857142857,7567.058823529412,201.9714737047677,281.2857142857143,256.11764705882354,66.64761632575284,0.7779109110917697,0.8847029654322248,0.15280552333810077,0.036553024962317056,0.03409393512271881,0.008666761371187819,8.958005470452877,9.147868966472439,8.187625802261735,1.3322481648748248,1.3856826612966586,0.28247477397475745,28.90484272674385,32.2084707026753,7.673206414678208,-204.42857142857142,-207.58823529411765,80.02678123157094,0.8084471636890189
2023-02-14,154.0,225.0,220.0,7794,223.0,0.9777777777777777,0.02861175263022838,1.448051948051948,1.0227272727272727,24.545454545454547,34.95067264573991,False,-66.0,-3.0,-69.0,-289.0,-3309.0,-3598.0,2023,2,2023-02,Tuesday,1,False,High Inflow (2023-2024),96.57142857142857,54.388888888888886,65.69590840343393,165.57142857142858,87.38888888888889,100.89079433205183,132.42857142857142,70.44444444444444,81.83083596228083,7729.857142857143,7579.666666666667,197.63386060374933,264.2857142857143,254.27777777777777,63.69121939931299,0.7985458317266902,0.8898737883403113,0.17028979595593272,0.03419998280670922,0.03378936942869157,0.008187606307735601,6.111298605888868,8.720101354337965,6.425402278193699,1.3069234895501494,1.3655184730428038,0.30347328792209977,30.72904074046275,32.36081525506778,7.318020486948942,-167.71428571428572,-199.88888888888889,73.65621559134095,0.8058057965122667
2023-02-15,91.0,199.0,172.0,7869,290.0,0.864321608040201,0.036853475663997964,3.1868131868131866,1.1569767441860466,27.76744186046512,27.13448275862069,False,-81.0,-118.0,-199.0,-370.0,-3427.0,-3797.0,2023,2,2023-02,Wednesday,2,False,High Inflow (2023-2024),108.0,56.31578947368421,54.298557378012674,190.85714285714286,93.26315789473684,78.63720190730038,155.28571428571428,75.78947368421052,62.69426950345165,7751.142857142857,7594.894736842105,204.3064924498047,277.7142857142857,256.1578947368421,56.38473282049041,0.8440982692389268,0.8885289367455685,0.1289300645439819,0.035837822039241865,0.03395063817791823,0.007220853325389281,4.021103087121921,8.428875661310347,3.843475985205461,1.2103011196719657,1.3545425925766585,0.1968932643086999,28.978573262831304,32.08574512367582,6.295753873870534,-169.71428571428572,-199.8421052631579,74.39021953123115,0.8312334676474922
2023-02-16,81.0,213.0,153.0,7793,361.0,0.7183098591549296,0.046323623764917235,4.45679012345679,1.392156862745098,33.41176470588235,21.587257617728532,False,-72.0,-208.0,-280.0,-442.0,-3635.0,-4077.0,2023,2,2023-02,Thursday,3,False,High Inflow (2023-2024),117.28571428571429,57.55,39.47874654255667,218.42857142857142,99.25,22.65580972478623,174.28571428571428,79.65,21.445390225052098,7742.285714285715,7604.8,200.35943891392802,300.7142857142857,261.4,52.07275130595097,0.8038568205467739,0.8800179828660365,0.11541196093931759,0.03881812693463924,0.03456928745726817,0.006492977955707334,2.872073104758605,8.230271384417668,1.1321135782931646,1.266323528635551,1.3564233060850808,0.18233537021636326,26.45175292250681,31.56082074837846,4.860392597788961,-183.42857142857142,-203.85,85.48461292898885,0.8523960751342347
2023-02-20,209.0,285.0,184.0,7817,209.0,0.6456140350877193,0.02673659971856211,1.0,1.548913043478261,37.173913043478265,37.40191387559808,False,25.0,-25.0,0.0,-417.0,-3660.0,-4077.0,2023,2,2023-02,Monday,0,False,High Inflow (2023-2024),133.85714285714286,64.76190476190476,50.41636166771186,231.14285714285714,108.0952380952381,31.296584326028213,176.42857142857142,84.61904761904762,21.578207701731063,7728.285714285715,7614.9047619047615,189.40407799702763,285.2857142857143,258.9047619047619,61.575737336806775,0.772909554422279,0.8688558901146882,0.1257292083335001,0.036916135900841196,0.0341963023268536,0.007874791558780377,2.5279870832532287,7.885972747064446,1.2960269342727608,1.3219163471882358,1.3655894840561846,0.20262648212159576,28.227961439210098,31.838968040150824,6.289699652827433,-151.42857142857142,-194.14285714285714,106.98731567006305,0.822477427085735
2023-02-21,184.0,314.0,217.0,7967,213.0,0.6910828025477707,0.02673528304255052,1.1576086956521738,1.4470046082949308,34.72811059907834,37.4037558685446,False,-33.0,4.0,-29.0,-450.0,-3656.0,-4106.0,2023,2,2023-02,Tuesday,1,False,High Inflow (2023-2024),142.42857142857142,70.18181818181819,53.46917224861802,242.57142857142858,117.45454545454545,44.38414560349659,184.42857142857142,90.63636363636364,25.012377888138612,7736.714285714285,7630.909090909091,199.7637890824329,265.2857142857143,256.8181818181818,58.57961615247596,0.7733450707813622,0.8607752952252827,0.12539103154421805,0.034358556203978874,0.03385716508665801,0.007856026028682244,2.2866777264109124,7.580138017454797,1.3812322487413715,1.321000412792037,1.369290171521582,0.20194634195057348,30.37103137915192,32.09191294144145,6.525196911332169,-122.85714285714286,-186.63636363636363,109.49494443645729,0.8191235348556215
2023-02-22,107.0,215.0,230.0,7978,232.0,1.069767441860465,0.029079969917272498,2.1682242990654204,0.9347826086956522,22.434782608695652,34.38793103448276,False,-123.0,-2.0,-125.0,-573.0,-3658.0,-4231.0,2023,2,2023-02,Wednesday,2,False,High Inflow (2023-2024),144.57142857142858,71.78260869565217,51.37073467405721,244.28571428571428,121.69565217391305,42.80465039266294,192.57142857142858,96.69565217391305,29.54012605963362,7814.428571428572,7646.0,165.19670814199426,253.14285714285714,255.7391304347826,54.758343569507154,0.8044237412230755,0.8698619102963777,0.16793935360868673,0.03242113540312188,0.03364946094885864,0.007109583975598683,2.1041880300041096,7.344837421003085,1.2835177682969159,1.2869107276593763,1.3503985383552373,0.2462859399919378,31.933435226799975,32.19173981505194,5.86843984396306,-108.57142857142857,-183.95652173913044,100.06474094781035,0.8221561220196039
2023-02-23,101.0,162.0,178.0,7914,386.0,1.0987654320987654,0.04877432398281526,3.8217821782178216,0.9101123595505618,21.842696629213485,20.502590673575128,False,-77.0,-208.0,-285.0,-650.0,-3866.0,-4516.0,2023,2,2023-02,Thursday,3,False,High Inflow (2023-2024),132.42857142857142,73.0,49.972849771508095,230.42857142857142,123.375,51.967480674158644,193.42857142857142,100.08333333333333,28.9243677133839,7876.0,7657.166666666667,78.81624198094237,273.42857142857144,261.1666666666667,73.79895469642986,0.8665198509382327,0.8793995570381439,0.18671479624894133,0.03473071838862057,0.03427966357527349,0.009428061231612555,2.462752918751048,7.198043452553699,1.3727600473606996,1.2018104999539747,1.3320532809050425,0.26054578358669245,30.481229210612813,31.704691934157072,7.313596526153368,-141.0,-188.16666666666666,116.39444431186,0.7874622570393156
2023-02-26,99.0,190.0,176.0,7609,323.0,0.9263157894736842,0.04244973058220528,3.2626262626262625,1.0795454545454546,25.90909090909091,23.557275541795665,False,-77.0,-147.0,-224.0,-727.0,-4013.0,-4740.0,2023,2,2023-02,Sunday,6,True,High Inflow (2023-2024),124.57142857142857,74.04,50.338378807351184,225.42857142857142,126.04,54.2121054834839,187.14285714285714,103.12,26.897512719137953,7849.571428571428,7655.24,127.1139346450695,287.7142857142857,263.64,72.06875024519817,0.8591681383233621,0.8812762063355655,0.1825711665177,0.03670757238176013,0.03460646625555077,0.009381859951018994,2.7219778208330934,7.040626764956602,1.3195085791729937,1.209927383070858,1.321952967850659,0.25485989111107904,28.853601052906495,31.37879527846262,7.420165774585633,-163.14285714285714,-189.6,115.15124629724828,0.7996883036661183
2023-02-27,167.0,239.0,166.0,7800,248.0,0.694560669456067,0.031794871794871796,1.4850299401197604,1.4397590361445782,34.554216867469876,31.451612903225808,False,1.0,-82.0,-81.0,-726.0,-4095.0,-4821.0,2023,2,2023-02,Monday,0,False,High Inflow (2023-2024),135.42857142857142,77.61538461538461,50.0861163159917,231.14285714285714,130.3846153846154,53.05791983429865,186.28571428571428,105.53846153846153,27.548226111761885,7839.714285714285,7660.807692307692,128.02827068751958,281.7142857142857,263.03846153846155,73.57924137897015,0.8349165756684859,0.8740948395325078,0.19276301407866686,0.03598491468617067,0.03449832800706311,0.009561846728159502,2.4788659284483185,6.826949964001338,1.3751885773515942,1.2503248533506481,1.3264839704773481,0.26718174648983467,29.470333930707223,31.381595956338124,7.432865558907063,-146.28571428571428,-185.42307692307693,117.63745759141278,0.7929057644789081
2023-02-28,115.0,216.0,169.0,7896,200.0,0.7824074074074074,0.025329280648429583,1.7391304347826086,1.2781065088757397,30.674556213017752,39.48,False,-54.0,-31.0,-85.0,-780.0,-4126.0,-4906.0,2023,2,2023-02,Tuesday,1,False,High Inflow (2023-2024),140.28571428571428,79.0,45.353111931870394,231.57142857142858,133.55555555555554,52.89882526375911,188.57142857142858,107.88888888888889,24.858648011353683,7854.428571428572,7669.518518518518,127.68301524067704,258.7142857142857,260.7037037037037,69.72736021035614,0.8440733682759827,0.8706990087130597,0.18775810503568782,0.03298572281238672,0.034158733660447055,0.009057787121015405,2.0906288300662923,6.6385122036599045,1.074460322451702,1.2340319456550255,1.3246922126402514,0.2604847415719236,32.02643998531743,31.68153684684412,7.346197633541696,-118.42857142857143,-181.7037037037037,102.8556547511401,0.787702439457527
2023-03-01,84.0,158.0,193.0,7930,307.0,1.2215189873417722,0.03871374527112232,3.6547619047619047,0.8186528497409327,19.647668393782382,25.830618892508145,False,-109.0,-114.0,-223.0,-889.0,-4240.0,-5129.0,2023,3,2023-03,Wednesday,2,False,High Inflow (2023-2024),122.42857142857143,79.17857142857143,37.76178466323305,213.42857142857142,134.42857142857142,53.297458172215414,189.85714285714286,110.92857142857143,24.81550974309255,7870.571428571428,7678.821428571428,129.29534297214343,272.7142857142857,262.35714285714283,67.89627944081143,0.926345504312276,0.8832282936640851,0.2110358555183458,0.034696743605609606,0.0343214126465426,0.008808391850388234,2.4698805307465648,6.531949692984975,1.093694653475161,1.1297090608354072,1.3066193782509903,0.2595896251866212,30.373397844876017,31.472575491332123,7.236071209212991,-150.28571428571428,-183.17857142857142,94.23501522914985,0.8006630257934164
2023-03-02,130.0,227.0,192.0,7870,335.0,0.8458149779735683,0.042566709021601014,2.576923076923077,1.1822916666666667,28.375,23.492537313432837,False,-62.0,-143.0,-205.0,-951.0,-4383.0,-5334.0,2023,3,2023-03,Thursday,3,False,High Inflow (2023-2024),114.71428571428571,80.93103448275862,27.096828139804423,201.0,137.6206896551724,31.706991868251027,186.28571428571428,113.72413793103448,21.883892750257193,7856.714285714285,7685.413793103448,122.24390139622506,290.14285714285717,264.86206896551727,65.63390529146893,0.9484501008016757,0.8819381793299294,0.18926750399690082,0.03695837588833111,0.03460573321119979,0.008448601848983994,2.6726397280709793,6.395569464844909,0.9290344147781768,1.0918929263170838,1.3023322157825652,0.22226061535061126,28.386080908431474,31.19740176105973,6.885233798255787,-175.42857142857142,-183.93103448275863,78.6762504250958,0.8155194149207974
2023-03-07,88.0,214.0,160.0,7859,259.0,0.7476635514018691,0.03295584679984731,2.9431818181818183,1.3375,32.099999999999994,30.343629343629345,False,-72.0,-99.0,-171.0,-1023.0,-4482.0,-5505.0,2023,3,2023-03,Tuesday,1,False,High Inflow (2023-2024),112.0,81.16666666666667,28.8905982400273,200.85714285714286,140.16666666666666,31.63557370760845,176.28571428571428,115.26666666666667,12.605743211122428,7839.714285714285,7691.2,110.2523080419185,294.0,264.6666666666667,62.359174679165335,0.9024352593075905,0.877462358398994,0.19395399374143993,0.03751207258584179,0.034550736997488035,0.007959042419845932,2.7833479450876077,6.280489876622807,0.9047645730014566,1.1494239822177048,1.3035044752564795,0.2268880461097094,27.808323524023844,31.168942680478718,6.453833905952902,-182.0,-183.5,75.62407024221855,0.8250103291565088
2023-03-08,113.0,208.0,159.0,7885,291.0,0.7644230769230769,0.03690551680405834,2.575221238938053,1.3081761006289307,31.39622641509434,27.096219931271477,False,-46.0,-132.0,-178.0,-1069.0,-4614.0,-5683.0,2023,3,2023-03,Wednesday,2,False,High Inflow (2023-2024),113.71428571428571,83.83333333333333,28.48224175232871,207.42857142857142,145.33333333333334,26.59484375373763,173.57142857142858,119.43333333333334,14.12866050335434,7835.571428571428,7735.166666666667,107.50636747475812,280.42857142857144,259.8333333333333,47.58801369692832,0.8546720657110637,0.8815594798310211,0.17806435036716156,0.03581652870316223,0.03356749820845081,0.006238104111381136,2.6052678109047838,5.925926544183368,0.7804461251204307,1.206290230943186,1.2951495609637185,0.20581743668139582,28.75027056083761,31.570162243937002,5.639656343213854,-166.71428571428572,-176.0,60.67046037327201,0.854921928174086
2023-03-09,174.0,285.0,150.0,7786,340.0,0.5263157894736842,0.043668122270742356,1.9540229885057472,1.9,45.599999999999994,22.9,False,24.0,-190.0,-166.0,-1045.0,-4804.0,-5849.0,2023,3,2023-03,Thursday,3,False,High Inflow (2023-2024),124.42857142857143,88.56666666666666,35.31221291497295,221.0,153.2,38.00877091760098,169.85714285714286,123.13333333333334,16.58743069745446,7860.857142857143,7757.3,51.6282499265157,282.85714285714283,263.6,50.46922683321834,0.7975292085682064,0.872572727235246,0.21215927796620013,0.035990584658667536,0.03396066663872426,0.006466835180098772,2.418324486030424,5.754602310466893,0.752987600931483,1.3234980231509783,1.31660255241671,0.3222758246476079,28.6563740548668,31.28768059929677,5.745013700414295,-158.42857142857142,-175.03333333333333,55.262576676738384,0.8485891563871738
2023-03-13,104.0,230.0,206.0,7567,249.0,0.8956521739130435,0.032906039381525046,2.394230769230769,1.116504854368932,26.796116504854368,30.389558232931726,False,-102.0,-43.0,-145.0,-1147.0,-4847.0,-5994.0,2023,3,2023-03,Monday,0,False,High Inflow (2023-2024),115.42857142857143,90.96666666666667,30.330716789294357,219.71428571428572,159.2,37.446469729977196,175.57142857142858,128.7,21.2670099987213,7827.571428571428,7766.866666666667,123.07566391296788,283.0,265.8666666666667,50.35540354983421,0.8262565663477746,0.8764277996990141,0.20949070148379897,0.036149322885332284,0.03422878003935386,0.0063594257057073295,2.5482103187605682,5.645868336107919,0.6342175565074798,1.277318854325886,1.3110843381606319,0.3259785734932779,28.504651959110504,30.95996605788989,5.672455736907106,-167.57142857142858,-174.9,44.57898287630306,0.8489437908802147
2023-03-14,147.0,276.0,214.0,7810,181.0,0.7753623188405797,0.023175416133162614,1.2312925170068028,1.2897196261682242,30.95327102803738,43.149171270718234,False,-67.0,33.0,-34.0,-1214.0,-4814.0,-6028.0,2023,3,2023-03,Tuesday,1,False,High Inflow (2023-2024),120.0,94.3,32.583226768794226,228.28571428571428,167.0,42.9213011829569,182.0,134.26666666666668,25.357444666211872,7815.285714285715,7779.433333333333,119.34224494524258,280.2857142857143,266.06666666666666,55.793411456055914,0.825250125123942,0.864971623025446,0.2097532317077347,0.035841627954579854,0.03421650535491868,0.006990946300409161,2.475662044792596,5.56279794483084,0.7589697981937938,1.278977871081955,1.3242877583236858,0.32601280001627025,29.02881928349882,30.982462243104305,6.893728382676559,-160.28571428571428,-171.76666666666668,61.3398029714103,0.8339872750712719
2023-03-15,108.0,220.0,213.0,7915,286.0,0.9681818181818181,0.0361339229311434,2.6481481481481484,1.0328638497652582,24.7887323943662,27.674825174825173,False,-105.0,-73.0,-178.0,-1319.0,-4887.0,-6206.0,2023,3,2023-03,Wednesday,2,False,High Inflow (2023-2024),123.42857142857143,97.23333333333333,29.25666387256727,237.14285714285714,173.6,30.63999875668284,184.85714285714286,140.0,27.81143992094238,7813.142857142857,7792.0,117.05188104913869,277.2857142857143,269.6,54.67087672522502,0.7890591009582343,0.8351231381769612,0.14036288408791758,0.03547308190601144,0.03462500235259692,0.00688144335871432,2.3318600795620594,5.351069549769112,0.5702240593345681,1.3095794425140015,1.3408303744540726,0.2827908142202112,29.292277323829826,30.509030489672554,6.78552244877537,-153.85714285714286,-172.36666666666667,55.777619679786135,0.8353071509779921
2023-03-16,180.0,280.0,146.0,7989,308.0,0.5214285714285715,0.03855301038928527,1.711111111111111,1.917808219178082,46.02739726027397,25.93831168831169,False,34.0,-162.0,-128.0,-1285.0,-5049.0,-6334.0,2023,3,2023-03,Thursday,3,False,High Inflow (2023-2024),130.57142857142858,102.46666666666667,36.367829844782456,244.71428571428572,181.43333333333334,34.07205250501888,178.28571428571428,144.5,31.084370594208476,7830.142857142857,7809.233333333334,134.08756911240857,273.42857142857144,269.76666666666665,50.730849072522304,0.7427181857375204,0.8443559424097654,0.1691069401162882,0.03489969638710919,0.03455838963680793,0.006337594093045175,2.2081726558746357,4.96897615202354,0.6012648092108674,1.4146532357299182,1.2683936787297057,0.3550306137928188,29.641673663098235,30.551638679062922,6.493810464585807,-142.85714285714286,-167.3,51.43419281447119,0.8435003092179112
2023-03-19,134.0,294.0,186.0,7885,306.0,0.6326530612244898,0.03880786303107166,2.283582089552239,1.5806451612903225,37.935483870967744,25.76797385620915,False,-52.0,-120.0,-172.0,-1337.0,-5169.0,-6506.0,2023,3,2023-03,Sunday,6,True,High Inflow (2023-2024),137.14285714285714,105.8,31.17920552456171,256.14285714285717,189.43333333333334,35.44210570977489,182.0,149.73333333333332,30.072135496724044,7833.857142857143,7813.966666666666,135.37408488016308,280.14285714285717,273.43333333333334,51.605647531475135,0.7262881157121804,0.8475431432160139,0.17406090301874946,0.03573569870585552,0.03500821220105774,0.00642382945873727,2.113944123213267,4.852938692263518,0.5119263007197673,1.4493882587713927,1.259012885255475,0.3581050742376335,28.98800859346678,30.09373440624268,6.640021440144267,-143.0,-167.63333333333333,51.526692111953096,0.8444434660462603
2023-03-20,202.0,313.0,158.0,7931,279.0,0.5047923322683706,0.03517841381919052,1.381188118811881,1.981012658227848,47.54430379746835,28.42652329749104,False,44.0,-121.0,-77.0,-1293.0,-5290.0,-6583.0,2023,3,2023-03,Monday,0,False,High Inflow (2023-2024),149.85714285714286,111.66666666666667,37.248841464885764,271.14285714285717,198.66666666666666,33.85473168026675,181.85714285714286,153.8,30.201702884818502,7840.428571428572,7818.233333333334,139.3291751487023,278.42857142857144,277.46666666666664,51.38371059281047,0.6891980093329367,0.8310362209582929,0.1913807560146701,0.035488969708017265,0.03550587191753919,0.006404548841293027,1.9433679631952427,4.696414193659811,0.5311767477562122,1.5455077669998096,1.2917133071964033,0.40154833138409834,29.178051931498143,29.395082651180147,6.595742243502355,-128.57142857142858,-165.8,54.165970691499574,0.8442031622416074
2023-03-21,110.0,272.0,193.0,8050,221.0,0.7095588235294118,0.02745341614906832,2.0090909090909093,1.4093264248704662,33.82383419689119,36.425339366515836,False,-83.0,-28.0,-111.0,-1376.0,-5318.0,-6694.0,2023,3,2023-03,Tuesday,1,False,High Inflow (2023-2024),140.71428571428572,114.5,38.17815381303071,269.2857142857143,206.66666666666666,33.320235521948156,188.0,159.33333333333334,26.826603710993,7878.142857142857,7823.133333333333,156.77843024623877,261.42857142857144,277.1333333333333,47.12698145385903,0.7153755856266121,0.8265631817426067,0.17741037612489832,0.033172583119206685,0.03544667223735903,0.005862615055241997,1.951234808993123,4.455383890629507,0.531768306275453,1.4754115419813048,1.2991846818525794,0.3710194568073881,31.110243269571836,29.468856589659968,6.429082231016309,-120.71428571428571,-162.63333333333333,51.76779657185316,0.8472658131943719
2023-03-22,166.0,277.0,229.0,8097,246.0,0.8267148014440433,0.030381622823267878,1.4819277108433735,1.2096069868995634,29.03056768558952,32.91463414634146,False,-63.0,-17.0,-80.0,-1439.0,-5335.0,-6774.0,2023,3,2023-03,Wednesday,2,False,High Inflow (2023-2024),149.57142857142858,119.53333333333333,35.326369484457125,276.0,215.46666666666667,28.46635440890409,191.28571428571428,166.2,30.54894589405814,7953.857142857143,7830.4,98.6887845222267,261.0,275.4,47.27226106996215,0.7055273895596121,0.7951459828163825,0.16736413060295297,0.03281195218231281,0.035198657710238536,0.005958601105637064,1.8209058006520664,3.842559258768731,0.5166832311379813,1.4887118466285378,1.3206643350390865,0.3574288713252957,31.470968400058943,29.684691150690142,6.452701904045002,-111.42857142857143,-155.86666666666667,52.50986301911027,0.8466541851482584
2023-03-23,136.0,276.0,178.0,8102,331.0,0.644927536231884,0.040854110096272524,2.4338235294117645,1.550561797752809,37.21348314606742,24.477341389728096,False,-42.0,-153.0,-195.0,-1481.0,-5488.0,-6969.0,2023,3,2023-03,Thursday,3,False,High Inflow (2023-2024),148.0,123.53333333333333,35.70247423732239,276.0,224.06666666666666,28.46635440890409,186.14285714285714,171.63333333333333,29.082804607009972,7995.571428571428,7847.6,88.98287689747141,282.42857142857144,275.03333333333336,38.06510713176001,0.6868938491869413,0.7888657895796675,0.16554429234237106,0.03533747989132851,0.03505769312279818,0.0048338219564516985,1.9926959452813466,3.211186709749123,0.48703365891039113,1.5259750139977641,1.3323497282975134,0.34666027930691473,28.803564131346064,29.76122631202416,4.331074711064138,-134.42857142857142,-151.5,48.009919609934684,0.8812297724474636
2023-03-26,87.0,246.0,173.0,7847,352.0,0.7032520325203252,0.04485790748056582,4.045977011494253,1.4219653179190752,34.127167630057805,22.292613636363637,False,-86.0,-179.0,-265.0,-1567.0,-5667.0,-7234.0,2023,3,2023-03,Sunday,6,True,High Inflow (2023-2024),145.0,126.06666666666666,40.22022708372827,279.7142857142857,231.53333333333333,20.532204669041942,180.42857142857142,177.0,26.763514610112612,7985.857142857143,7851.833333333333,102.00396817677102,291.85714285714283,280.23333333333335,46.36603847439963,0.6490467369495853,0.7941257058151936,0.11221060384427048,0.03658376339838886,0.03570667000427472,0.006046027210029387,2.1923857829022184,2.7521132161928716,0.9064972915341016,1.5815609380197382,1.3186374611170382,0.2790074453716531,28.0346767687087,29.191388263168253,4.992149824108776,-146.85714285714286,-154.16666666666666,68.18951183143588,0.8629128899685045
2023-03-27,84.0,171.0,157.0,7994,235.0,0.9181286549707602,0.02939704778583938,2.7976190476190474,1.089171974522293,26.14012738853503,34.01702127659574,False,-73.0,-78.0,-151.0,-1640.0,-5745.0,-7385.0,2023,3,2023-03,Monday,0,False,High Inflow (2023-2024),131.28571428571428,128.33333333333334,42.59387391677467,264.14285714285717,236.56666666666666,45.91814663590191,182.0,181.56666666666666,24.644133852365965,7986.571428571428,7856.466666666666,102.04714130056382,281.42857142857144,281.4,50.18252399277762,0.7057181774556122,0.7913966609808855,0.13489776063274955,0.03527576874075373,0.03583785528056485,0.006520757465716535,2.347601202403353,2.4287005177801726,0.9033699175132828,1.4631843316403397,1.3216098602677813,0.28820260181548335,29.188778138463565,29.016122305721446,5.347887568270045,-150.14285714285714,-153.06666666666666,67.68167790332575,0.8486705520844678
2023-03-28,167.0,209.0,157.0,8079,223.0,0.7511961722488039,0.02760242604282708,1.3353293413173652,1.3312101910828025,31.94904458598726,36.228699551569505,False,10.0,-66.0,-56.0,-1630.0,-5811.0,-7441.0,2023,3,2023-03,Tuesday,1,False,High Inflow (2023-2024),136.0,130.8,44.71763261473788,252.0,237.0,47.9026791178392,177.85714285714286,181.16666666666666,26.24518096355064,8014.285714285715,7861.933333333333,96.03074904374563,269.57142857142856,278.26666666666665,53.12832622640242,0.7226529076019428,0.7876950367905394,0.13159703400091163,0.03367499202814736,0.03542291825015414,0.006874939551964013,2.2121365240840847,2.3595914241394973,0.9822257350561003,1.427550764467837,1.327324756183559,0.2866752831070552,30.683167523515042,29.39146381548459,5.683684291948894,-133.57142857142858,-147.46666666666667,75.21936174252207,0.8353629792508305
2023-03-29,109.0,245.0,159.0,8208,267.0,0.6489795918367347,0.03252923976608187,2.44954128440367,1.5408805031446542,36.9811320754717,30.741573033707866,False,-50.0,-108.0,-158.0,-1680.0,-5919.0,-7599.0,2023,3,2023-03,Wednesday,2,False,High Inflow (2023-2024),122.71428571428571,130.3,34.48533159530435,242.28571428571428,237.36666666666667,39.65566073805138,178.0,181.1,26.1215109312867,8053.857142857143,7871.933333333333,111.77272859307338,267.85714285714283,275.4,52.966746081632984,0.7432510875402805,0.786393216917291,0.0990801091716384,0.033296538591988986,0.03501928154500398,0.006851260774483031,2.3647584048829122,2.3463503271680066,0.9120888175087409,1.364674742313095,1.33024023465277,0.16928580879544808,31.013888914403164,29.669440706976456,5.597185816034642,-145.14285714285714,-145.1,71.18854910594494,0.8349039834382754
2023-03-30,156.0,256.0,176.0,8158,359.0,0.6875,0.04400588379504781,2.301282051282051,1.4545454545454546,34.90909090909091,22.724233983286908,False,-20.0,-183.0,-203.0,-1700.0,-6102.0,-7802.0,2023,3,2023-03,Thursday,3,False,High Inflow (2023-2024),129.28571428571428,132.43333333333334,36.00793563329381,240.0,239.13333333333333,38.08761828556189,175.57142857142858,181.2,25.270913074502175,8069.285714285715,7896.066666666667,118.40849390381318,287.57142857142856,276.8,58.05703271455606,0.7400998270360788,0.7809026586250085,0.1006683583267116,0.03566117682712891,0.035064747154063186,0.007337643151511437,2.4064999966245035,2.3082046564136403,0.8997008227444846,1.3711346036952359,1.339611402983476,0.17211283791725418,29.05658814537046,29.64521170305448,5.781988313337572,-158.28571428571428,-144.36666666666667,72.31808046335834,0.832024734020623
2023-04-02,125.0,232.0,192.0,7981,304.0,0.8275862068965517,0.03809046485402832,2.432,1.2083333333333333,29.0,26.25328947368421,False,-67.0,-112.0,-179.0,-1767.0,-6214.0,-7981.0,2023,4,2023-04,Sunday,6,True,High Inflow (2023-2024),123.42857142857143,130.4,32.17067579259693,233.57142857142858,238.23333333333332,34.42313729096148,170.28571428571428,181.86666666666667,13.237752650585852,8052.714285714285,7912.666666666667,121.94768589537104,295.85714285714283,278.8,55.20395085930148,0.7402243135292943,0.7863524433851381,0.10079377841279101,0.0367624399743804,0.035247521213053315,0.00698312642869735,2.5422246093611642,2.3455437245139987,0.8034962733477783,1.3709526531857745,1.3296953823116413,0.17231261549744914,28.104967477847993,29.49805359261444,5.586042492476399,-172.42857142857142,-148.4,63.6130414900833,0.842751156857358
2023-04-03,118.0,139.0,168.0,8054,284.0,1.20863309352518,0.03526198162403774,2.406779661016949,0.8273809523809523,19.857142857142854,28.359154929577464,False,-50.0,-116.0,-166.0,-1817.0,-6330.0,-8147.0,2023,4,2023-04,Monday,0,False,High Inflow (2023-2024),120.85714285714286,129.2,31.71450021377485,214.0,235.36666666666667,43.91658760271193,168.85714285714286,180.13333333333333,12.798809468443595,8045.857142857143,7921.333333333333,120.04919626472943,289.14285714285717,280.8333333333333,53.03278411017259,0.8207536788569081,0.7940476205767182,0.19403039850061515,0.03596356447834686,0.03546919551284697,0.006753104530295882,2.5383611995904767,2.3775013149461652,0.8041690976876882,1.267641103846938,1.3231838383000973,0.2472002023575357,28.65951226925505,29.278336335409026,5.35374518619417,-168.28571428571428,-151.63333333333333,62.83765931805098,0.8450129766222714
2023-04-04,142.0,235.0,139.0,8068,259.0,0.5914893617021276,0.03210213187902826,1.823943661971831,1.6906474820143884,40.57553956834532,31.15057915057915,False,3.0,-120.0,-117.0,-1814.0,-6450.0,-8264.0,2023,4,2023-04,Tuesday,1,False,High Inflow (2023-2024),128.71428571428572,130.9,28.587376501492695,212.42857142857142,236.56666666666666,42.76235549661702,164.0,179.03333333333333,16.792855623746608,8077.428571428572,7927.966666666666,82.09721299136949,275.85714285714283,279.8,45.820041362663346,0.8047875830257369,0.7849532123654492,0.20930752891772053,0.03414131082098435,0.035310817386681306,0.005570511501322205,2.220927863944416,2.332072330784787,0.48515756027537,1.3060242701462683,1.3409728628943753,0.29196266913450497,29.924935914142974,29.41220621514098,4.590469513216282,-147.14285714285714,-148.9,48.02578672417767,0.8575589329600886
2023-04-05,148.0,245.0,175.0,8175,260.0,0.7142857142857143,0.031804281345565746,1.7567567567567568,1.4,33.599999999999994,31.442307692307693,False,-27.0,-85.0,-112.0,-1841.0,-6535.0,-8376.0,2023,4,2023-04,Wednesday,2,False,High Inflow (2023-2024),137.85714285714286,133.13333333333333,21.177256443557376,223.0,237.63333333333333,39.86226285598953,166.57142857142858,179.76666666666668,16.919979736563285,8103.285714285715,7940.7,79.91602735727801,279.42857142857144,276.43333333333334,42.991693549867314,0.7756671629278732,0.784819074203142,0.20504724966005242,0.03448520132951669,0.03482683930603625,0.005296373611058481,2.072233250964089,2.242071218561452,0.43596227468063486,1.3504282737859408,1.3412343008028722,0.27672420443418505,29.55711968781611,29.740707884293613,4.302028497808407,-141.57142857142858,-143.3,49.735490825154805,0.8666594559348113
2023-04-06,119.0,219.0,210.0,8178,284.0,0.958904109589041,0.0347273171924676,2.3865546218487395,1.042857142857143,25.028571428571432,28.795774647887324,False,-91.0,-74.0,-165.0,-1932.0,-6609.0,-8541.0,2023,4,2023-04,Thursday,3,False,High Inflow (2023-2024),131.0,130.13333333333333,17.644640357154774,224.42857142857142,235.43333333333334,39.45401180639365,174.14285714285714,180.63333333333333,22.770072254522777,8117.428571428572,7952.733333333334,83.57802171793388,288.14285714285717,278.93333333333334,35.10664026186748,0.8053397254050499,0.7952620766865194,0.2156694886657476,0.03550304292232248,0.035093196555166434,0.004353991549050317,2.2224082910399994,2.2882897059564105,0.2995222259916201,1.309234981182275,1.3243657707821683,0.3005024032925839,28.495273273004376,29.453836576703257,3.1417017391476034,-157.14285714285714,-148.8,32.58541888344438,0.891394602176559
2023-04-09,105.0,210.0,149.0,7900,329.0,0.7095238095238096,0.04164556962025316,3.1333333333333333,1.4093959731543624,33.8255033557047,24.012158054711247,False,-44.0,-180.0,-224.0,-1976.0,-6789.0,-8765.0,2023,4,2023-04,Sunday,6,True,High Inflow (2023-2024),130.42857142857142,127.5,18.518973539383396,219.42857142857142,231.96666666666667,38.621484275193914,172.71428571428572,178.36666666666667,24.150322880617825,8073.428571428572,7950.5,106.01235327836547,297.0,282.8,36.669696844487916,0.8139888993603464,0.7958767769190539,0.20947892135167479,0.036805375758632665,0.03559020610775653,0.004668298900781249,2.320092869458523,2.3541471938791156,0.4563771249662918,1.2904514768979476,1.323112149610816,0.28743492090759326,27.533928276004854,29.007449982908813,3.3616689537921776,-166.57142857142858,-155.3,41.2668436029749,0.8901018066930472
2023-04-10,143.0,203.0,163.0,7826,265.0,0.8029556650246306,0.03386148734985944,1.8531468531468531,1.2453987730061349,29.889570552147237,29.532075471698114,False,-20.0,-102.0,-122.0,-1996.0,-6891.0,-8887.0,2023,4,2023-04,Monday,0,False,High Inflow (2023-2024),128.57142857142858,128.7,16.00892608158697,211.85714285714286,231.56666666666666,35.310190084585045,170.85714285714286,176.13333333333333,24.35452436700119,8026.0,7945.433333333333,132.7616912616919,283.57142857142856,283.9,25.773740789526485,0.8304825657924363,0.7869830510245261,0.202281369349672,0.035356176266462896,0.035749590022176085,0.0034851111069401698,2.256073555439209,2.3436446123484966,0.48967266421071787,1.2605733795351877,1.3334660217544987,0.27825857586562036,28.5064770600636,28.84558813081599,2.647117425741176,-155.0,-155.2,40.70217029430589,0.9166829052389281
2023-04-11,119.0,209.0,152.0,7922,187.0,0.7272727272727273,0.023605150214592276,1.5714285714285714,1.375,33.0,42.36363636363637,False,-33.0,-35.0,-68.0,-2029.0,-6926.0,-8955.0,2023,4,2023-04,Tuesday,1,False,High Inflow (2023-2024),127.71428571428571,129.3,16.388149028228593,208.57142857142858,233.13333333333333,34.17531830067404,165.14285714285714,175.26666666666668,23.233801320694845,8017.571428571428,7945.7,137.86933082071064,266.85714285714283,277.26666666666665,42.69827698096086,0.8161520687033186,0.7745999608636583,0.2060391767603646,0.03328684560368632,0.034910617563235324,0.005377598131982431,2.1331347799290046,2.2686328254555215,0.5432413446187032,1.2843829033447116,1.3489622764361466,0.28016756454312347,30.80795518719962,29.57428965381803,5.655525066566266,-139.14285714285714,-147.96666666666667,50.28726999758024,0.8620658071395038
2023-04-12,155.0,212.0,181.0,7876,283.0,0.8537735849056604,0.035931945149822245,1.8258064516129033,1.171270718232044,28.110497237569056,27.830388692579504,False,-26.0,-102.0,-128.0,-2055.0,-7028.0,-9083.0,2023,4,2023-04,Wednesday,2,False,High Inflow (2023-2024),133.0,131.16666666666666,18.55622087962242,219.0,233.86666666666667,15.37313674346703,167.0,175.43333333333334,24.006943440041074,7992.142857142857,7954.6,146.194423709688,266.7142857142857,275.93333333333334,42.6329852176859,0.7654578531862443,0.7721818873780575,0.11839028210994627,0.033382554678798394,0.03469335804882256,0.005424368438433989,2.050138607156998,2.2207388317550762,0.5388286027107242,1.3335100127520103,1.3520197852256997,0.2073694201248161,30.73241715334277,29.71672675884416,5.6970624043975135,-133.71428571428572,-144.76666666666668,48.93776416945069,0.8621840590697782
2023-04-13,109.0,214.0,173.0,7795,370.0,0.8084112149532711,0.04746632456703015,3.3944954128440368,1.2369942196531791,29.687861271676297,21.06756756756757,False,-64.0,-197.0,-261.0,-2119.0,-7225.0,-9344.0,2023,4,2023-04,Thursday,3,False,High Inflow (2023-2024),128.28571428571428,129.23333333333332,20.02260627153127,216.0,233.03333333333333,13.686976778431994,171.85714285714286,175.66666666666666,20.59472886791314,7953.142857142857,7954.433333333333,158.48283668526358,282.57142857142856,280.0,57.37844294058269,0.7964466893649791,0.7759769055612976,0.09032843117597653,0.03557743934851294,0.0352157398078945,0.00752255606448954,2.274503142995885,2.2843876808458856,0.7240824690334536,1.2687024038432662,1.3452609580093198,0.1356345590035309,29.29198692719826,29.370591914322215,6.750922204195373,-154.28571428571428,-150.76666666666668,67.49003453773581,0.8312149885941188
2023-04-16,191.0,283.0,192.0,7380,272.0,0.6784452296819788,0.03685636856368564,1.4240837696335078,1.4739583333333333,35.375,27.13235294117647,False,-1.0,-80.0,-81.0,-2120.0,-7305.0,-9425.0,2023,4,2023-04,Sunday,6,True,High Inflow (2023-2024),134.42857142857142,131.76666666666668,30.783421635988574,221.42857142857142,235.26666666666668,27.58536534020137,174.28571428571428,176.43333333333334,21.982677162668175,7839.571428571428,7937.233333333334,237.93686637625376,284.2857142857143,282.4,56.76769705185702,0.7913266201358741,0.7725114996371166,0.09656238550909814,0.03629916609395865,0.035599976071736365,0.007340365688175971,2.2269784305497065,2.2738861253409155,0.7729935460968429,1.2792678800337425,1.351789352157906,0.14971636205442382,28.676279105608085,28.9590036790281,6.718583312379886,-149.85714285714286,-150.63333333333333,71.61803444065515,0.8335518861130261
2023-04-17,170.0,297.0,196.0,7344,248.0,0.6599326599326599,0.03376906318082789,1.4588235294117646,1.5153061224489797,36.36734693877551,29.612903225806452,False,-26.0,-52.0,-78.0,-2146.0,-7357.0,-9503.0,2023,4,2023-04,Monday,0,False,High Inflow (2023-2024),141.71428571428572,134.63333333333333,32.5100716994713,232.57142857142858,239.9,39.58474934810603,172.28571428571428,176.53333333333333,18.56263528089227,7720.428571428572,7917.7,248.7889715822463,279.14285714285717,280.43333333333334,58.404990002078144,0.7486164130421054,0.7537919553901463,0.07343794551383188,0.036162272663724404,0.035435153335393224,0.007383374834948803,2.0944454173444242,2.200688179495911,0.819222856129725,1.3467605914040048,1.3750111279148411,0.1306567302860134,28.793011759596535,29.08507982347137,6.728097431947847,-137.42857142857142,-145.8,75.96897863131846,0.826972707732897
2023-04-18,152.0,272.0,214.0,7376,234.0,0.7867647058823529,0.03172451193058568,1.5394736842105263,1.2710280373831775,30.504672897196258,31.521367521367523,False,-62.0,-20.0,-82.0,-2208.0,-7377.0,-9585.0,2023,4,2023-04,Tuesday,1,False,High Inflow (2023-2024),148.42857142857142,135.36666666666667,28.236248233179236,241.42857142857142,241.4,40.61550255283129,181.57142857142858,177.26666666666668,21.062265965917465,7645.571428571428,7901.233333333334,264.11352176848504,265.57142857142856,277.06666666666666,55.87145109641458,0.7596508268076116,0.7518236129871058,0.07238041129396722,0.034744978708057615,0.035073746765692713,0.007102246867879843,1.866751181755452,2.1661065330721594,0.6943281400244413,1.3269937434366927,1.3779690069387247,0.13006678909683092,29.865755969118858,29.3527074970692,6.430858837984852,-117.14285714285714,-141.7,67.48438972935045,0.8261854449719083
2023-04-19,239.0,367.0,224.0,7356,229.0,0.6103542234332425,0.0311310494834149,0.9581589958158996,1.6383928571428572,39.32142857142857,32.122270742358076,False,15.0,-5.0,10.0,-2193.0,-7382.0,-9575.0,2023,4,2023-04,Wednesday,2,False,High Inflow (2023-2024),162.14285714285714,140.4,44.047052763412694,264.85714285714283,246.5,58.233520047674,190.28571428571428,179.4,24.44527415619276,7578.428571428572,7884.466666666666,270.2701470398688,260.42857142857144,276.06666666666666,57.56404300966922,0.732136335151699,0.7472466353881515,0.0880798687206121,0.0343549161557084,0.0350129201884783,0.007232638399774474,1.7388957735653159,2.0999391056599617,0.774970433946575,1.3831357554562245,1.387998768843487,0.1682024613266056,30.235783864927424,29.41199554369349,6.482768751419406,-98.28571428571429,-135.66666666666666,82.64122112221861,0.8189767925542526
2023-04-20,113.0,280.0,237.0,7490,320.0,0.8464285714285714,0.042723631508678236,2.831858407079646,1.1814345991561181,28.354430379746837,23.40625,False,-124.0,-83.0,-207.0,-2317.0,-7465.0,-9782.0,2023,4,2023-04,Thursday,3,False,High Inflow (2023-2024),161.28571428571428,140.4,45.0729567320742,275.0,248.9,52.814139520902195,202.42857142857142,182.0,23.344215149633488,7516.714285714285,7871.3,224.12549630784596,279.42857142857144,277.03333333333336,50.84570497382947,0.7491585986025339,0.749980151871668,0.09794482976288424,0.03708612776914925,0.035206857345298964,0.006001772794486756,1.9189571786583264,2.1084936779313486,0.8701572969092664,1.3554835553356699,1.3837740521277262,0.184849968313664,27.52758581297937,29.28899654598444,4.090132717243669,-118.14285714285714,-136.63333333333333,90.47914782134166,0.8460500601873097
2023-04-23,196.0,306.0,187.0,7534,266.0,0.6111111111111112,0.03530661003451022,1.3571428571428572,1.6363636363636365,39.27272727272727,28.32330827067669,False,9.0,-79.0,-70.0,-2308.0,-7544.0,-9852.0,2023,4,2023-04,Sunday,6,True,High Inflow (2023-2024),167.14285714285714,141.13333333333333,46.7526418912293,288.42857142857144,249.6,45.58090661251743,203.28571428571428,183.23333333333332,22.521946968192868,7467.857142857143,7862.9,161.1918407482521,277.0,274.56666666666666,51.052260805309366,0.7144925309175983,0.7528066625929155,0.09768981332600446,0.03699679418124753,0.034928140270757885,0.006026418816061694,1.852005236591177,2.0885976735525853,0.8961605756663164,1.4219254007830402,1.3749861733398476,0.1910823049075625,27.598002895564687,29.46977348834033,4.100444865197624,-109.85714285714286,-133.43333333333334,92.06778041462819,0.8443776589742585
2023-04-24,236.0,330.0,222.0,7796,213.0,0.6727272727272727,0.027321703437660338,0.902542372881356,1.4864864864864864,35.67567567567568,36.60093896713615,False,14.0,9.0,23.0,-2294.0,-7535.0,-9829.0,2023,4,2023-04,Monday,0,False,High Inflow (2023-2024),185.28571428571428,145.53333333333333,45.0396650583842,305.0,252.93333333333334,33.49626844888823,210.28571428571428,183.76666666666668,18.856601723837326,7468.0,7870.533333333334,161.53018293805144,254.57142857142858,273.3666666666667,35.505197473314404,0.6951091105995986,0.7453758325533898,0.08902564842426015,0.034118991162766135,0.034741995739295733,0.004897795514056131,1.4960119451679366,2.0388747270076046,0.6394930134138174,1.4575671531877983,1.3873188944104327,0.17327768365856572,29.81705595264591,29.676819512813815,4.179688696538152,-69.28571428571429,-127.83333333333333,75.43587626965981,0.8776006258848381
2023-04-25,81.0,230.0,242.0,8017,202.0,1.0521739130434782,0.025196457527753523,2.493827160493827,0.9504132231404959,22.8099173553719,39.68811881188119,False,-161.0,40.0,-121.0,-2455.0,-7495.0,-9950.0,2023,4,2023-04,Tuesday,1,False,High Inflow (2023-2024),169.57142857142858,143.33333333333334,59.561892579224285,297.42857142857144,251.4,43.72587770362497,217.42857142857142,184.7,20.19783109525319,7559.0,7877.433333333333,255.68274612626254,244.57142857142858,274.06666666666666,39.42020270054923,0.7484989225083841,0.7546028856934865,0.16063295664942775,0.0324532895862044,0.0348093637857821,0.005724608350836391,1.6488324295765537,2.080959215123839,0.7394469468851322,1.3827749945888215,1.376008680976175,0.25753003157724697,31.61073679131801,29.561451097519242,5.36233780879599,-75.0,-130.73333333333332,77.94442464559818,0.8611923790712107
2023-04-26,118.0,245.0,160.0,8117,256.0,0.6530612244897959,0.03153874584205987,2.169491525423729,1.53125,36.75,31.70703125,False,-42.0,-96.0,-138.0,-2497.0,-7591.0,-10088.0,2023,4,2023-04,Wednesday,2,False,High Inflow (2023-2024),162.14285714285714,143.66666666666666,62.66160060576329,290.0,252.23333333333332,48.01735797257753,212.28571428571428,182.93333333333334,29.158842487967377,7669.428571428572,7884.166666666667,308.7662854775746,245.71428571428572,273.06666666666666,39.65145766851583,0.7475172888736893,0.7440988659037525,0.16128406961834318,0.03213467282352325,0.03465619121614598,0.005701189323878103,1.7503564290068343,2.0650039943663585,0.7575754503976033,1.3850526913818244,1.3926215526506662,0.258964062836997,31.909897937631374,29.695857966691737,5.290233967430009,-83.57142857142857,-129.4,81.54519634913541,0.8610503937912207
2023-04-27,218.0,283.0,208.0,8159,310.0,0.734982332155477,0.03799485231033215,1.4220183486238531,1.3605769230769231,32.65384615384615,26.31935483870968,False,10.0,-102.0,-92.0,-2487.0,-7693.0,-10180.0,2023,4,2023-04,Thursday,3,False,High Inflow (2023-2024),171.57142857142858,144.93333333333334,65.7694385533209,291.57142857142856,252.33333333333334,47.507392908392355,211.42857142857142,185.0,29.18822332640987,7781.285714285715,7889.833333333333,326.091865525506,256.57142857142856,273.1333333333333,45.83251081513045,0.740119806912707,0.7512173245946492,0.16036885238851795,0.033030435734915604,0.03463758594684754,0.006104343966195276,1.7335770953515954,2.0553675689501163,0.7642956364067233,1.3978453893380738,1.3740471761139612,0.25456701302206924,31.166753268680253,29.708559405038336,5.70316901445309,-85.0,-128.2,81.6006535921537,0.8484394386260182
2023-04-30,132.0,243.0,183.0,8352,293.0,0.7530864197530864,0.03508141762452107,2.2196969696969697,1.3278688524590163,31.86885245901639,28.505119453924916,False,-51.0,-110.0,-161.0,-2538.0,-7803.0,-10341.0,2023,4,2023-04,Sunday,6,True,High Inflow (2023-2024),156.28571428571428,144.86666666666667,59.634202394583085,273.85714285714283,250.63333333333333,36.54872807375813,205.57142857142858,184.9,30.336211271114774,7923.571428571428,7905.4,326.89083659169603,265.7142857142857,272.7,45.79925139750022,0.7605101206726849,0.7552317698789358,0.14984863753392155,0.033594774040787916,0.03451337109996252,0.006082044695392661,1.9137968059060337,2.053238064954941,0.6967271361661709,1.3534848172403822,1.3656212991529175,0.23169117148419843,30.65001737033266,29.799797591628863,5.765688594975231,-109.42857142857143,-127.83333333333333,73.6271171576912,0.8529782948692041
2023-05-01,224.0,315.0,152.0,8492,237.0,0.48253968253968255,0.027908619877531796,1.0580357142857142,2.0723684210526314,49.73684210526315,35.83122362869198,False,72.0,-85.0,-13.0,-2466.0,-7888.0,-10354.0,2023,5,2023-05,Monday,0,False,High Inflow (2023-2024),172.14285714285714,145.6,60.94923727012119,278.85714285714283,250.7,39.78034930058032,193.42857142857142,184.7,32.587610850634306,8066.714285714285,7924.1,324.76746259732477,253.85714285714286,271.3,39.74681778217633,0.7085259936885577,0.7544900148879795,0.1759246160111787,0.031478343807767,0.03427104463524056,0.0048233629008722825,1.6603935640783294,2.042466318137402,0.6261748604586017,1.4807610775113127,1.368666491247077,0.34055895890669946,32.425013603002945,30.046620936002228,5.02953677521722,-81.71428571428571,-125.7,66.99182608277492,0.8646243814435334
2023-05-02,167.0,326.0,213.0,8654,245.0,0.6533742331288344,0.028310607811416685,1.467065868263473,1.5305164319248827,36.732394366197184,35.32244897959184,False,-46.0,-32.0,-78.0,-2512.0,-7920.0,-10432.0,2023,5,2023-05,Tuesday,1,False,High Inflow (2023-2024),168.0,147.5,60.03610025087688,281.7142857142857,252.5,42.668154735955234,197.14285714285714,185.36666666666667,33.2085760581438,8226.714285714286,7944.233333333334,292.90596573286916,250.85714285714286,272.1,39.469095806840194,0.7145635825482325,0.7526171952079603,0.1727202521915492,0.030478914918753635,0.03429961769065218,0.004618367322468252,1.6760968513812744,2.0243988167764875,0.618635351574938,1.4656400483057763,1.3727061581488909,0.3347997777905168,33.42489084713368,30.009857923104764,4.767079900115943,-82.85714285714286,-124.6,66.82671265152524,0.8640526051366622
2023-05-03,209.0,353.0,232.0,8704,267.0,0.6572237960339944,0.030675551470588234,1.277511961722488,1.521551724137931,36.51724137931035,32.59925093632959,False,-23.0,-35.0,-58.0,-2535.0,-7955.0,-10490.0,2023,5,2023-05,Wednesday,2,False,High Inflow (2023-2024),164.14285714285714,148.93333333333334,55.64598988674921,285.0,255.03333333333333,47.60602202803048,198.57142857142858,185.46666666666667,34.64032882280967,8356.42857142857,7964.466666666666,270.5764569352238,258.57142857142856,272.8,35.95764704415992,0.7123488001634783,0.7469674950276254,0.1734440114146611,0.03095803606631476,0.03430941531222952,0.004405293831107138,1.7296639355014365,2.0175849584724577,0.5532714139339079,1.4706493679702688,1.3831043160568364,0.33542541043092,32.85322112844703,29.999345149437698,4.558089153278944,-94.42857142857143,-123.86666666666666,50.44752105854541,0.8779147798260472
2023-05-04,153.0,253.0,286.0,8790,332.0,1.1304347826086956,0.03777019340159272,2.1699346405228757,0.8846153846153846,21.23076923076923,26.47590361445783,False,-133.0,-46.0,-179.0,-2668.0,-8001.0,-10669.0,2023,5,2023-05,Thursday,3,False,High Inflow (2023-2024),174.42857142857142,149.5,42.91408915052322,288.2857142857143,254.26666666666668,43.82052139395519,204.85714285714286,189.06666666666666,45.97255910297128,8466.857142857143,7987.4,266.6711011536049,277.14285714285717,272.8333333333333,35.437402893122865,0.7235289243870808,0.7631510699068523,0.19955649396572145,0.03275428404829179,0.03420661808907353,0.004224212649429876,1.6833935755055862,2.0087886621761615,0.4884604693368814,1.4612496767523955,1.360906102285589,0.35290058554570664,30.965761814529404,30.065963890262022,3.9512422956751574,-102.71428571428571,-123.33333333333333,59.49149599092376,0.8866294279458217
2023-05-07,180.0,337.0,219.0,8485,375.0,0.6498516320474778,0.04419563936358279,2.0833333333333335,1.538812785388128,36.93150684931507,22.626666666666665,False,-39.0,-156.0,-195.0,-2707.0,-8157.0,-10864.0,2023,5,2023-05,Sunday,6,True,High Inflow (2023-2024),183.28571428571428,152.6,34.99387701543566,301.42857142857144,257.3,42.44940966553444,213.28571428571428,190.6,41.57609203101495,8519.42857142857,8008.666666666667,218.04575753944934,294.14285714285717,273.6,49.39780214890976,0.7230704111810355,0.7613710565577575,0.19974898445319933,0.03456241169422363,0.034184542485174094,0.005966652247808477,1.6710852623498156,1.9433672062374643,0.47507225969606476,1.4623300746649852,1.3648010178678907,0.3531620872960786,29.668566874053216,30.077098991272123,5.014743572519593,-110.85714285714286,-121.0,68.36526547750347,0.8562097358410303
2023-05-08,133.0,287.0,189.0,8590,261.0,0.6585365853658537,0.03038416763678696,1.962406015037594,1.5185185185185186,36.44444444444444,32.911877394636015,False,-56.0,-72.0,-128.0,-2763.0,-8229.0,-10992.0,2023,5,2023-05,Monday,0,False,High Inflow (2023-2024),171.14285714285714,154.23333333333332,35.681127464569606,302.0,261.1666666666667,42.18609565563818,210.57142857142858,191.66666666666666,42.586606434641446,8581.0,8028.533333333334,149.33072914395893,287.14285714285717,274.46666666666664,50.240848491469954,0.7121495902110893,0.7527179875709272,0.20107453478703957,0.033475171026574324,0.03421744648020568,0.005930248213078537,1.748283500408921,1.9155267718180824,0.47174823605286487,1.4848931597280703,1.3791125693344315,0.35061387763263846,30.610355810614124,30.040260861873467,4.898622181402864,-116.0,-120.23333333333333,68.06369565830722,0.851086914831852
2023-05-09,187.0,310.0,247.0,8606,250.0,0.7967741935483871,0.029049500348594003,1.3368983957219251,1.2550607287449393,30.121457489878544,34.424,False,-60.0,-3.0,-63.0,-2823.0,-8232.0,-11055.0,2023,5,2023-05,Tuesday,1,False,High Inflow (2023-2024),179.0,154.9,31.427164470672086,311.57142857142856,264.53333333333336,33.215744975624126,219.71428571428572,194.66666666666666,42.55080996375303,8617.285714285714,8046.1,110.1252533643899,281.0,275.3666666666667,52.0032050294337,0.718390700753275,0.75423725494758,0.2032234609530407,0.03261346855858474,0.03426568229039791,0.006093929739577885,1.6221694184124862,1.9155790736315679,0.4417676808198038,1.474491999197488,1.3765742539231696,0.35706898759370886,31.45591017433913,29.980104210154483,4.984745434295898,-102.0,-120.46666666666667,67.33993366990101,0.8438357221671869
2023-05-10,168.0,285.0,210.0,8681,304.0,0.7368421052631579,0.03501900702684022,1.8095238095238095,1.3571428571428572,32.57142857142857,28.55592105263158,False,-42.0,-94.0,-136.0,-2865.0,-8326.0,-11191.0,2023,5,2023-05,Wednesday,2,False,High Inflow (2023-2024),171.0,156.86666666666667,24.406283343980768,307.2857142857143,265.8666666666667,34.60594498885148,228.0,196.36666666666667,31.336879231984728,8644.285714285714,8061.866666666667,96.63111004521781,290.57142857142856,276.6,48.610208608402004,0.7547196182852002,0.7571660053951275,0.17477360130709166,0.03362923815134309,0.03434867453242319,0.005762585894907413,1.7295248605893572,1.894245157802239,0.3667720904238787,1.3723169186389488,1.3704496657231098,0.24091006175466456,30.416581234901933,29.90724914411861,4.668890996802171,-119.57142857142857,-119.73333333333333,55.199206343500855,0.8566838434634083
2023-05-11,269.0,412.0,204.0,8672,392.0,0.49514563106796117,0.045202952029520294,1.4572490706319703,2.019607843137255,48.470588235294116,22.122448979591837,False,65.0,-188.0,-123.0,-2800.0,-8514.0,-11314.0,2023,5,2023-05,Thursday,3,False,High Inflow (2023-2024),185.57142857142858,160.63333333333333,44.1129502635268,319.57142857142856,271.06666666666666,52.82631018364835,226.71428571428572,197.3,32.22687432208442,8646.857142857143,8079.0,97.17068929025059,311.57142857142856,277.7,56.71818386507406,0.7321155322765039,0.7507541930973929,0.19866471969142924,0.036042430182500744,0.03438857680690561,0.006635044975526318,1.728122460927714,1.866110725113903,0.3679597382762447,1.4421871202407164,1.3892850786761697,0.34351406729047784,28.530866949187647,29.887189643995438,5.01040453804015,-126.0,-117.06666666666666,52.08326666662405,0.8459957002592547
2023-05-14,100.0,255.0,236.0,8445,288.0,0.9254901960784314,0.03410301953818828,2.88,1.0805084745762712,25.93220338983051,29.322916666666668,False,-136.0,-52.0,-188.0,-2936.0,-8566.0,-11502.0,2023,5,2023-05,Sunday,6,True,High Inflow (2023-2024),170.0,159.8,52.83937925449169,305.57142857142856,271.8333333333333,55.413166735163536,227.28571428571428,198.76666666666668,32.371357121763644,8609.857142857143,8094.466666666666,118.7089277342236,314.57142857142856,277.1666666666667,54.47891684819317,0.7704393037114236,0.7540176594034556,0.20748896892146823,0.03653206847787218,0.034255661963044276,0.0062905039262947165,1.9570493235387867,1.8810440584472365,0.5114172624521872,1.3791809417319076,1.3850242500509344,0.3662275565875676,28.062819196378655,29.989510550428186,4.7111045308688615,-144.57142857142858,-117.36666666666666,46.69352968330539,0.8523807997354698
2023-05-15,205.0,294.0,177.0,8571,277.0,0.6020408163265306,0.03231828258079571,1.351219512195122,1.6610169491525424,39.86440677966102,30.942238267148014,False,28.0,-100.0,-72.0,-2908.0,-8666.0,-11574.0,2023,5,2023-05,Monday,0,False,High Inflow (2023-2024),177.42857142857142,162.7,53.69933935924217,311.42857142857144,277.0,50.91449414740069,211.71428571428572,199.06666666666666,24.736708792900455,8578.57142857143,8111.7,88.27770036057808,306.7142857142857,276.93333333333334,55.50289567735541,0.6949544513854,0.7337979168301672,0.1397531147874927,0.035753224074901176,0.03415753866160287,0.006447214978988512,1.840090019491965,1.8458587201531753,0.5469977069586308,1.4900954509515019,1.4128121166099872,0.3037153232687542,28.700867003905824,30.075613328347206,4.762528276255066,-129.28571428571428,-114.23333333333333,50.871453310326885,0.8467690144787917
2023-05-16,161.0,304.0,211.0,8572,272.0,0.694078947368421,0.03173121791880541,1.68944099378882,1.4407582938388626,34.5781990521327,31.514705882352942,False,-50.0,-61.0,-111.0,-2958.0,-8727.0,-11685.0,2023,5,2023-05,Tuesday,1,False,High Inflow (2023-2024),174.71428571428572,163.33333333333334,54.026889248824695,306.7142857142857,279.3,49.66458928221812,210.57142857142858,201.46666666666667,24.52792383425561,8591.0,8128.5,78.48991442641704,292.0,277.3666666666667,47.45172985958092,0.7012726392883918,0.7372175696857102,0.13836706271318605,0.03397259243993298,0.03414517486292878,0.005355792820064445,1.78381968527132,1.8413752978804083,0.5379904451028312,1.4760876664444638,1.4044824770041364,0.3033549174754552,29.97058689186101,30.087750886073,3.9963840496261147,-117.28571428571429,-114.03333333333333,41.90351729753442,0.8602106700731499
2023-05-17,57.0,162.0,193.0,8569,307.0,1.191358024691358,0.03582681759831952,5.385964912280702,0.8393782383419689,20.145077720207254,27.912052117263844,False,-136.0,-114.0,-250.0,-3094.0,-8841.0,-11935.0,2023,5,2023-05,Wednesday,2,False,High Inflow (2023-2024),163.85714285714286,160.3,69.28787429131833,288.85714285714283,276.53333333333336,74.29766387406032,211.14285714285714,202.06666666666666,23.982136208912955,8588.0,8141.633333333333,78.93457206234972,298.57142857142856,278.93333333333334,45.59187479824691,0.7773899877634639,0.7531199800325651,0.22828090289955758,0.034750113863009066,0.034279259404687235,0.005138687929414921,2.2728995277346216,1.9623489030645402,1.472286533892732,1.3790676264192425,1.3857950849488685,0.38510897531318944,29.256326137950698,29.970075700238205,3.826262524908429,-134.71428571428572,-118.63333333333334,65.71076595128662,0.8675283670517441
2023-05-18,80.0,122.0,152.0,8474,351.0,1.2459016393442623,0.041420816615529855,4.3875,0.8026315789473685,19.263157894736842,24.14245014245014,False,-72.0,-199.0,-271.0,-3166.0,-9040.0,-12206.0,2023,5,2023-05,Thursday,3,False,High Inflow (2023-2024),148.57142857142858,159.0,74.90629066341751,262.0,273.3,96.14745619793239,197.57142857142858,200.13333333333333,26.999118151383758,8569.142857142857,8151.5,89.03824753334494,313.0,281.1666666666667,43.59663595584679,0.841551051448589,0.7626865643577392,0.28953524522138113,0.03651744475828561,0.03450237605212265,0.0049761724436466915,2.7086997569172033,2.0290470823362488,1.5953970241070627,1.314434890733875,1.3777875661518764,0.4430035006821086,27.78753330115786,29.814964883390296,3.4686000352703132,-164.42857142857142,-122.16666666666667,74.33899188370613,0.8777424362431594
2023-05-21,107.0,170.0,133.0,7826,343.0,0.7823529411764706,0.04382826475849732,3.205607476635514,1.2781954887218046,30.67669172932331,22.816326530612244,False,-26.0,-210.0,-236.0,-3192.0,-9250.0,-12442.0,2023,5,2023-05,Sunday,6,True,High Inflow (2023-2024),139.85714285714286,159.06666666666666,75.81211110684228,245.57142857142858,271.96666666666664,101.25192531973096,186.57142857142858,199.6,35.45352423881696,8447.0,8149.033333333334,283.6911466131201,318.57142857142856,281.6333333333333,44.73200622543488,0.848052599436205,0.7651142020794945,0.287294422534709,0.037775910148522336,0.03457513255673079,0.005607887014508572,2.908140280790304,2.031456220446321,1.5508983540077366,1.3031566952451532,1.373414216670791,0.4427398690180362,26.967591226583668,29.775103832586996,3.9073319799100728,-178.71428571428572,-122.56666666666666,77.50637454582758,0.8768742545733259
2023-05-22,99.0,156.0,139.0,7848,240.0,0.8910256410256411,0.03058103975535168,2.4242424242424243,1.1223021582733812,26.935251798561147,32.7,False,-40.0,-101.0,-141.0,-3232.0,-9351.0,-12583.0,2023,5,2023-05,Monday,0,False,High Inflow (2023-2024),115.57142857142857,157.6,50.57620370245664,209.0,270.4,73.56856212631409,177.28571428571428,198.8,38.508502462505135,8329.285714285714,8149.766666666666,340.11356646749425,296.85714285714283,280.8,39.763587075901924,0.9046068865730164,0.7680498679461949,0.2415723333852009,0.035687065537926825,0.03446578430358052,0.0050785937493708294,3.0462821884489406,2.0504927394828405,1.4391666426604546,1.1749701688360283,1.3693109961796992,0.3110453254929659,28.478669943784837,29.880701316863725,3.7639751578235097,-181.28571428571428,-123.2,75.62564442858063,0.881874217657923
2023-05-23,25.0,66.0,94.0,7788,246.0,1.4242424242424243,0.031587057010785825,9.84,0.7021276595744681,16.851063829787236,31.658536585365855,False,-69.0,-152.0,-221.0,-3301.0,-9503.0,-12804.0,2023,5,2023-05,Tuesday,1,False,High Inflow (2023-2024),104.85714285714286,154.46666666666667,61.24385294712876,182.0,265.6333333333333,87.27733573691019,157.0,196.86666666666667,39.80368492154137,8235.42857142857,8145.3,389.87171272221485,290.85714285714283,282.76666666666665,44.239607334862704,0.9758572048821582,0.791282191178518,0.3120341535585545,0.035327642319726474,0.03473184786345364,0.005293852719141345,4.040567902734655,2.326111787101888,2.9335395888880713,1.1209157666929137,1.3468819181655147,0.35932785521747607,28.812329932170435,29.523864657588042,3.950201478964328,-186.0,-128.3,77.12759990215359,0.8679795989978594
2023-05-24,35.0,70.0,53.0,7709,276.0,0.7571428571428571,0.0358023089894928,7.885714285714286,1.320754716981132,31.698113207547166,27.931159420289855,False,-18.0,-223.0,-241.0,-3319.0,-9726.0,-13045.0,2023,5,2023-05,Wednesday,2,False,High Inflow (2023-2024),80.57142857142857,150.46666666666667,46.95337099313591,150.0,260.9,80.14154145427128,139.28571428571428,192.6,54.35290328251201,8112.285714285715,8139.733333333334,402.1544953065167,290.7142857142857,282.53333333333336,44.29339411136544,0.9980146392844906,0.7880611669197578,0.28543898594422995,0.03582536037811178,0.034727526658109326,0.005124845676072456,4.974067156094535,2.5281087149052675,2.9745178059118857,1.0723068763827122,1.3518647181238177,0.2905126487346211,28.3821758111907,29.527223681845054,3.842075704778641,-210.14285714285714,-132.06666666666666,60.056719222827525,0.8677839441340057
2023-05-25,43.0,73.0,64.0,7546,408.0,0.8767123287671232,0.05406838059899284,9.488372093023257,1.140625,27.375,18.495098039215687,False,-21.0,-344.0,-365.0,-3340.0,-10070.0,-13410.0,2023,5,2023-05,Thursday,3,False,High Inflow (2023-2024),63.714285714285715,148.26666666666668,32.09732224404561,117.0,256.2,46.7724990423506,118.28571428571429,188.96666666666667,50.2716430528992,7965.714285714285,8131.433333333333,393.558430344516,310.14285714285717,283.8,61.28465977558735,1.0241051223414481,0.790337870713553,0.2602642377644164,0.03901638361813855,0.034947595192508084,0.008188931943941128,6.088200170270882,2.731237937577908,2.9996574940775407,1.029430691548589,1.348652410802045,0.24577358918879771,26.52223183359966,29.44147469756666,5.038106379573712,-246.42857142857142,-135.53333333333333,66.55287908337051,0.8350023706266119
2023-05-29,41.0,60.0,71.0,6996,207.0,1.1833333333333333,0.029588336192109776,5.048780487804878,0.8450704225352113,20.281690140845072,33.79710144927536,False,-30.0,-136.0,-166.0,-3370.0,-10206.0,-13576.0,2023,5,2023-05,Monday,0,False,High Inflow (2023-2024),61.42857142857143,143.26666666666668,33.20570805778816,102.42857142857143,248.76666666666668,46.30283340090977,100.85714285714286,184.93333333333334,40.188839957665785,7741.0,8118.633333333333,438.224828141904,295.85714285714283,281.6333333333333,72.72649350231892,1.0229587378617302,0.8071674741685981,0.2594210641679328,0.03812517198868002,0.03470532744678889,0.00890230848327448,6.040030966774338,2.8520611615169544,3.0154791632571447,1.0302438607190523,1.3276894804421076,0.2450483244751925,27.362953166744166,29.66363298116995,5.749486010876324,-234.42857142857142,-138.36666666666667,73.05672942505525,0.8026865917851213
2023-05-30,65.0,83.0,65.0,7046,168.0,0.7831325301204819,0.023843315356230486,2.5846153846153848,1.2769230769230768,30.646153846153844,41.94047619047619,False,0.0,-103.0,-103.0,-3370.0,-10309.0,-13679.0,2023,5,2023-05,Tuesday,1,False,High Inflow (2023-2024),59.285714285714285,139.76666666666668,32.27854956321259,96.85714285714286,241.63333333333333,45.8999948127399,88.42857142857143,180.56666666666666,34.832251065438385,7537.0,8108.7,366.66742424164335,269.7142857142857,278.96666666666664,81.91197365813757,0.956848865115476,0.8112741365081922,0.25199708889871236,0.03561410038020867,0.034374469185968974,0.010201947273205132,5.782476021719392,2.8895875566904077,3.248163170815444,1.0979997890012962,1.3197433789245776,0.23706515002582268,29.90552831646217,30.07455207999228,7.6943621716355945,-210.42857142857142,-139.2,85.56451200284924,0.7670481897332335
2023-05-31,38.0,80.0,82.0,7053,210.0,1.025,0.029774564015312633,5.526315789473684,0.975609756097561,23.414634146341463,33.58571428571429,False,-44.0,-128.0,-172.0,-3414.0,-10437.0,-13851.0,2023,5,2023-05,Wednesday,2,False,High Inflow (2023-2024),49.42857142857143,135.96666666666667,24.992379791029467,84.0,235.23333333333332,32.70575892204147,81.14285714285714,176.16666666666666,28.760091396636376,7426.571428571428,8097.933333333333,381.2356476611549,250.71428571428572,278.1666666666667,77.37939925181271,0.9915127306616943,0.8192153129787805,0.24041625762173072,0.03360642884546801,0.03430947092212654,0.00968582161869508,6.1140057806962735,3.022482293532513,3.05394189542471,1.0547732557692615,1.3098961028817235,0.2260635640220788,31.44401228147675,30.14336363880384,7.093867208174896,-201.28571428571428,-142.2,85.79571528872975,0.7641545607322242
2023-06-01,56.0,82.0,68.0,7002,287.0,0.8292682926829268,0.040988289060268496,5.125,1.2058823529411764,28.941176470588232,24.39721254355401,False,-12.0,-219.0,-231.0,-3426.0,-10656.0,-14082.0,2023,6,2023-06,Thursday,3,False,High Inflow (2023-2024),43.285714285714285,129.86666666666667,13.350584078537763,73.42857142857143,225.73333333333332,8.715066319449972,71.0,170.96666666666667,13.341664064127182,7305.714285714285,8086.133333333333,358.8076152507161,257.42857142857144,280.1,78.32806466577426,0.982690252327021,0.8265124486204366,0.24579144654794638,0.035093178746170406,0.034638045574688324,0.009939456279467504,6.499828291518784,3.161376993671983,2.654591379176872,1.0667132835789466,1.295479086075001,0.23234466732142256,30.25789978769875,29.885861698843705,7.529603279338466,-214.14285714285714,-150.23333333333332,81.91139231191354,0.7667117898936642
2023-06-04,74.0,103.0,80.0,6555,292.0,0.7766990291262136,0.04454614797864226,3.945945945945946,1.2875,30.900000000000002,22.448630136986303,False,-6.0,-212.0,-218.0,-3432.0,-10868.0,-14300.0,2023,6,2023-06,Sunday,6,True,High Inflow (2023-2024),50.285714285714285,128.56666666666666,14.918827989203407,78.71428571428571,219.83333333333334,13.412858081139571,69.0,165.73333333333332,9.93310961716872,7129.571428571428,8054.966666666666,384.32748932078755,264.0,279.1666666666667,79.13490590967635,0.890184053024705,0.8241881305436913,0.15813648974004949,0.03694447745586419,0.03469879612368712,0.010374900289382734,5.6578205695110615,3.198513244967527,2.3339473468727765,1.1503379036397365,1.299014599436464,0.17831471427006557,28.942198866501666,29.853941036743247,8.031967171928628,-213.71428571428572,-150.6,81.87737637409238,0.7693766954431995
2023-06-05,68.0,107.0,102.0,6523,189.0,0.9532710280373832,0.02897439828299862,2.7794117647058822,1.0490196078431373,25.176470588235297,34.51322751322751,False,-34.0,-87.0,-121.0,-3466.0,-10955.0,-14421.0,2023,6,2023-06,Monday,0,False,High Inflow (2023-2024),55.0,124.3,14.49137674618979,84.0,213.2,16.37070554374576,76.0,162.9,13.42882471898993,6960.142857142857,8021.266666666666,345.80699268591604,251.57142857142858,276.6,83.63981735763805,0.9182023631524946,0.8355934611079003,0.1476638767728292,0.03596906164065073,0.03448772239863674,0.010811944761975029,4.9283487807955755,3.245922208552961,2.3195072936224546,1.111518602334309,1.279436465152447,0.16403849328134876,29.88249430834991,30.060271678161605,8.275466257768144,-196.57142857142858,-152.3,87.57636123760258,0.7504862430082764
2023-06-06,92.0,124.0,93.0,6508,187.0,0.75,0.028733866011063307,2.032608695652174,1.3333333333333333,32.0,34.80213903743316,False,-1.0,-94.0,-95.0,-3467.0,-11049.0,-14516.0,2023,6,2023-06,Tuesday,1,False,High Inflow (2023-2024),62.0,119.5,18.894443627691444,91.28571428571429,206.33333333333334,21.27372625027067,80.14285714285714,158.6,13.582201238246004,6811.857142857143,7978.333333333333,266.0760721870292,220.0,275.73333333333335,49.490739874580115,0.9001006019000484,0.838169218683658,0.16078174581047652,0.03234984527094651,0.03453479448441684,0.007466151578328327,3.8632397240282788,3.283591085978655,1.4101407390752936,1.139048364239071,1.274331360047342,0.18461723539865613,32.21207159380955,30.00031168050484,6.676346916145495,-158.0,-156.23333333333332,54.08635071192489,0.8163545808749759
2023-06-07,113.0,162.0,107.0,6483,208.0,0.6604938271604939,0.032083911769242635,1.8407079646017699,1.514018691588785,36.33644859813084,31.16826923076923,False,6.0,-101.0,-95.0,-3461.0,-11150.0,-14611.0,2023,6,2023-06,Wednesday,2,False,High Inflow (2023-2024),72.28571428571429,120.56666666666666,24.363321378076467,105.85714285714286,204.06666666666666,29.582813543388355,85.28571428571429,154.1,16.12156201814147,6738.571428571428,7927.2,277.3150177102208,220.14285714285714,275.93333333333334,49.44838578905158,0.825409243875357,0.8251132158208918,0.1246619778414895,0.03270635606767978,0.034764376292466474,0.007371291213676731,3.4049436492849776,3.261820446115586,1.4801949305432676,1.2346124026752956,1.2931182089956184,0.1801635644472774,31.83652413402296,29.716316694467775,6.64619692426752,-147.85714285714286,-155.36666666666667,58.7889688389145,0.816580148333895
2023-06-08,106.0,196.0,131.0,6446,255.0,0.6683673469387755,0.0395594166925225,2.4056603773584904,1.4961832061068703,35.908396946564885,25.27843137254902,False,-25.0,-124.0,-149.0,-3486.0,-11274.0,-14760.0,2023,6,2023-06,Thursday,3,False,High Inflow (2023-2024),78.14285714285714,120.16666666666667,27.09507071669801,122.0,202.43333333333334,42.8757895942845,94.71428571428571,153.13333333333333,20.878332354495654,6652.857142857143,7871.5,258.5468549228111,232.57142857142858,275.9,44.880794492585885,0.8090142177065419,0.8256234199025244,0.13798364093985166,0.03495151340143578,0.03503173198748189,0.0065719281042261055,3.379378648248278,3.2696927411800782,1.4981608617026725,1.2659352782729805,1.2919493158658473,0.2059590145428095,29.456232017176216,29.502030031886076,5.264500623914714,-154.42857142857142,-155.73333333333332,55.413166735163685,0.8382395570777932
2023-06-11,86.0,152.0,168.0,6007,238.0,1.105263157894737,0.039620442816713834,2.7674418604651163,0.9047619047619048,21.714285714285715,25.23949579831933,False,-82.0,-70.0,-152.0,-3568.0,-11344.0,-14912.0,2023,6,2023-06,Sunday,6,True,High Inflow (2023-2024),85.0,115.76666666666667,20.518284528683395,132.28571428571428,198.06666666666666,39.63464093321373,107.0,151.8,33.58571124749356,6503.428571428572,7799.766666666666,289.19247174552527,236.57142857142858,273.5,43.767785500514634,0.8204803831200758,0.8379661140938331,0.16043180106968896,0.03635806751592167,0.035085918337694616,0.006328385387050817,2.985253801247054,3.3145401915747867,1.165096747336835,1.255814156653601,1.2767554819220133,0.22359000097491397,28.263915090405508,29.46603473053973,5.1164229671290204,-151.57142857142858,-157.73333333333332,54.869108318060455,0.8438756217341661
2023-06-12,84.0,118.0,136.0,6021,177.0,1.152542372881356,0.029397110114598904,2.107142857142857,0.8676470588235294,20.823529411764707,34.016949152542374,False,-52.0,-41.0,-93.0,-3620.0,-11385.0,-15005.0,2023,6,2023-06,Monday,0,False,High Inflow (2023-2024),89.0,114.16666666666667,16.196707484342046,137.42857142857142,193.9,33.950243704855296,116.71428571428571,150.23333333333332,30.076093971316197,6363.285714285715,7722.066666666667,240.99703614063765,220.85714285714286,269.6333333333333,42.36912622586023,0.8666623945769941,0.8512813125314421,0.2039970045454396,0.03470218480939744,0.03489644142069722,0.0064305665026647505,2.5541313522674622,3.310788387822983,0.7113603935310582,1.2074948289225085,1.2614147554674973,0.26826359549422124,29.638163177403843,29.64976238716031,5.196037136981428,-131.85714285714286,-155.46666666666667,45.57933951338247,0.8390391415968443
2023-06-13,59.0,64.0,117.0,6061,146.0,1.828125,0.024088434251773636,2.4745762711864407,0.5470085470085471,13.12820512820513,41.513698630136986,False,-58.0,-29.0,-87.0,-3678.0,-11414.0,-15092.0,2023,6,2023-06,Tuesday,1,False,High Inflow (2023-2024),86.85714285714286,108.66666666666667,19.221763459063762,131.85714285714286,185.53333333333333,42.63186824989271,122.0,149.06666666666666,25.442746183015434,6292.714285714285,7641.033333333334,247.73555409328097,200.0,266.6,37.121422386541596,1.0168661047018208,0.8961341564467861,0.40989379110890745,0.03177965427698763,0.03476910189983861,0.005831993802910243,2.343935684444676,3.3580064063863406,0.3642588990578673,1.1017103356380153,1.210569426332694,0.3613172493497724,32.36174439071109,29.839178220541815,5.764929981431494,-113.14285714285714,-157.93333333333334,27.703360635059855,0.843449731310955
2023-06-14,62.0,97.0,52.0,6065,167.0,0.5360824742268041,0.027535037098103874,2.693548387096774,1.8653846153846154,44.769230769230774,36.31736526946108,False,10.0,-115.0,-105.0,-3668.0,-11529.0,-15197.0,2023,6,2023-06,Wednesday,2,False,High Inflow (2023-2024),86.0,105.16666666666667,20.305992547357587,130.42857142857142,177.9,43.75636008192486,114.85714285714286,143.7,36.576078573427445,6227.285714285715,7554.733333333334,237.0279268255918,196.85714285714286,264.0,39.08720409302202,0.957267739871738,0.8922244311500517,0.44913292944324773,0.0315740312505741,0.034743249542728186,0.005971100656546,2.331669487643375,3.3988891570141173,0.3482440910112137,1.2183339081439406,1.2217316991146854,0.4598035118701493,32.61947835588731,29.872342096870785,5.915510339735955,-110.85714285714286,-158.83333333333334,27.606934946546495,0.834337187568737
2023-06-15,91.0,75.0,97.0,6038,272.0,1.2933333333333332,0.045048029148724744,2.989010989010989,0.7731958762886598,18.556701030927837,22.198529411764707,False,-6.0,-175.0,-181.0,-3674.0,-11704.0,-15378.0,2023,6,2023-06,Thursday,3,False,High Inflow (2023-2024),85.85714285714286,101.23333333333333,20.260212004719964,123.42857142857143,168.63333333333333,48.60677985239372,115.42857142857143,139.2,36.20707639332945,6160.142857142857,7465.866666666667,209.1908447418512,209.0,264.1666666666667,47.75632593350009,1.0348867874907857,0.913428082393363,0.4542630444110879,0.03390462598452574,0.035222332131999406,0.0076309090369126,2.468298386694634,3.4559391245904005,0.3957339133954102,1.138314271423273,1.1967865041863766,0.4845301196266481,30.818962695077527,29.52565137938529,6.965375656400171,-123.14285714285714,-162.93333333333334,36.93430461160536,0.8140013658480649
2023-06-19,29.0,51.0,11.0,5679,142.0,0.21568627450980393,0.02500440218348301,4.896551724137931,4.636363636363637,111.27272727272728,39.99295774647887,True,18.0,-131.0,-113.0,-3656.0,-11835.0,-15491.0,2023,6,2023-06,Monday,0,False,High Inflow (2023-2024),73.85714285714286,97.1,25.66079091680924,107.57142857142857,161.9,51.919351379028896,101.71428571428571,130.03333333333333,53.82599832086825,6045.285714285715,7362.166666666667,222.66620330718706,199.57142857142858,257.8333333333333,54.08282889191737,0.9713428513978298,0.8829364654567333,0.5386377957604264,0.032893267472274355,0.03479680575806241,0.008347890926761043,2.9048474951997996,3.5468263607109027,0.9226908696138632,1.584363549248252,1.3218447792446513,1.4207446675038042,32.07963248303605,29.976219850452658,7.789029680218974,-125.71428571428571,-160.73333333333332,35.235939444996,0.7867852507867622
2023-06-20,33.0,53.0,34.0,5904,134.0,0.6415094339622641,0.022696476964769646,4.0606060606060606,1.5588235294117647,37.411764705882355,44.059701492537314,False,-1.0,-100.0,-101.0,-3657.0,-11935.0,-15592.0,2023,6,2023-06,Tuesday,1,False,High Inflow (2023-2024),63.42857142857143,92.2,25.251119730005186,87.14285714285714,152.43333333333334,37.44074683829837,87.85714285714286,123.86666666666666,57.397527738363515,5967.857142857143,7276.133333333333,138.38644992848367,182.28571428571428,249.8,52.734284501686425,0.9675060066868998,0.8826583921872261,0.5412450042022805,0.03048427608259538,0.034080167011435306,0.008534615907868831,3.14126830709231,3.612735451619993,0.9834867501253353,1.5933121668632368,1.3225118040454396,1.4202938919368737,34.7626710716058,30.690654344648348,8.275352405475296,-118.85714285714286,-157.6,34.61420022393774,0.7756178845469661
2023-06-21,93.0,196.0,169.0,5922,149.0,0.8622448979591837,0.025160418777440054,1.6021505376344085,1.1597633136094674,27.83431952662722,39.74496644295302,False,-76.0,20.0,-56.0,-3733.0,-11915.0,-15648.0,2023,6,2023-06,Wednesday,2,False,High Inflow (2023-2024),64.42857142857143,90.86666666666666,26.406168110608625,93.42857142857143,149.4,51.27981130639105,88.0,123.2,57.63101017102991,5955.714285714285,7187.2,138.10830808428545,169.57142857142858,246.06666666666666,47.53545043037983,0.9327891124103921,0.8894486692736706,0.5387242579322322,0.028418558362699124,0.03390604204945707,0.007659869432014651,2.9747981181164946,3.600726935706554,1.1429951994192131,1.6297409395557456,1.3105532972151377,1.4028531755674352,36.83488116369633,30.918423979592248,7.245260080794373,-105.14285714285714,-155.2,38.13322510807142,0.7810504639515181
2023-06-22,124.0,234.0,161.0,5956,207.0,0.688034188034188,0.03475486903962391,1.6693548387096775,1.453416149068323,34.881987577639755,28.77294685990338,False,-37.0,-46.0,-83.0,-3770.0,-11961.0,-15731.0,2023,6,2023-06,Thursday,3,False,High Inflow (2023-2024),70.14285714285714,88.76666666666667,34.45010194193238,110.0,146.86666666666667,74.17546764261094,91.57142857142857,120.33333333333333,61.730211789844574,5946.428571428572,7098.866666666667,135.1404912709417,173.85714285714286,244.63333333333333,49.623343201322484,0.8664308002893681,0.8858240024231973,0.5357444127743702,0.02918395249484555,0.03409622100582474,0.008032559477046846,2.91225697262604,3.6118088171394787,1.2084842362142878,1.713422238162145,1.3171651445592503,1.366825252408758,36.085737979033624,30.730055541589024,7.832499570714064,-103.71428571428571,-155.86666666666667,38.84462333328453,0.777952231639856
2023-06-25,92.0,203.0,173.0,5766,263.0,0.8522167487684729,0.0456122095039889,2.858695652173913,1.1734104046242775,28.161849710982658,21.923954372623573,False,-81.0,-90.0,-171.0,-3851.0,-12051.0,-15902.0,2023,6,2023-06,Sunday,6,True,High Inflow (2023-2024),74.85714285714286,86.23333333333333,34.925771627976,129.85714285714286,144.13333333333333,78.29948610182281,99.57142857142857,119.1,68.79887872840466,5904.285714285715,7001.7,139.38760619905776,190.57142857142858,243.26666666666668,57.720178859902056,0.7270153358277215,0.8896698238733745,0.3320195923686578,0.03225877753087631,0.03444932775506303,0.00970286512403553,2.967131169909965,3.6467812118944822,1.1939312564670281,1.802908217821535,1.3110407294752977,1.2964249124222837,33.28720308510314,30.50898998558876,8.984793378893473,-115.71428571428571,-157.03333333333333,45.26482919336774,0.7675306891882538
2023-06-26,186.0,259.0,172.0,5819,174.0,0.6640926640926641,0.02990204502491837,0.9354838709677419,1.505813953488372,36.13953488372093,33.44252873563219,False,14.0,-2.0,12.0,-3837.0,-12053.0,-15890.0,2023,6,2023-06,Monday,0,False,High Inflow (2023-2024),92.57142857142857,83.46666666666667,53.711752726497295,153.0,139.03333333333333,90.03147597738628,116.71428571428571,118.03333333333333,69.91116812478134,5869.142857142857,6906.6,122.04702450479833,191.57142857142858,236.0,57.30287119873736,0.7453025058085585,0.8953013916408644,0.32315760323659015,0.032596921520421235,0.033939297521576296,0.009550860559971569,2.7159790961772456,3.6293890385723415,1.423846476408143,1.751540980407786,1.2939142664870016,1.3006534813562833,32.876512151699,30.88632597745677,8.88838798904864,-99.0,-152.53333333333333,66.50062656346422,0.7697517531876283
2023-06-27,154.0,225.0,220.0,5917,155.0,0.9777777777777777,0.026195707284096672,1.0064935064935066,1.0227272727272727,24.545454545454547,38.174193548387095,False,-66.0,65.0,-1.0,-3903.0,-11988.0,-15891.0,2023,6,2023-06,Tuesday,1,False,High Inflow (2023-2024),101.57142857142857,85.26666666666667,58.471808428954795,174.42857142857142,138.03333333333333,86.13914546216718,134.28571428571428,117.5,78.99728747603578,5851.857142857143,6822.333333333333,100.87852194830552,174.85714285714286,231.56666666666666,45.85276644299925,0.7002231407291936,0.8970443110308427,0.2470043654289221,0.029903732682617222,0.03367572044643991,0.007984215932402118,2.4327623129604623,3.566938822122125,1.5518991093195915,1.7871883227561594,1.2919882264253684,1.2724852335763372,35.15874988550221,31.181368540180788,7.65513439392694,-73.28571428571429,-146.3,64.27211496368193,0.7922487187440037
2023-06-28,91.0,199.0,172.0,5999,174.0,0.864321608040201,0.02900483413902317,1.9120879120879122,1.1569767441860466,27.76744186046512,34.47701149425287,False,-81.0,-2.0,-83.0,-3984.0,-11990.0,-15974.0,2023,6,2023-06,Wednesday,2,False,High Inflow (2023-2024),110.42857142857143,81.46666666666667,49.68184491628428,195.57142857142858,134.86666666666667,66.78287490781146,157.28571428571428,117.33333333333333,57.68221645566424,5897.571428571428,6736.6,79.79318505330629,179.42857142857142,228.13333333333333,43.56932079210965,0.7928853312335359,0.9057870040879651,0.12787708984955096,0.030475222961980103,0.03356527216504749,0.007713673958275095,2.00641033981046,3.585634435451885,1.1089602192348995,1.290133052445075,1.2751868862598186,0.21025028414738656,34.37075756375564,31.299194314417615,7.3524958781758,-69.0,-146.66666666666666,62.147673595504095,0.8046200331391788
2023-06-29,81.0,213.0,153.0,6058,213.0,0.7183098591549296,0.035160118851105975,2.6296296296296298,1.392156862745098,33.41176470588235,28.441314553990612,False,-72.0,-60.0,-132.0,-4056.0,-12050.0,-16106.0,2023,6,2023-06,Thursday,3,False,High Inflow (2023-2024),117.28571428571429,78.8,39.478746542556735,218.42857142857142,131.83333333333334,22.655809724786376,174.28571428571428,115.4,21.445390225052222,5919.571428571428,6652.8,100.42386360298667,190.71428571428572,226.16666666666666,39.91956197870242,0.8038568205467739,0.9065947011475154,0.11541196093931778,0.032255743231456725,0.033679568862790846,0.007026760619234394,1.8019851353852556,3.6169740566465785,0.73653594407773,1.266323528635551,1.2735668385566932,0.18233537021636548,32.13955942967753,31.196747936805536,6.202017386677945,-73.42857142857143,-147.36666666666667,65.80490646058011,0.8269136886106935
2023-07-02,209.0,285.0,184.0,5903,309.0,0.6456140350877193,0.05234626461121464,1.4784688995215312,1.548913043478261,37.173913043478265,19.10355987055016,False,25.0,-125.0,-100.0,-4031.0,-12175.0,-16206.0,2023,7,2023-07,Sunday,6,True,High Inflow (2023-2024),133.85714285714286,83.86666666666666,50.4163616677119,231.14285714285714,135.93333333333334,31.296584326028295,176.42857142857142,115.1,21.578207701731177,5916.857142857143,6563.933333333333,100.60389086482556,213.57142857142858,226.23333333333332,55.00865732730074,0.772909554422279,0.888403234827394,0.12572920833350026,0.036139435493424514,0.034230217096554015,0.009521520798548977,1.7843163299405589,3.4867241895546064,0.7435785951643051,1.3219163471882358,1.2972179987279027,0.20262648212159798,29.19078706219141,30.903131528581746,6.855877980842108,-79.71428571428571,-142.36666666666667,65.96391509937901,0.7951871333154525
2023-07-04,184.0,314.0,217.0,6127,124.0,0.6910828025477707,0.020238289538110004,0.6739130434782609,1.4470046082949308,34.72811059907834,49.41129032258065,False,-33.0,93.0,60.0,-4064.0,-12082.0,-16146.0,2023,7,2023-07,Tuesday,1,False,High Inflow (2023-2024),142.42857142857142,87.33333333333333,53.469172248618044,242.57142857142858,142.33333333333334,44.38414560349663,184.42857142857142,117.26666666666667,25.012377888138694,5941.285714285715,6485.7,128.5673808886626,201.71428571428572,218.66666666666666,64.74492074213072,0.7733450707813622,0.8699092736008444,0.1253910315442182,0.034065638421779676,0.03352413286064002,0.011289974374564141,1.6421103591932138,3.362937957670548,0.855927986693001,1.321000412792037,1.318697099706155,0.2019463419505757,32.13912184257388,31.745426201252766,10.24584300385159,-59.285714285714285,-131.33333333333334,84.35582233553735,0.7570175127248953
2023-07-05,107.0,215.0,230.0,6193,167.0,1.069767441860465,0.02696592927498789,1.560747663551402,0.9347826086956522,22.434782608695652,37.08383233532934,False,-123.0,63.0,-60.0,-4187.0,-12019.0,-16206.0,2023,7,2023-07,Wednesday,2,False,High Inflow (2023-2024),144.57142857142858,87.33333333333333,51.37073467405723,244.28571428571428,143.83333333333334,42.80465039266297,192.57142857142858,120.5,29.540126059633668,6002.285714285715,6431.266666666666,132.7688646805823,188.0,212.8,59.55949406545837,0.8044237412230755,0.8794897569569774,0.16793935360868684,0.03140188410335096,0.0329620550111897,0.010264782714048586,1.4566892179614264,3.308109297234411,0.668524423171569,1.2869107276593763,1.3072500037052828,0.24628593999193943,34.30481869438899,32.221009728076666,9.283790610500912,-43.42857142857143,-125.46666666666667,68.8666758862298,0.759413411752611
2023-07-06,101.0,162.0,178.0,6239,205.0,1.0987654320987654,0.03285782978041353,2.0297029702970297,0.9101123595505618,21.842696629213485,30.434146341463414,False,-77.0,-27.0,-104.0,-4264.0,-12046.0,-16310.0,2023,7,2023-07,Thursday,3,False,High Inflow (2023-2024),132.42857142857142,87.4,49.97284977150812,230.42857142857142,144.03333333333333,51.96748067415869,193.42857142857142,121.8,28.924367713383948,6062.285714285715,6377.633333333333,131.02507938776884,192.42857142857142,211.63333333333333,59.49749894703486,0.8665198509382327,0.8864144166594149,0.18671479624894144,0.0318241390684217,0.0330379480120251,0.010253590840647482,1.6130062321513248,3.294957982102898,0.6541144281157909,1.2018104999539747,1.3001770104145225,0.26054578358669367,33.87504978093631,32.14548127279212,9.399275325396873,-60.0,-124.23333333333333,67.24333919925934,0.7638295280106273
2023-07-09,99.0,190.0,176.0,6214,196.0,0.9263157894736842,0.03154168007724493,1.97979797979798,1.0795454545454546,25.90909090909091,31.70408163265306,False,-77.0,-20.0,-97.0,-4341.0,-12066.0,-16407.0,2023,7,2023-07,Sunday,6,True,High Inflow (2023-2024),124.57142857142857,89.86666666666666,50.33837880735122,225.42857142857142,148.16666666666666,54.21210548348395,187.14285714285714,124.53333333333333,26.897512719138025,6104.714285714285,6325.166666666667,124.03858846573252,198.28571428571428,209.96666666666667,57.17142143214088,0.8591681383233621,0.8698168621671236,0.1825711665177001,0.03258784946744288,0.03303643544757374,0.009959371754620073,1.752049728337678,3.0329512480961633,0.6053292428299158,1.209927383070858,1.3127576035802222,0.25485989111108026,32.95074807868859,32.14699944103502,9.22251222070113,-73.71428571428571,-120.1,62.85091960534929,0.7761995519464172
2023-07-10,167.0,239.0,166.0,6346,163.0,0.694560669456067,0.025685471162937283,0.9760479041916168,1.4397590361445782,34.554216867469876,38.93251533742331,False,1.0,3.0,4.0,-4340.0,-12063.0,-16403.0,2023,7,2023-07,Monday,0,False,High Inflow (2023-2024),135.42857142857142,94.26666666666667,50.086116315991724,231.14285714285714,153.8,53.057919834298694,186.28571428571428,128.3,27.548226111761956,6154.285714285715,6279.733333333334,142.68580201000483,196.71428571428572,206.2,58.0939305083138,0.8349165756684859,0.8677307892442306,0.19276301407866697,0.03211365475657347,0.03269920752002189,0.0102336480749246,1.6183297272096357,2.8026290353787418,0.6645725810948448,1.2503248533506481,1.3167244142190035,0.267181746489836,33.58724862771293,32.51371130493946,9.495126108057692,-61.285714285714285,-111.93333333333334,69.00897112142795,0.7720091943284781
2023-07-11,115.0,216.0,169.0,6498,143.0,0.7824074074074074,0.02200677131425054,1.2434782608695651,1.2781065088757397,30.674556213017752,45.44055944055944,False,-54.0,26.0,-28.0,-4394.0,-12037.0,-16431.0,2023,7,2023-07,Tuesday,1,False,High Inflow (2023-2024),140.28571428571428,96.66666666666667,45.353111931870416,231.57142857142858,158.56666666666666,52.89882526375915,188.57142857142858,131.8,24.858648011353754,6217.142857142857,6244.8,184.10452517653334,186.71428571428572,197.36666666666667,60.78572827485742,0.8440733682759827,0.8645872918655735,0.18775810503568793,0.030234605108451256,0.031630487210530474,0.010774334271043656,1.4203081031010552,2.5277992409736187,0.498871806703016,1.2340319456550255,1.321307131181528,0.26048474157192486,36.01571218293706,33.411893351650924,10.113380673716366,-46.42857142857143,-100.7,62.09631535729281,0.7544011117610528
2023-07-12,84.0,158.0,193.0,6521,210.0,1.2215189873417722,0.032203649746971326,2.5,0.8186528497409327,19.647668393782382,31.052380952380954,False,-109.0,-17.0,-126.0,-4503.0,-12054.0,-16557.0,2023,7,2023-07,Wednesday,2,False,High Inflow (2023-2024),122.42857142857143,98.1,37.7617846632331,213.42857142857142,161.83333333333334,53.2974581722155,189.85714285714286,135.86666666666667,24.815509743092615,6305.428571428572,6228.966666666666,154.0831562748515,172.57142857142858,197.46666666666667,32.55179023677652,0.926345504312276,0.865860146999188,0.21103585551834592,0.027357088699273644,0.03171766432902586,0.005058138984709817,1.5662411174551223,2.4428398913801224,0.646337795890369,1.1297090608354072,1.320426545421719,0.2595896251866221,37.72268662319859,33.32040266842112,7.437520204990986,-50.142857142857146,-99.36666666666666,66.45908157512788,0.8413061650167787
2023-07-13,130.0,227.0,192.0,6604,226.0,0.8458149779735683,0.03422168382798304,1.7384615384615385,1.1822916666666667,28.375,29.221238938053098,False,-62.0,-34.0,-96.0,-4565.0,-12088.0,-16653.0,2023,7,2023-07,Thursday,3,False,High Inflow (2023-2024),114.71428571428571,100.26666666666667,27.096828139804515,201.0,166.63333333333333,31.706991868251226,186.28571428571428,140.1,21.883892750257285,6373.571428571428,6214.233333333334,166.95993246171636,187.14285714285714,199.4,29.907794811323498,0.9484501008016757,0.8679495619276243,0.18926750399690095,0.02935471645496979,0.032063609944750944,0.004509626151609309,1.7183194738813046,2.4146347631749943,0.5128402894225255,1.0918929263170838,1.3172721650798385,0.22226061535061215,34.838393568266085,32.89642809334035,5.906456525318002,-72.42857142857143,-99.13333333333334,46.53979352073196,0.8622082240156688
2023-07-16,88.0,214.0,160.0,6468,218.0,0.7476635514018691,0.03370439084724799,2.477272727272727,1.3375,32.099999999999994,29.6697247706422,False,-72.0,-58.0,-130.0,-4637.0,-12146.0,-16783.0,2023,7,2023-07,Sunday,6,True,High Inflow (2023-2024),112.0,101.93333333333334,28.890598240027384,200.85714285714286,171.1,31.63557370760865,176.28571428571428,142.7,12.605743211122663,6412.857142857143,6194.733333333334,148.7508303298227,194.42857142857142,199.66666666666666,30.39110145452249,0.9024352593075905,0.8587050136410199,0.19395399374144004,0.03031735382243552,0.03219460417248212,0.004632260722055292,1.8492516258414942,2.3129999944349624,0.5786780252198661,1.1494239822177048,1.32933517320992,0.22688804610971045,33.779235344739355,32.765895109504605,6.098330386240697,-82.42857142857143,-97.73333333333333,50.75384104629291,0.8648200975262256
2023-07-17,113.0,208.0,159.0,6632,160.0,0.7644230769230769,0.024125452352231604,1.415929203539823,1.3081761006289307,31.39622641509434,41.45,False,-46.0,-1.0,-47.0,-4683.0,-12147.0,-16830.0,2023,7,2023-07,Monday,0,False,High Inflow (2023-2024),113.71428571428571,103.83333333333333,28.4822417523288,207.42857142857142,175.3,26.594843753737834,173.57142857142858,145.73333333333332,14.128660503354565,6469.0,6182.4,146.34092615078424,188.0,195.43333333333334,32.470499431535856,0.8546720657110637,0.8565435064490249,0.17806435036716167,0.02906987133269524,0.03163250961554756,0.004995651011475978,1.7615696591618928,2.1893643012196233,0.5930989636676915,1.206290230943186,1.3327449647995118,0.2058174366813972,35.352928724530294,33.334321358052804,6.499400420806179,-74.28571428571429,-91.6,51.285846929129285,0.852721794910166
2023-07-18,174.0,285.0,150.0,6874,181.0,0.5263157894736842,0.026331102705848125,1.0402298850574712,1.9,45.599999999999994,37.97790055248619,False,24.0,-31.0,-7.0,-4659.0,-12178.0,-16837.0,2023,7,2023-07,Tuesday,1,False,High Inflow (2023-2024),124.42857142857143,107.16666666666667,35.31221291497301,221.0,181.36666666666667,38.00877091760106,169.85714285714286,148.06666666666666,16.587430697454664,6563.285714285715,6193.033333333334,165.964568794793,185.85714285714286,191.73333333333332,32.34928423437263,0.7975292085682064,0.8481973984606073,0.21215927796620027,0.028325503136781414,0.031025341439787753,0.004953981584121995,1.6273456456275344,2.092507099190007,0.6399470229811478,1.3234980231509783,1.3531616314661783,0.32227582464760895,36.24918857022074,33.85196370523614,6.343062548965536,-61.42857142857143,-84.56666666666666,55.7310719522993,0.851749168594354
2023-07-19,104.0,230.0,206.0,7001,226.0,0.8956521739130435,0.03228110269961434,2.173076923076923,1.116504854368932,26.796116504854368,30.97787610619469,False,-102.0,-20.0,-122.0,-4761.0,-12198.0,-16959.0,2023,7,2023-07,Wednesday,2,False,High Inflow (2023-2024),115.42857142857143,108.36666666666666,30.33071678929444,219.71428571428572,185.46666666666667,37.44646972997729,175.57142857142858,151.53333333333333,21.267009998721445,6656.857142857143,6208.966666666666,203.45222909522002,194.85714285714286,192.96666666666667,33.667138139084855,0.8262565663477746,0.846276769989796,0.20949070148379909,0.029267736213449563,0.031135564920341616,0.004995230693673576,1.7983497911825783,2.0722959378023753,0.5952772614424516,1.277318854325886,1.355411139683705,0.32597857349327886,35.11281153718808,33.73411865833504,6.492992096944685,-79.42857142857143,-84.6,51.244047273340605,0.8526758820011752
2023-07-20,147.0,276.0,214.0,7116,281.0,0.7753623188405797,0.0394884766722878,1.91156462585034,1.2897196261682242,30.95327102803738,25.323843416370106,False,-67.0,-67.0,-134.0,-4828.0,-12265.0,-17093.0,2023,7,2023-07,Thursday,3,False,High Inflow (2023-2024),120.0,110.2,32.58322676879429,228.28571428571428,190.53333333333333,42.92130118295695,182.0,155.56666666666666,25.357444666211993,6745.142857142857,6229.233333333334,251.45339433742933,214.57142857142858,196.1,38.32256577552008,0.825250125123942,0.8471221806178153,0.2097532317077348,0.031765122693169175,0.03149405194238243,0.005128309139050949,1.893790700465546,2.0682611354756473,0.5427249950368019,1.278977871081955,1.3539573494448678,0.3260128000162712,32.23899496230389,33.418175470966275,5.542313692525932,-94.57142857142857,-85.9,49.13198938525053,0.8484639151891252
2023-07-23,108.0,220.0,213.0,7052,276.0,0.9681818181818181,0.039137833238797506,2.5555555555555554,1.0328638497652582,24.7887323943662,25.55072463768116,False,-105.0,-63.0,-168.0,-4933.0,-12328.0,-17261.0,2023,7,2023-07,Sunday,6,True,High Inflow (2023-2024),123.42857142857143,110.03333333333333,29.256663872567334,237.14285714285714,192.46666666666667,30.63999875668286,184.85714285714286,159.1,27.81143992094249,6821.0,6248.2,252.6572117844107,224.0,198.36666666666667,44.61315202194686,0.7890591009582343,0.8573784469851927,0.14036288408791775,0.03275572033485863,0.03172918265803426,0.005846550218614665,1.901727208402054,2.0920893885074405,0.5533691674504528,1.3095794425140015,1.3379188547174168,0.2827908142202123,31.453044060203922,33.23092398453,6.1006054587675145,-100.57142857142857,-88.33333333333333,55.731071952299395,0.8339130020770473
2023-07-24,180.0,280.0,146.0,7220,187.0,0.5214285714285715,0.025900277008310248,1.038888888888889,1.917808219178082,46.02739726027397,38.6096256684492,False,34.0,-41.0,-7.0,-4899.0,-12369.0,-17268.0,2023,7,2023-07,Monday,0,False,High Inflow (2023-2024),130.57142857142858,112.5,36.3678298447825,244.71428571428572,195.26666666666668,34.07205250501886,178.28571428571428,159.6,31.084370594208572,6909.0,6274.0,271.083627933042,218.42857142857142,196.1,46.707804996799624,0.7427181857375204,0.8524804878015193,0.16910694011628832,0.031566947932048235,0.03127387800189385,0.006325196864041159,1.801788258463104,2.046530338891787,0.6435868684624371,1.4146532357299182,1.3519730218197907,0.3550306137928199,32.79424216454622,33.67529712772668,6.544060175811346,-87.85714285714286,-83.6,66.12974260605318,0.823834791639967
2023-07-25,134.0,294.0,186.0,7510,136.0,0.6326530612244898,0.018109187749667112,1.0149253731343284,1.5806451612903225,37.935483870967744,55.220588235294116,False,-52.0,50.0,-2.0,-4951.0,-12319.0,-17270.0,2023,7,2023-07,Tuesday,1,False,High Inflow (2023-2024),137.14285714285714,114.1,31.179205524561745,256.14285714285717,200.0,35.442105709774815,182.0,160.2,30.072135496724144,7057.857142857143,6324.1,274.6297074070542,206.71428571428572,192.7,56.15963641179298,0.7262881157121804,0.8367268179125111,0.1740609030187496,0.029339061775250964,0.030556836166325627,0.007977541413560722,1.5928814935861897,1.9881131226474273,0.6248471841670901,1.4493882587713927,1.3745024637040713,0.3581050742376346,36.44436551663935,34.67466687562584,10.463133113058689,-69.57142857142857,-78.6,70.11147586250792,0.7863628466544587
2023-07-26,202.0,313.0,158.0,7647,215.0,0.5047923322683706,0.028115600889237608,1.0643564356435644,1.981012658227848,47.54430379746835,35.56744186046512,False,44.0,-57.0,-13.0,-4907.0,-12376.0,-17283.0,2023,7,2023-07,Wednesday,2,False,High Inflow (2023-2024),149.85714285714286,118.03333333333333,37.24884146488577,271.14285714285717,206.5,33.854731680266575,181.85714285714286,160.93333333333334,30.2017028848186,7202.857142857143,6378.3,280.20494200463156,214.57142857142858,193.96666666666667,52.245756264208325,0.6891980093329367,0.8151351498920782,0.19138075601467025,0.02990908299482325,0.030514119192146916,0.007679926931281402,1.542656812458153,1.9533535752641176,0.6548502392569053,1.5455077669998096,1.4116146503508817,0.4015483313840995,35.60400006813437,34.72634996588992,10.227675258483503,-64.71428571428571,-75.93333333333334,73.05184069256167,0.8041889382185318
2023-07-27,110.0,272.0,193.0,7754,259.0,0.7095588235294118,0.03340211503740005,2.3545454545454545,1.4093264248704662,33.82383419689119,29.93822393822394,False,-83.0,-66.0,-149.0,-4990.0,-12442.0,-17432.0,2023,7,2023-07,Thursday,3,False,High Inflow (2023-2024),140.71428571428572,119.73333333333333,38.178153813030725,269.2857142857143,213.43333333333334,33.32023552194798,188.0,163.46666666666667,26.82660371099311,7328.571428571428,6434.733333333334,304.43163279729947,225.71428571428572,197.73333333333332,52.21019787268354,0.7153755856266121,0.777849610676392,0.17741037612489846,0.03091922761361638,0.030824575218334465,0.007595439979191082,1.730416179527865,1.9493525480427514,0.6748985486038014,1.4754115419813048,1.440358579612946,0.3710194568073893,34.45547483752547,34.34050080949283,10.367126662076414,-85.0,-78.0,74.06303621465516,0.8121425028883945
2023-07-30,166.0,277.0,229.0,7671,305.0,0.8267148014440433,0.03976013557554426,1.8373493975903614,1.2096069868995634,29.03056768558952,25.15081967213115,False,-63.0,-76.0,-139.0,-5053.0,-12518.0,-17571.0,2023,7,2023-07,Sunday,6,True,High Inflow (2023-2024),149.57142857142858,123.2,35.326369484457125,276.0,219.43333333333334,28.466354408903843,191.28571428571428,169.36666666666667,30.54894589405824,7424.285714285715,6488.266666666666,289.2223563775511,237.0,202.33333333333334,60.207972893961454,0.7055273895596121,0.7875373549169665,0.1673641306029531,0.031987660881606365,0.03123207850091581,0.00831124091386027,1.682455104458356,1.920812581725871,0.6496553742354658,1.4887118466285378,1.4184993253301106,0.35742887132529694,33.62303820408783,33.96828262291516,10.91250162989783,-87.42857142857143,-79.13333333333334,75.73827113346132,0.7974214072802058
2023-07-31,136.0,276.0,178.0,7800,220.0,0.644927536231884,0.028205128205128206,1.6176470588235294,1.550561797752809,37.21348314606742,35.45454545454545,False,-42.0,-42.0,-84.0,-5095.0,-12560.0,-17655.0,2023,7,2023-07,Monday,0,False,High Inflow (2023-2024),148.0,124.7,35.7024742373224,276.0,226.13333333333333,28.466354408903843,186.14285714285714,172.06666666666666,29.08280460701008,7522.0,6547.0,283.1907484364783,228.28571428571428,200.6,57.1130874835599,0.6868938491869413,0.7659238283469183,0.1655442923423712,0.030375753957726428,0.030670648469462592,0.007684594562862691,1.6404668805973832,1.8751004507196223,0.6418307753377164,1.5259750139977641,1.444411522712249,0.346660279306916,35.07028135239859,34.41014982434119,10.281961117306427,-80.28571428571429,-75.9,72.91939450679827,0.7998832261050205
2023-08-01,87.0,246.0,173.0,8103,168.0,0.7032520325203252,0.02073306182895224,1.9310344827586208,1.4219653179190752,34.127167630057805,48.232142857142854,False,-86.0,5.0,-81.0,-5181.0,-12555.0,-17736.0,2023,8,2023-08,Tuesday,1,False,High Inflow (2023-2024),145.0,126.63333333333334,40.22022708372829,279.7142857142857,232.63333333333333,20.532204669041583,180.42857142857142,177.46666666666667,26.763514610112725,7672.142857142857,6627.8,270.8144682074619,212.85714285714286,201.46666666666667,56.661064148815704,0.6490467369495853,0.7821760202806023,0.11221060384427069,0.027746500899177105,0.0305282704576449,0.00732728506127137,1.5512495844835352,1.7762498760069787,0.5264669397552656,1.5815609380197382,1.3372649120974305,0.2790074453716547,38.31048395517883,34.684789328029986,10.355615178754531,-67.85714285714286,-74.83333333333333,62.087112380988586,0.7897690668906721
2023-08-02,84.0,171.0,157.0,8261,271.0,0.9181286549707602,0.03280474518823387,3.2261904761904763,1.089171974522293,26.14012738853503,30.48339483394834,False,-73.0,-114.0,-187.0,-5254.0,-12669.0,-17923.0,2023,8,2023-08,Wednesday,2,False,High Inflow (2023-2024),131.28571428571428,128.33333333333334,42.59387391677472,264.14285714285717,236.56666666666666,45.918146635901806,182.0,181.56666666666666,24.64413385236609,7820.857142857143,6706.366666666667,266.94283318810375,224.85714285714286,206.03333333333333,59.1140946854149,0.7057181774556122,0.7913966609808855,0.13489776063274972,0.02873285349630905,0.03086521273176037,0.00750001878582391,1.8637212398123337,1.748436023193126,0.7662080214239079,1.4631843316403397,1.3216098602677813,0.2882026018154849,37.149593835964424,34.23224577274369,10.763927192615363,-93.57142857142857,-77.7,69.5122462660528,0.7918306966685115
2023-08-03,167.0,209.0,157.0,8294,339.0,0.7511961722488039,0.04087292018326501,2.029940119760479,1.3312101910828025,31.94904458598726,24.466076696165192,False,10.0,-182.0,-172.0,-5244.0,-12851.0,-18095.0,2023,8,2023-08,Thursday,3,False,High Inflow (2023-2024),136.0,130.8,44.717632614737916,252.0,237.0,47.90267911783913,177.85714285714286,181.16666666666666,26.245180963550755,7932.857142857143,6785.433333333333,278.9787498308063,253.85714285714286,212.36666666666667,58.0414466033498,0.7226529076019428,0.7876950367905394,0.1315970340009118,0.03198481527253732,0.0313889627786212,0.007047385428124952,2.008723346473212,1.7626956759306616,0.6686358511645113,1.427550764467837,1.327324756183559,0.2866752831070568,32.75609218751743,33.722949447850766,8.107234865211215,-117.85714285714286,-81.56666666666666,61.41234558682958,0.8139092366408354
2023-08-06,109.0,245.0,159.0,8298,322.0,0.6489795918367347,0.03880453121234032,2.9541284403669725,1.5408805031446542,36.9811320754717,25.770186335403725,False,-50.0,-163.0,-213.0,-5294.0,-13014.0,-18308.0,2023,8,2023-08,Sunday,6,True,High Inflow (2023-2024),122.71428571428571,130.3,34.48533159530445,242.28571428571428,237.36666666666667,39.655660738051346,178.0,181.1,26.121510931286814,8025.857142857143,6863.5,276.2990098736522,269.14285714285717,216.2,60.153771207432705,0.7432510875402805,0.786393216917291,0.09908010917163863,0.03351180531869485,0.03152395151771175,0.007225068207100295,2.2786907757194137,1.8055214626525713,0.6019729296361914,1.364674742313095,1.3302402346527702,0.16928580879545074,31.356484255365807,33.62285743036744,8.38202859299783,-146.42857142857142,-85.9,49.952834897388136,0.8173264891633083
2023-08-07,156.0,256.0,176.0,8493,202.0,0.6875,0.023784292947132933,1.294871794871795,1.4545454545454546,34.90909090909091,42.04455445544554,False,-20.0,-26.0,-46.0,-5314.0,-13040.0,-18354.0,2023,8,2023-08,Monday,0,False,High Inflow (2023-2024),129.28571428571428,132.43333333333334,36.00793563329389,240.0,239.13333333333333,38.08761828556186,175.57142857142858,181.2,25.270913074502296,8131.428571428572,6954.4,295.61960757191184,261.0,214.16666666666666,65.38603316713218,0.7400998270360788,0.7809026586250085,0.10066835832671184,0.03213783073437098,0.030796354299149887,0.008109741934406337,2.127308824337462,1.7533940007425006,0.7042678037550134,1.3711346036952359,1.3396114029834763,0.17211283791725682,33.08596004354032,34.29354409979484,9.245144642500005,-131.71428571428572,-81.73333333333333,62.63043532158648,0.799666571107073
2023-08-08,125.0,232.0,192.0,8725,207.0,0.8275862068965517,0.02372492836676218,1.656,1.2083333333333333,29.0,42.14975845410628,False,-67.0,-15.0,-82.0,-5381.0,-13055.0,-18436.0,2023,8,2023-08,Tuesday,1,False,High Inflow (2023-2024),123.42857142857143,130.4,32.17067579259704,233.57142857142858,238.23333333333332,34.423137290961485,170.28571428571428,181.86666666666667,13.237752650586081,8282.0,7051.266666666666,290.39513310893125,247.0,215.26666666666668,64.88451279003326,0.7402243135292943,0.7863524433851381,0.10079377841279123,0.02984708684740211,0.030590450410544683,0.00785867172535493,2.1014017675388392,1.7774112050435762,0.719874543008542,1.3709526531857745,1.3296953823116413,0.17231261549745178,35.51437986953677,34.58378509041064,9.043797374617602,-123.57142857142857,-84.86666666666666,65.17887475467577,0.7919598116315741
2023-08-09,118.0,139.0,168.0,8888,251.0,1.20863309352518,0.02824032403240324,2.1271186440677967,0.8273809523809523,19.857142857142854,35.41035856573705,False,-50.0,-83.0,-133.0,-5431.0,-13138.0,-18569.0,2023,8,2023-08,Wednesday,2,False,High Inflow (2023-2024),120.85714285714286,129.2,31.71450021377497,214.0,235.36666666666667,43.916587602712006,168.85714285714286,180.13333333333333,12.798809468443832,8437.42857142857,7150.3,280.41092295826917,251.42857142857142,218.46666666666667,63.783114648672495,0.8207536788569081,0.7940476205767183,0.19403039850061526,0.029852114822727115,0.030658604302154897,0.007857457278686832,2.1741834225737344,1.8147653762960523,0.6878564167515132,1.267641103846938,1.3231838383000973,0.24720020235753754,35.50806745684986,34.49165725765564,9.043861519168592,-130.57142857142858,-89.26666666666667,62.808855911824885,0.7976499049180487
2023-08-10,142.0,235.0,139.0,8914,353.0,0.5914893617021276,0.03960062822526363,2.4859154929577465,1.6906474820143884,40.57553956834532,25.25212464589235,False,3.0,-214.0,-211.0,-5428.0,-13352.0,-18780.0,2023,8,2023-08,Thursday,3,False,High Inflow (2023-2024),128.71428571428572,130.9,28.5873765014928,212.42857142857142,236.56666666666666,42.762355496617104,164.0,179.03333333333333,16.792855623746785,8553.285714285714,7247.466666666666,286.6761903180355,277.85714285714283,224.43333333333334,61.74795157581737,0.8047875830257369,0.7849532123654492,0.20930752891772061,0.0325474814507716,0.031011797438362913,0.0074325767913676465,2.2534521383164665,1.833892962325047,0.687137719347629,1.3060242701462683,1.3409728628943753,0.2919626691345065,32.2252077123855,34.18416102937695,7.730789939196687,-149.14285714285714,-93.53333333333333,64.89331904859593,0.8181771928983629
2023-08-16,148.0,245.0,175.0,9634,288.0,0.7142857142857143,0.029894124974050237,1.945945945945946,1.4,33.599999999999994,33.451388888888886,False,-27.0,-113.0,-140.0,-5455.0,-13465.0,-18920.0,2023,8,2023-08,Wednesday,2,False,High Inflow (2023-2024),137.85714285714286,133.13333333333333,21.177256443557475,223.0,237.63333333333333,39.86226285598958,166.57142857142858,179.76666666666668,16.919979736563466,8749.42857142857,7366.666666666667,466.60256362452577,280.2857142857143,226.93333333333334,61.76761364370535,0.7756671629278732,0.7848190742031419,0.20504724966005253,0.03213167856303108,0.030836264309127722,0.007496922237705665,2.070560062567248,1.8111035062022576,0.5396207119936001,1.3504282737859408,1.341234300802872,0.27672420443418666,32.64920686309129,34.351163507206905,7.700669448381693,-142.42857142857142,-93.8,62.71857019750252,0.8194211001611694
2023-08-17,119.0,219.0,210.0,9694,407.0,0.958904109589041,0.04198473282442748,3.4201680672268906,1.042857142857143,25.028571428571432,23.818181818181817,False,-91.0,-197.0,-288.0,-5546.0,-13662.0,-19208.0,2023,8,2023-08,Thursday,3,False,High Inflow (2023-2024),131.0,130.13333333333333,17.644640357154927,224.42857142857142,235.43333333333334,39.454011806393694,174.14285714285714,180.63333333333333,22.770072254522912,8949.42857142857,7493.033333333334,534.0267961887765,290.0,230.2,76.20148729957059,0.8053397254050499,0.7952620766865194,0.2156694886657477,0.03229050894034001,0.03049087991623482,0.007721397129866391,2.2691640550624497,1.8758268117924362,0.7405887345571094,1.309234981182275,1.3243657707821683,0.3005024032925853,32.55665045195081,34.50831757212795,7.818410717762011,-159.0,-100.06666666666666,83.66201846317924,0.7919137689431772
2023-08-20,105.0,210.0,149.0,9483,390.0,0.7095238095238096,0.041126225877886745,3.7142857142857144,1.4093959731543624,33.8255033557047,24.315384615384616,False,-44.0,-241.0,-285.0,-5590.0,-13903.0,-19493.0,2023,8,2023-08,Sunday,6,True,High Inflow (2023-2024),130.42857142857142,127.5,18.51897353938355,219.42857142857142,231.96666666666667,38.62148427519398,172.71428571428572,178.36666666666667,24.150322880617953,9118.714285714286,7604.9,477.9894400109037,299.7142857142857,239.06666666666666,84.80902916890024,0.8139888993603464,0.7958767769190539,0.20947892135167492,0.03262217960684664,0.03118714446089404,0.008088955551098067,2.3777579513365557,1.977172567486018,0.8969840209634049,1.2904514768979476,1.3231121496108158,0.2874349209075948,32.34882163480522,33.67178738188809,8.044928988425092,-169.28571428571428,-111.56666666666666,95.05737615727028,0.7794437271127128
2023-08-21,143.0,203.0,163.0,9668,281.0,0.8029556650246306,0.029064956557716178,1.965034965034965,1.2453987730061349,29.889570552147237,34.405693950177934,False,-20.0,-118.0,-138.0,-5610.0,-14021.0,-19631.0,2023,8,2023-08,Monday,0,False,High Inflow (2023-2024),128.57142857142858,128.7,16.008926081587166,211.85714285714286,231.56666666666666,35.31019008458516,170.85714285714286,176.13333333333333,24.354524367001318,9286.57142857143,7720.733333333334,425.01131637599264,311.0,242.86666666666667,74.23610981186941,0.8304825657924363,0.7869830510245261,0.20228136934967214,0.03337656012264424,0.03125711203698499,0.007338814356089316,2.473495547074151,1.9906488108688032,0.7917301758466965,1.2605733795351877,1.333466021754499,0.27825857586562197,31.25755584833842,33.58251610238304,6.9547676243031065,-182.42857142857142,-114.16666666666667,80.40078180145845,0.8072971148833303
2023-08-22,119.0,209.0,152.0,9921,230.0,0.7272727272727273,0.023183146860195545,1.9327731092436975,1.375,33.0,43.13478260869565,False,-33.0,-78.0,-111.0,-5643.0,-14099.0,-19742.0,2023,8,2023-08,Tuesday,1,False,High Inflow (2023-2024),127.71428571428571,129.3,16.38814902822879,208.57142857142858,233.13333333333333,34.17531830067417,165.14285714285714,175.26666666666668,23.233801320694976,9457.42857142857,7843.466666666666,401.37258548758666,314.2857142857143,243.7,69.20432136245559,0.8161520687033186,0.7745999608636583,0.20603917676036473,0.033299162764563295,0.030934622606311055,0.00745943387987659,2.5130345626803936,1.9874178155003588,0.7499064916240017,1.2843829033447116,1.3489622764361466,0.2801675645431251,31.39827358470833,34.00587064462412,7.216908199855788,-186.57142857142858,-114.4,74.9240885671562,0.8195407574397928
2023-08-23,155.0,212.0,181.0,10071,285.0,0.8537735849056604,0.02829907655644921,1.8387096774193548,1.171270718232044,28.110497237569056,35.33684210526316,False,-26.0,-104.0,-130.0,-5669.0,-14203.0,-19872.0,2023,8,2023-08,Wednesday,2,False,High Inflow (2023-2024),133.0,131.16666666666666,18.55622087962256,219.0,233.86666666666667,15.373136743467205,167.0,175.43333333333334,24.006943440041198,9626.42857142857,7972.033333333334,369.4350899878431,319.14285714285717,246.66666666666666,65.09333957589504,0.7654578531862443,0.7721818873780575,0.1183902821099465,0.033307555982284145,0.030826535822284527,0.007452823206648474,2.4718332817306163,1.9827148720877381,0.7818843278536904,1.3335100127520103,1.3520197852256997,0.20736942012481824,31.387771233212057,34.126962660377785,7.210146875425804,-186.14285714285714,-115.5,75.28928337071757,0.8305902980204097
2023-08-24,109.0,214.0,173.0,10026,443.0,0.8084112149532711,0.044185118691402354,4.064220183486238,1.2369942196531791,29.687861271676297,22.632054176072234,False,-64.0,-270.0,-334.0,-5733.0,-14473.0,-20206.0,2023,8,2023-08,Thursday,3,False,High Inflow (2023-2024),128.28571428571428,129.23333333333332,20.022606271531423,216.0,233.03333333333333,13.686976778432228,171.85714285714286,175.66666666666666,20.59472886791329,9785.285714285714,8094.7,221.49019111903624,332.0,256.0,80.06247560499183,0.7964466893649791,0.7759769055612976,0.09032843117597684,0.03396248319173254,0.031443190739900026,0.008256144652974712,2.6973053803775437,2.0856539480642255,0.9872261373997505,1.2687024038432662,1.3452609580093196,0.1356345590035342,31.01347545180919,33.583613954999414,7.637113859389163,-203.71428571428572,-126.76666666666667,94.06861730622379,0.8057030660521957
2023-08-27,191.0,283.0,192.0,9873,488.0,0.6784452296819788,0.049427732198926363,2.554973821989529,1.4739583333333333,35.375,20.23155737704918,False,-1.0,-296.0,-297.0,-5734.0,-14769.0,-20503.0,2023,8,2023-08,Sunday,6,True,High Inflow (2023-2024),134.42857142857142,131.76666666666668,30.783421635988656,221.42857142857142,235.26666666666668,27.585365340201452,174.28571428571428,176.43333333333334,21.982677162668313,9819.42857142857,8207.2,212.52204367467854,360.57142857142856,267.5,95.86945489024261,0.7913266201358741,0.7725114996371166,0.09656238550909843,0.036752998509571984,0.032357222769389224,0.0098072856020283,2.7843093626694837,2.1293704667682243,0.9354519496347372,1.2792678800337425,1.351789352157906,0.1497163620544268,29.124928092974944,32.743313886215745,8.517561331017506,-226.14285714285714,-135.73333333333332,95.05687520537141,0.7899630415155545
2023-08-28,170.0,297.0,196.0,10012,388.0,0.6599326599326599,0.03875349580503396,2.2823529411764705,1.5153061224489797,36.36734693877551,25.804123711340207,False,-26.0,-192.0,-218.0,-5760.0,-14961.0,-20721.0,2023,8,2023-08,Monday,0,False,High Inflow (2023-2024),141.71428571428572,134.63333333333333,32.510071699471354,232.57142857142858,239.9,39.58474934810603,172.28571428571428,176.53333333333333,18.562635280892433,9864.857142857143,8323.566666666668,215.21263018354597,357.85714285714283,273.43333333333334,94.59638571571365,0.7486164130421054,0.7537919553901463,0.07343794551383227,0.036291393221087195,0.03257555097132465,0.009593717516078978,2.6217643446622816,2.12211556480744,0.9049051402602463,1.3467605914040048,1.3750111279148411,0.13065673028601682,29.40863407771186,32.56837197818105,8.342620174756183,-216.14285714285714,-138.8,91.06303416027943,0.7909257421108139
2023-08-29,152.0,272.0,214.0,10180,286.0,0.7867647058823529,0.028094302554027506,1.881578947368421,1.2710280373831775,30.504672897196258,35.59440559440559,False,-62.0,-72.0,-134.0,-5822.0,-15033.0,-20855.0,2023,8,2023-08,Tuesday,1,False,High Inflow (2023-2024),148.42857142857142,135.36666666666667,28.236248233179275,241.42857142857142,241.4,40.615502552831266,181.57142857142858,177.26666666666668,21.062265965917607,9964.42857142857,8442.766666666666,164.31560804641688,343.0,275.43333333333334,96.84695830707972,0.7596508268076116,0.7518236129871058,0.07238041129396759,0.03442968988910731,0.032371304928859465,0.009762100253706756,2.3599490922455253,2.126886145104336,0.7945188031877479,1.3269937434366927,1.3779690069387247,0.13006678909683433,31.019922789000564,32.78081086672613,8.28396732927377,-194.57142857142858,-140.06666666666666,89.91080235962974,0.7798166919697875
2023-08-30,239.0,367.0,224.0,10280,366.0,0.6103542234332425,0.035603112840466924,1.5313807531380754,1.6383928571428572,39.32142857142857,28.08743169398907,False,15.0,-142.0,-127.0,-5807.0,-15175.0,-20982.0,2023,8,2023-08,Wednesday,2,False,High Inflow (2023-2024),162.14285714285714,140.4,44.047052763412694,264.85714285714283,246.5,58.23352004767392,190.28571428571428,179.4,24.445274156192884,10051.857142857143,8569.833333333334,141.54319549353713,355.14285714285717,280.3666666666667,93.0312287557754,0.732136335151699,0.7472466353881515,0.08807986872061242,0.03536371221521455,0.03243459566196676,0.009471724428940245,2.2979984905459694,2.0953564126331807,0.8457012826699494,1.3831357554562245,1.3879987688434867,0.16820246132660827,30.117313895259304,32.72806776417103,8.197335199480852,-193.0,-139.96666666666667,91.1518878941445,0.7924216689832952
2023-08-31,113.0,280.0,237.0,10140,505.0,0.8464285714285714,0.04980276134122288,4.469026548672566,1.1814345991561181,28.354430379746837,20.07920792079208,False,-124.0,-268.0,-392.0,-5931.0,-15443.0,-21374.0,2023,8,2023-08,Thursday,3,False,High Inflow (2023-2024),161.28571428571428,140.4,45.0729567320742,275.0,248.9,52.81413952090209,202.42857142857142,182.0,23.344215149633616,10083.142857142857,8686.766666666666,131.65666025887916,394.42857142857144,291.8666666666667,89.36975092810889,0.7491585986025339,0.749980151871668,0.09794482976288452,0.039166514283932745,0.033290505961599805,0.009102858747166216,2.6603204104643794,2.197126324137606,1.1512527228711635,1.3554835553356699,1.3837740521277262,0.1848499683136664,26.823660368415933,32.01570802819743,6.564422178189187,-233.14285714285714,-151.46666666666667,109.12443748832288,0.8152747812502313
2023-09-04,196.0,306.0,187.0,9988,293.0,0.6111111111111112,0.02933520224269123,1.4948979591836735,1.6363636363636365,39.27272727272727,34.08873720136519,False,9.0,-106.0,-97.0,-5922.0,-15549.0,-21471.0,2023,9,2023-09,Monday,0,False,High Inflow (2023-2024),167.14285714285714,141.13333333333333,46.75264189122929,288.42857142857144,249.6,45.580906612517246,203.28571428571428,183.23333333333332,22.521946968193003,10071.285714285714,8790.566666666668,136.57807814073627,395.57142857142856,295.6,87.77406060041629,0.7144925309175983,0.7528066625929155,0.09768981332600474,0.039314532239110175,0.033390642612827905,0.008902924170474426,2.611204450716425,2.212281926608479,1.1985112739207069,1.4219254007830402,1.3749861733398476,0.1910823049075648,26.64535966785908,31.88606924982673,6.306535912928558,-228.42857142857142,-154.46666666666667,114.88379221755237,0.8184030624744079
2023-09-05,236.0,330.0,222.0,10142,243.0,0.6727272727272727,0.023959771248274503,1.0296610169491525,1.4864864864864864,35.67567567567568,41.73662551440329,False,14.0,-21.0,-7.0,-5908.0,-15570.0,-21478.0,2023,9,2023-09,Tuesday,1,False,High Inflow (2023-2024),185.28571428571428,145.53333333333333,45.039665058384166,305.0,252.93333333333334,33.49626844888788,210.28571428571428,183.76666666666668,18.856601723837485,10087.857142857143,8895.266666666666,137.2035332047076,367.0,296.1666666666667,101.27520262466297,0.6951091105995986,0.7453758325533898,0.08902564842426047,0.0364251968900919,0.03311326489778324,0.01024028494146311,2.177695998353984,2.174168063070887,1.1323348671085356,1.4575671531877983,1.3873188944104327,0.17327768365856827,29.374584144763514,32.24469423010035,8.145892538468608,-181.71428571428572,-150.63333333333333,130.2557923033423,0.7837271714218056
2023-09-06,81.0,230.0,242.0,10356,291.0,1.0521739130434782,0.02809965237543453,3.5925925925925926,0.9504132231404959,22.8099173553719,35.58762886597938,False,-161.0,-49.0,-210.0,-6069.0,-15619.0,-21688.0,2023,9,2023-09,Wednesday,2,False,High Inflow (2023-2024),169.57142857142858,143.33333333333334,59.56189257922428,297.42857142857144,251.4,43.725877703624725,217.42857142857142,184.7,20.19783109525334,10156.857142857143,9003.266666666666,132.51343148472108,338.85714285714283,296.5,88.62924380328859,0.7484989225083841,0.7546028856934864,0.16063295664942795,0.033378328343878785,0.03273363742122146,0.008798158193024175,2.325927251297279,2.230202328628962,1.2515909737446909,1.3827749945888215,1.376008680976175,0.2575300315772487,31.568308643182117,32.586820411754,7.29672743424093,-169.28571428571428,-153.16666666666666,121.26240731806145,0.7926735293358238
2023-09-07,118.0,245.0,160.0,10419,398.0,0.6530612244897959,0.03819944332469527,3.3728813559322033,1.53125,36.75,26.178391959798994,False,-42.0,-238.0,-280.0,-6111.0,-15857.0,-21968.0,2023,9,2023-09,Thursday,3,False,High Inflow (2023-2024),162.14285714285714,143.66666666666666,62.661600605763304,290.0,252.23333333333332,48.01735797257732,212.28571428571428,182.93333333333334,29.15884248796748,10215.0,9115.5,146.87296097891357,340.2857142857143,300.56666666666666,89.6283331053189,0.7475172888736893,0.7440988659037525,0.16128406961834335,0.03329917798954469,0.03270235775741806,0.008744068432462506,2.481717024833812,2.25744652197485,1.311691071053862,1.3850526913818244,1.3926215526506664,0.25896406283699874,31.621775535819086,32.60774265582459,7.248663675265783,-178.14285714285714,-156.9,127.51657221897163,0.7915203430796565
2023-09-10,218.0,283.0,208.0,10282,382.0,0.734982332155477,0.03715230499902743,1.7522935779816513,1.3605769230769231,32.65384615384615,26.916230366492147,False,10.0,-174.0,-164.0,-6101.0,-16031.0,-22132.0,2023,9,2023-09,Sunday,6,True,High Inflow (2023-2024),171.57142857142858,144.93333333333334,65.7694385533209,291.57142857142856,252.33333333333334,47.50739290839215,211.42857142857142,185.0,29.188223326409975,10229.57142857143,9217.566666666668,147.87816735745452,354.0,307.06666666666666,87.25059694160583,0.740119806912707,0.7512173245946492,0.1603688523885181,0.034593178338830397,0.033077425357108635,0.00851261023065016,2.463247686349988,2.281226678277942,1.3224160863636545,1.3978453893380738,1.3740471761139612,0.25456701302207096,30.38203621754574,32.217962812426016,7.197921472897424,-182.42857142857142,-162.13333333333333,126.28388277060168,0.8022652036136455
2023-09-11,132.0,243.0,183.0,10492,277.0,0.7530864197530864,0.02640106747998475,2.0984848484848486,1.3278688524590163,31.86885245901639,37.87725631768953,False,-51.0,-94.0,-145.0,-6152.0,-16125.0,-22277.0,2023,9,2023-09,Monday,0,False,High Inflow (2023-2024),156.28571428571428,144.86666666666667,59.63420239458311,273.85714285714283,250.63333333333333,36.54872807375791,205.57142857142858,184.9,30.336211271114873,10259.857142857143,9316.966666666667,178.47168643006142,341.2857142857143,311.76666666666665,91.58732497042374,0.7605101206726849,0.7552317698789358,0.14984863753392175,0.03327860043019008,0.03335382134811923,0.00902571423503096,2.544262557113813,2.317345327456293,1.2722314984912464,1.3534848172403822,1.3656212991529175,0.23169117148420035,31.780582592360084,31.639851748505865,7.616670662353238,-185.0,-166.9,125.14524894431011,0.7884198906732326
2023-09-12,224.0,315.0,152.0,10649,316.0,0.48253968253968255,0.02967414780730585,1.4107142857142858,2.0723684210526314,49.73684210526315,33.699367088607595,False,72.0,-164.0,-92.0,-6080.0,-16289.0,-22369.0,2023,9,2023-09,Tuesday,1,False,High Inflow (2023-2024),172.14285714285714,145.6,60.94923727012118,278.85714285714283,250.7,39.7803493005801,193.42857142857142,184.7,32.5876108506344,10332.57142857143,9417.033333333333,220.2906089260291,314.2857142857143,315.1333333333333,56.36699473307087,0.7085259936885577,0.7544900148879795,0.17592461601117887,0.03040308421105908,0.03340577291205483,0.005336121171259085,2.10736080526263,2.328890589125317,0.996282355352213,1.4807610775113127,1.368666491247077,0.3405589589067008,33.72631961633373,31.577582589443946,5.602683116833529,-142.14285714285714,-169.53333333333333,88.42214762420215,0.847925043142706
2023-09-13,167.0,326.0,213.0,10678,343.0,0.6533742331288344,0.03212212024723731,2.053892215568862,1.5305164319248827,36.732394366197184,31.131195335276967,False,-46.0,-130.0,-176.0,-6126.0,-16419.0,-22545.0,2023,9,2023-09,Wednesday,2,False,High Inflow (2023-2024),168.0,147.5,60.03610025087688,281.7142857142857,252.5,42.668154735955014,197.14285714285714,185.36666666666667,33.20857605814388,10431.142857142857,9514.5,193.10828445164972,321.42857142857144,317.93333333333334,56.388110871166646,0.7145635825482325,0.7526171952079603,0.17272025219154938,0.030801215354565665,0.0333631064190494,0.005347122108659042,2.187217127603371,2.318868814492764,0.9607792077483348,1.4656400483057763,1.3727061581488909,0.3347997777905181,33.30381363546399,31.617348302679048,5.681755788589244,-153.42857142857142,-170.43333333333334,86.72534643508624,0.8507527234426574
2023-09-14,209.0,353.0,232.0,10837,414.0,0.6572237960339944,0.038202454553843315,1.9808612440191387,1.521551724137931,36.51724137931035,26.17632850241546,False,-23.0,-182.0,-205.0,-6149.0,-16601.0,-22750.0,2023,9,2023-09,Thursday,3,False,High Inflow (2023-2024),164.14285714285714,148.93333333333334,55.64598988674922,285.0,255.03333333333333,47.60602202803026,198.57142857142858,185.46666666666667,34.64032882280976,10530.42857142857,9620.033333333333,198.26653537011774,345.85714285714283,321.56666666666666,53.72593591996412,0.7123488001634783,0.7469674950276254,0.17344401141466123,0.03283588439821835,0.03331118371832604,0.005009060565190695,2.3231028743276547,2.3236525427070562,0.827845815403479,1.4706493679702688,1.3831043160568366,0.33542541043092133,31.08091406232287,31.65153193035519,4.809605728770905,-181.71428571428572,-172.63333333333333,58.801117579272656,0.8655450173606245
2023-09-17,153.0,253.0,286.0,10799,427.0,1.1304347826086956,0.03954069821279748,2.7908496732026142,0.8846153846153846,21.23076923076923,25.2903981264637,False,-133.0,-141.0,-274.0,-6282.0,-16742.0,-23024.0,2023,9,2023-09,Sunday,6,True,High Inflow (2023-2024),174.42857142857142,149.5,42.91408915052319,288.2857142857143,254.26666666666668,43.82052139395494,204.85714285714286,189.06666666666666,45.972559102971346,10593.714285714286,9720.0,203.93112749640943,365.2857142857143,328.46666666666664,55.153465547548656,0.7235289243870808,0.7631510699068523,0.1995564939657216,0.03447031951784163,0.03368903605191501,0.005072263036476165,2.208568171557658,2.3627592965196924,0.6617310254921561,1.4612496767523955,1.360906102285589,0.3529005855457079,29.609881099534913,31.312727019419135,4.776084069542691,-190.85714285714286,-178.96666666666667,68.16262067396528,0.8688193960196066
2023-09-18,180.0,337.0,219.0,10892,313.0,0.6498516320474778,0.028736687477047374,1.738888888888889,1.538812785388128,36.93150684931507,34.798722044728436,False,-39.0,-94.0,-133.0,-6321.0,-16836.0,-23157.0,2023,9,2023-09,Monday,0,False,High Inflow (2023-2024),183.28571428571428,152.6,34.993877015435594,301.42857142857144,257.3,42.44940966553409,213.28571428571428,190.6,41.57609203101503,10661.285714285714,9812.966666666667,214.48210048538928,353.14285714285717,333.3,56.09940157562064,0.7230704111810355,0.7613710565577575,0.19974898445319947,0.03311849725389193,0.03395582357351819,0.005172738182794213,1.9751406762657557,2.3563544433907015,0.43028718490203227,1.4623300746649852,1.3648010178678907,0.3531620872960799,30.8413568259534,30.864946325671987,4.854535673318344,-169.85714285714286,-180.7,58.00985138011365,0.8629188448150658
2023-09-19,133.0,287.0,189.0,11095,260.0,0.6585365853658537,0.023433979269941414,1.9548872180451127,1.5185185185185186,36.44444444444444,42.67307692307692,False,-56.0,-71.0,-127.0,-6377.0,-16907.0,-23284.0,2023,9,2023-09,Tuesday,1,False,High Inflow (2023-2024),171.14285714285714,154.23333333333332,35.681127464569585,302.0,261.1666666666667,42.18609565563782,210.57142857142858,191.66666666666666,42.58660643464152,10777.42857142857,9907.433333333332,194.0110453410863,335.7142857142857,332.93333333333334,64.03049868542863,0.7121495902110893,0.7527179875709272,0.2010745347870397,0.031158736435451067,0.033643464709575105,0.005932635280726096,2.00408262484625,2.3139776681191893,0.41947750984375265,1.4848931597280703,1.3791125693344315,0.35061387763263974,33.09233490546551,31.271269061976273,6.198303076298754,-164.57142857142858,-178.7,60.27397764336112,0.8398215531902901
2023-09-20,187.0,310.0,247.0,11064,364.0,0.7967741935483871,0.03289949385394071,1.946524064171123,1.2550607287449393,30.121457489878544,30.395604395604394,False,-60.0,-117.0,-177.0,-6437.0,-17024.0,-23461.0,2023,9,2023-09,Wednesday,2,False,High Inflow (2023-2024),179.0,154.9,31.427164470672025,311.57142857142856,264.53333333333336,33.21574497562362,219.71428571428572,194.66666666666666,42.5508099637531,10859.142857142857,9999.766666666666,173.08709616028477,348.14285714285717,333.76666666666665,58.978607905545616,0.718390700753275,0.75423725494758,0.20322346095304084,0.032087083060301926,0.03337768383193096,0.0055608602235297415,1.982373941372861,2.311197132932877,0.41770616209251255,1.474491999197488,1.3765742539231696,0.3570689875937101,32.02352748802478,31.468919985290913,5.872168872551114,-169.14285714285714,-178.86666666666667,59.75346174470737,0.8551326496662768
2023-09-21,168.0,285.0,210.0,11067,428.0,0.7368421052631579,0.03867353392970091,2.5476190476190474,1.3571428571428572,32.57142857142857,25.85747663551402,False,-42.0,-218.0,-260.0,-6479.0,-17242.0,-23721.0,2023,9,2023-09,Thursday,3,False,High Inflow (2023-2024),171.0,156.86666666666667,24.406283343980743,307.2857142857143,265.8666666666667,34.60594498885102,228.0,196.36666666666667,31.336879231984824,10918.857142857143,10092.066666666668,160.1243564354514,364.14285714285717,337.3,63.800283623790136,0.7547196182852002,0.7571660053951275,0.17477360130709182,0.0333727096492155,0.033373317255842985,0.005937567220543227,2.1447889073592554,2.29764681984128,0.3774757270548208,1.3723169186389488,1.3704496657231098,0.24091006175466642,30.903257423297127,31.471829661961255,6.235929671801716,-193.14285714285714,-180.43333333333334,57.29289825516086,0.8509141109038602
2023-09-24,269.0,412.0,204.0,10744,403.0,0.49514563106796117,0.03750930752047654,1.4981412639405205,2.019607843137255,48.470588235294116,26.66004962779156,False,65.0,-199.0,-134.0,-6414.0,-17441.0,-23855.0,2023,9,2023-09,Sunday,6,True,High Inflow (2023-2024),185.57142857142858,160.63333333333333,44.11295026352673,319.57142857142856,271.06666666666666,52.82631018364802,226.71428571428572,197.3,32.22687432208452,10928.285714285714,10167.1,144.78687128084584,372.7142857142857,344.0,64.51282633635441,0.7321155322765039,0.7507541930973929,0.19866471969142938,0.03414230783110682,0.033830817741621104,0.006095486384148045,2.065395914269492,2.3044224688102375,0.4510535411293021,1.4421871202407164,1.3892850786761697,0.3435140672904791,30.264522322227783,30.95901283437279,6.434514903092248,-187.14285714285714,-183.36666666666667,61.43676578789131,0.8524500778696393
2023-09-25,100.0,255.0,236.0,10842,284.0,0.9254901960784314,0.026194429072126914,2.84,1.0805084745762712,25.93220338983051,38.17605633802817,False,-136.0,-48.0,-184.0,-6550.0,-17489.0,-24039.0,2023,9,2023-09,Monday,0,False,High Inflow (2023-2024),170.0,159.8,52.839379254491675,305.57142857142856,271.8333333333333,55.41316673516326,227.28571428571428,198.76666666666668,32.37135712176374,10929.0,10237.666666666666,144.27288957640246,354.14285714285717,346.56666666666666,69.18918164816479,0.7704393037114236,0.7540176594034556,0.20748896892146837,0.03242687561943305,0.03391313443179992,0.006442240257386719,2.188130022266758,2.3438891354769047,0.5335596705284501,1.3791809417319076,1.3850242500509344,0.36622755658756884,31.97876915588674,30.826556097170183,6.754337354082729,-184.14285714285714,-186.76666666666668,60.93009265113759,0.8365604884389106
2023-09-26,205.0,294.0,177.0,10978,332.0,0.6020408163265306,0.03024230278739297,1.6195121951219513,1.6610169491525424,39.86440677966102,33.066265060240966,False,28.0,-155.0,-127.0,-6522.0,-17644.0,-24166.0,2023,9,2023-09,Tuesday,1,False,High Inflow (2023-2024),177.42857142857142,162.7,53.69933935924213,311.42857142857144,277.0,50.91449414740037,211.71428571428572,199.06666666666666,24.736708792900576,10954.57142857143,10307.333333333334,132.79791306471793,340.57142857142856,349.26666666666665,61.39450882844181,0.6949544513854,0.7337979168301672,0.1397531147874929,0.031098533415803837,0.03397986705696625,0.00563958025480608,2.0207960968266634,2.326968920512043,0.49533932638594114,1.4900954509515019,1.4128121166099872,0.3037153232687557,33.08960728928349,30.74841964698698,6.076416835617389,-163.14285714285714,-186.56666666666666,48.953816914273446,0.8472643995021714
2023-09-27,161.0,304.0,211.0,11017,331.0,0.694078947368421,0.030044476717799765,2.0559006211180124,1.4407582938388626,34.5781990521327,33.283987915407856,False,-50.0,-120.0,-170.0,-6572.0,-17764.0,-24336.0,2023,9,2023-09,Wednesday,2,False,High Inflow (2023-2024),174.71428571428572,163.33333333333334,54.02688924882465,306.7142857142857,279.3,49.66458928221781,210.57142857142858,201.46666666666667,24.527923834255734,10972.42857142857,10377.433333333332,131.37840657560403,343.14285714285717,348.53333333333336,60.41641215053041,0.7012726392883918,0.7372175696857102,0.13836706271318625,0.03128536045019703,0.033661328673384124,0.005569523941372331,2.0660834871451095,2.312635091450718,0.4795084825930841,1.4760876664444638,1.4044824770041364,0.3033549174754566,32.873216699380556,31.016148422637503,6.032218852818446,-168.42857142857142,-185.2,47.119907834011414,0.8502911053032766
2023-09-28,57.0,162.0,193.0,10984,447.0,1.191358024691358,0.040695557174071376,7.842105263157895,0.8393782383419689,20.145077720207254,24.572706935123044,False,-136.0,-254.0,-390.0,-6708.0,-18018.0,-24726.0,2023,9,2023-09,Thursday,3,False,High Inflow (2023-2024),163.85714285714286,160.3,69.28787429131832,288.85714285714283,276.53333333333336,74.29766387406018,211.14285714285714,202.06666666666666,23.982136208913083,10956.57142857143,10422.433333333332,120.3548325342378,369.85714285714283,353.8333333333333,58.848473702745444,0.7773899877634639,0.7531199800325651,0.2282809028995577,0.03375130015078703,0.03402137641338483,0.00533009048229704,2.9071146364469356,2.509173735357783,2.2277903663089145,1.3790676264192425,1.3857950849488687,0.3851089753131906,30.287449558244287,30.720192357511973,4.905504488413636,-206.0,-193.53333333333333,92.03079194849239,0.862729874698237
2023-10-01,80.0,122.0,152.0,10598,493.0,1.2459016393442623,0.046518210983204376,6.1625,0.8026315789473685,19.263157894736842,21.496957403651116,False,-72.0,-341.0,-413.0,-6780.0,-18359.0,-25139.0,2023,10,2023-10,Sunday,6,True,High Inflow (2023-2024),148.57142857142858,159.0,74.90629066341751,262.0,273.3,96.14745619793237,197.57142857142858,200.13333333333333,26.99911815138387,10890.0,10452.566666666668,169.76552457254303,388.2857142857143,356.7,74.75674838147569,0.841551051448589,0.7626865643577392,0.28953524522138124,0.03569683116925326,0.034172492352010725,0.007144134994591604,3.509396912993918,2.6005847997835536,2.4803861100812807,1.314434890733875,1.3777875661518764,0.4430035006821096,29.016214273679534,30.642818210360947,5.920763274628545,-239.71428571428572,-197.7,118.93235372220965,0.8385531470464581
2023-10-02,107.0,170.0,133.0,10724,284.0,0.7823529411764706,0.02648265572547557,2.6542056074766354,1.2781954887218046,30.67669172932331,37.76056338028169,False,-26.0,-151.0,-177.0,-6806.0,-18510.0,-25316.0,2023,10,2023-10,Monday,0,False,High Inflow (2023-2024),139.85714285714286,159.06666666666666,75.81211110684227,245.57142857142858,271.96666666666664,101.251925319731,186.57142857142858,199.6,35.453524238817046,10841.0,10493.933333333332,159.34344458869228,367.7142857142857,353.1666666666667,81.5142406489277,0.848052599436205,0.7651142020794945,0.2872944225347091,0.03395527714007822,0.03368437334693035,0.007757159979169758,3.524623564402145,2.565248796223251,2.4738163526833206,1.3031566952451532,1.373414216670791,0.4427398690180372,30.71665523721777,31.090990835857518,6.539344361416761,-227.85714285714286,-194.1,120.69718109305435,0.8185461611068278
2023-10-03,99.0,156.0,139.0,10818,287.0,0.8910256410256411,0.026529857644666296,2.898989898989899,1.1223021582733812,26.935251798561147,37.69337979094077,False,-40.0,-148.0,-188.0,-6846.0,-18658.0,-25504.0,2023,10,2023-10,Tuesday,1,False,High Inflow (2023-2024),115.57142857142857,157.6,50.576203702456645,209.0,270.4,73.56856212631429,177.28571428571428,198.8,38.50850246250522,10851.57142857143,10532.266666666666,154.2074978106088,351.14285714285717,353.3666666666667,84.8674035803858,0.9046068865730164,0.7680498679461949,0.241572333385201,0.03238678430067675,0.03359987004982869,0.008024189677488422,3.7247447979806276,2.596380627355082,2.3353462089210155,1.1749701688360283,1.3693109961796992,0.3110453254929673,32.2928452605248,31.200580363882946,6.725649405624261,-235.57142857142858,-195.76666666666668,115.30373966594674,0.8053545725286146
2023-10-04,25.0,66.0,94.0,10963,330.0,1.4242424242424243,0.030101249657940345,13.2,0.7021276595744681,16.851063829787236,33.22121212121212,False,-69.0,-236.0,-305.0,-6915.0,-18894.0,-25809.0,2023,10,2023-10,Wednesday,2,False,High Inflow (2023-2024),104.85714285714286,154.46666666666667,61.24385294712877,182.0,265.6333333333333,87.27733573691046,157.0,196.86666666666667,39.80368492154144,10868.857142857143,10567.0,159.64171193811808,357.7142857142857,356.7,80.46886413537833,0.9758572048821582,0.791282191178518,0.3120341535585546,0.03294490152722153,0.03383047347642018,0.0076487870643925015,5.204744797980628,2.9719548570469585,4.210857776411119,1.1209157666929137,1.3468819181655147,0.3593278552174773,31.585010372408224,30.87012801430016,6.246981143026378,-252.85714285714286,-202.23333333333332,115.35370037617444,0.8163579221086289
2023-10-05,35.0,70.0,53.0,11130,427.0,0.7571428571428571,0.038364779874213835,12.2,1.320754716981132,31.698113207547166,26.065573770491802,False,-18.0,-374.0,-392.0,-6933.0,-19268.0,-26201.0,2023,10,2023-10,Thursday,3,False,High Inflow (2023-2024),80.57142857142857,150.46666666666667,46.953370993135934,150.0,260.9,80.14154145427169,139.28571428571428,192.6,54.35290328251207,10890.57142857143,10602.3,185.2456541487807,371.2857142857143,361.43333333333334,83.36808799077713,0.9980146392844906,0.788061166919758,0.28543898594423,0.03410525539676736,0.03416599692034567,0.007785346866263056,6.716243055820349,3.3173312011329803,4.591209951628269,1.0723068763827122,1.3518647181238177,0.2905126487346226,30.584911616729773,30.56108573647445,6.524534756243086,-290.7142857142857,-210.96666666666667,110.54970870716099,0.816633914478784
2023-10-09,43.0,73.0,64.0,10815,282.0,0.8767123287671232,0.0260748959778086,6.558139534883721,1.140625,27.375,38.351063829787236,False,-21.0,-218.0,-239.0,-6954.0,-19486.0,-26440.0,2023,10,2023-10,Monday,0,False,High Inflow (2023-2024),63.714285714285715,148.26666666666668,32.09732224404565,117.0,256.2,46.7724990423515,118.28571428571429,188.96666666666667,50.271643052899265,10861.714285714286,10628.6,177.85454195857594,364.2857142857143,356.06666666666666,89.16971512367844,1.0241051223414481,0.7903378707135531,0.26026423776441643,0.03353817243391149,0.03356232282989255,0.00826050263078226,7.3594200435011645,3.400461846179563,4.120795262483784,1.029430691548589,1.3486524108020452,0.24577358918879952,31.308779604498252,31.085052724931618,7.127149219671959,-300.57142857142856,-207.8,100.62282236626258,0.8033550612905477
2023-10-10,41.0,60.0,71.0,10910,257.0,1.1833333333333333,0.023556370302474795,6.2682926829268295,0.8450704225352113,20.281690140845072,42.45136186770428,False,-30.0,-186.0,-216.0,-6984.0,-19672.0,-26656.0,2023,10,2023-10,Tuesday,1,False,High Inflow (2023-2024),61.42857142857143,143.26666666666668,33.2057080577882,102.42857142857143,248.76666666666668,46.30283340091077,100.85714285714286,184.93333333333334,40.188839957665856,10851.142857142857,10663.166666666666,171.45886637091533,337.14285714285717,348.3666666666667,88.71194690575467,1.0229587378617302,0.8071674741685981,0.25942106416793287,0.031089717166540548,0.03269994410001083,0.00832525382373042,7.134589674896726,3.524239141544139,4.132986301393623,1.0302438607190523,1.3276894804421076,0.2450483244751943,33.86287316629557,31.82571287462012,7.504401408785954,-275.7142857142857,-205.1,96.24571728257908,0.7916849920151937
2023-10-11,65.0,83.0,65.0,10960,266.0,0.7831325301204819,0.02427007299270073,4.092307692307692,1.2769230769230768,30.646153846153844,41.203007518796994,False,0.0,-201.0,-201.0,-6984.0,-19873.0,-26857.0,2023,10,2023-10,Wednesday,2,False,High Inflow (2023-2024),59.285714285714285,139.76666666666668,32.278549563212636,96.85714285714286,241.63333333333333,45.89999481274094,88.42857142857143,180.56666666666666,34.83225106543847,10902.857142857143,10694.766666666666,132.56247404098627,304.7142857142857,344.3,58.63364871730842,0.956848865115476,0.8112741365081922,0.2519970888987124,0.02791141173932574,0.032217163339599716,0.005059921851562833,6.838847916654968,3.5845709665818473,4.285396395854444,1.0979997890012962,1.3197433789245774,0.23706515002582454,36.67802318274499,32.339009001535345,5.528448477093707,-245.42857142857142,-204.53333333333333,77.34523717906457,0.8386294700999679
2023-10-12,38.0,80.0,82.0,10992,398.0,1.025,0.03620815138282387,10.473684210526315,0.975609756097561,23.414634146341463,27.618090452261306,False,-44.0,-316.0,-360.0,-7028.0,-20189.0,-27217.0,2023,10,2023-10,Thursday,3,False,High Inflow (2023-2024),49.42857142857143,135.96666666666667,24.992379791029528,84.0,235.23333333333332,32.70575892204305,81.14285714285714,176.16666666666666,28.760091396636483,10941.142857142857,10721.833333333334,108.88285535627077,321.0,348.03333333333336,67.13667651390907,0.9915127306616943,0.8192153129787805,0.2404162576217308,0.029300768261804062,0.032487624967226264,0.0058722400467871964,7.955916288519207,3.8709744753537767,4.0239624959558755,1.0547732557692615,1.3098961028817235,0.22606356402208078,35.229098478742074,32.073131830130535,6.449770843471827,-271.57142857142856,-212.06666666666666,81.1928920182411,0.8270282594345263
2023-10-15,56.0,82.0,68.0,10571,434.0,0.8292682926829268,0.04105571847507331,7.75,1.2058823529411764,28.941176470588232,24.357142857142858,False,-12.0,-366.0,-378.0,-7040.0,-20555.0,-27595.0,2023,10,2023-10,Sunday,6,True,High Inflow (2023-2024),43.285714285714285,129.86666666666667,13.35058407853788,73.42857142857143,225.73333333333332,8.71506631945628,71.0,170.96666666666667,13.341664064127409,10905.857142857143,10731.533333333333,175.24214539849476,342.0,350.3,76.99567087397342,0.982690252327021,0.8265124486204366,0.24579144654794646,0.031375891237576496,0.03266937848837981,0.00715608342972106,8.648917731520651,4.078261783582508,3.3729755662199716,1.0667132835789466,1.2954790860750012,0.23234466732142448,33.323921773913796,31.948788868902326,7.486834136400431,-298.7142857142857,-220.43333333333334,80.35279353309058,0.8162375503465945
2023-10-16,74.0,103.0,80.0,10629,331.0,0.7766990291262136,0.031141217424028603,4.472972972972973,1.2875,30.900000000000002,32.11178247734139,False,-6.0,-251.0,-257.0,-7046.0,-20806.0,-27852.0,2023,10,2023-10,Monday,0,False,High Inflow (2023-2024),50.285714285714285,128.56666666666666,14.918827989203509,78.71428571428571,219.83333333333334,13.412858081143552,69.0,165.73333333333332,9.933109617169025,10858.142857142857,10747.833333333334,200.70993047314036,342.14285714285717,344.5,76.97061900800912,0.890184053024705,0.8241881305436913,0.1581364897400496,0.03152445806130339,0.032047327024473334,0.007135977347838809,7.402199584802504,4.078393331059187,3.002993142193912,1.1503379036397365,1.299014599436464,0.17831471427006806,33.16543182478941,32.34987468745397,7.501100044543994,-291.85714285714283,-215.93333333333334,81.76272290685351,0.816348976141482
2023-10-17,68.0,107.0,102.0,10630,315.0,0.9532710280373832,0.029633113828786452,4.632352941176471,1.0490196078431373,25.176470588235297,33.74603174603175,False,-34.0,-213.0,-247.0,-7080.0,-21019.0,-28099.0,2023,10,2023-10,Tuesday,1,False,High Inflow (2023-2024),55.0,124.3,14.491376746189893,84.0,213.2,16.370705543748922,76.0,162.9,13.428824718990155,10786.714285714286,10769.233333333334,175.18344127026748,326.14285714285717,345.23333333333335,67.4423916426169,0.9182023631524946,0.8355934611079004,0.1476638767728293,0.030277077197670914,0.032057257410676505,0.006473387876815513,6.321107147827715,4.182975163792281,2.2575666279030937,1.111518602334309,1.279436465152447,0.16403849328135148,34.2626401070094,32.338451172276194,6.820325762563379,-271.14285714285717,-220.93333333333334,69.63100021166026,0.8286460383087761
2023-10-18,92.0,124.0,93.0,10511,393.0,0.75,0.037389401579297876,4.271739130434782,1.3333333333333333,32.0,26.74554707379135,False,-1.0,-300.0,-301.0,-7081.0,-21319.0,-28400.0,2023,10,2023-10,Wednesday,2,False,High Inflow (2023-2024),62.0,119.5,18.89444362769152,91.28571428571429,206.33333333333334,21.273726250273,80.14285714285714,158.6,13.582201238246226,10743.285714285714,10781.533333333333,202.54687875968935,342.0,350.23333333333335,68.37640918718414,0.9001006019000484,0.8381692186836581,0.16078174581047666,0.03189343514074081,0.032504911755043955,0.006659167161718482,5.994478518620723,4.291044434241802,2.379655562079191,1.139048364239071,1.2743313600473418,0.18461723539865854,32.60470914186713,31.838748557589124,7.066958263422746,-280.0,-230.73333333333332,68.79922480183464,0.8333812381598286
2023-10-19,113.0,162.0,107.0,10319,406.0,0.6604938271604939,0.03934489776141099,3.5929203539823007,1.514018691588785,36.33644859813084,25.41625615763547,False,6.0,-299.0,-293.0,-7075.0,-21618.0,-28693.0,2023,10,2023-10,Thursday,3,False,High Inflow (2023-2024),72.28571428571429,120.56666666666666,24.363321378076524,105.85714285714286,204.06666666666666,29.582813543389882,85.28571428571429,154.1,16.12156201814166,10658.857142857143,10780.3,240.99753011983736,363.2857142857143,354.06666666666666,60.209950134823806,0.825409243875357,0.8251132158208919,0.12466197784148964,0.034148939063445974,0.03287975326790984,0.006006574220228531,5.612282471628647,4.291055359621459,2.5379307272533005,1.2346124026752956,1.2931182089956184,0.18016356444727988,30.171122611857303,31.49970280064433,5.956960595131691,-291.0,-233.5,62.75083000779126,0.85782628916117
2023-10-22,106.0,196.0,131.0,9506,454.0,0.6683673469387755,0.047759309909530825,4.283018867924528,1.4961832061068703,35.908396946564885,20.938325991189426,False,-25.0,-323.0,-348.0,-7100.0,-21941.0,-29041.0,2023,10,2023-10,Sunday,6,True,High Inflow (2023-2024),78.14285714285714,120.16666666666667,27.09507071669806,122.0,202.43333333333334,42.875789594285436,94.71428571428571,153.13333333333333,20.8783323544958,10451.142857142857,10749.866666666667,462.7553091975549,390.14285714285717,355.93333333333334,50.77213333915914,0.8090142177065419,0.8256234199025244,0.13798364093985177,0.037504544337278845,0.033198415487404355,0.00612784893779341,5.639526925288195,4.32139327668787,2.519853727057486,1.2659352782729805,1.2919493158658473,0.20595901454281162,27.276168107913367,31.325033935024013,4.430744763788318,-312.0,-235.76666666666668,51.13381138411965,0.8848482486756594
2023-10-23,86.0,152.0,168.0,9436,327.0,1.105263157894737,0.03465451462484104,3.802325581395349,0.9047619047619048,21.714285714285715,28.856269113149846,False,-82.0,-159.0,-241.0,-7182.0,-22100.0,-29282.0,2023,10,2023-10,Monday,0,False,High Inflow (2023-2024),85.0,115.76666666666667,20.518284528683466,132.28571428571428,198.06666666666666,39.63464093321468,107.0,151.8,33.585711247493656,10228.857142857143,10721.666666666666,528.6723713137662,380.0,354.1,55.785302723924055,0.8204803831200758,0.8379661140938333,0.16043180106968907,0.03728259622899559,0.03311515580826481,0.006210212067722528,4.6864756925552005,4.38972767680166,1.3991701343222898,1.255814156653601,1.2767554819220133,0.22359000097491596,27.453050773754587,31.389701893245935,4.471200266257464,-295.0,-238.33333333333334,52.284478257573895,0.8719890221739194
2023-10-24,84.0,118.0,136.0,9396,300.0,1.152542372881356,0.031928480204342274,3.5714285714285716,0.8676470588235294,20.823529411764707,31.32,False,-52.0,-164.0,-216.0,-7234.0,-22264.0,-29498.0,2023,10,2023-10,Tuesday,1,False,High Inflow (2023-2024),89.0,114.16666666666667,16.196707484342134,137.42857142857142,193.9,33.950243704856355,116.71428571428571,150.23333333333332,30.076093971316297,10061.0,10685.133333333333,585.4234934359129,360.85714285714283,354.8666666666667,57.14142855356994,0.8666623945769941,0.8512813125314421,0.20399700454543968,0.03597870504746258,0.03329940289907672,0.0062440583088400215,4.089536917044996,4.438825800899783,0.4300891335430756,1.2074948289225085,1.2614147554674973,0.2682635954942229,28.447744651305605,31.171126682656283,4.442081532454564,-271.85714285714283,-240.7,44.73040938566922,0.8632975506095104
2023-10-25,59.0,64.0,117.0,9351,293.0,1.828125,0.03133354721420169,4.966101694915254,0.5470085470085471,13.12820512820513,31.914675767918087,False,-58.0,-176.0,-234.0,-7292.0,-22440.0,-29732.0,2023,10,2023-10,Wednesday,2,False,High Inflow (2023-2024),86.85714285714286,108.66666666666667,19.221763459063837,131.85714285714286,185.53333333333333,42.63186824989359,122.0,149.06666666666666,25.44274618301555,9878.42857142857,10641.866666666667,577.9956335310768,355.42857142857144,354.1,62.04529835224372,1.0168661047018208,0.8961341564467861,0.40989379110890745,0.03600618073177302,0.03335471621263992,0.0062195994697085664,4.159983877322466,4.557338714539816,0.5317366450417895,1.1017103356380153,1.2105694263326943,0.3613172493497736,28.419586549959416,31.111636971966632,4.415529754398261,-268.57142857142856,-245.43333333333334,46.800488397940406,0.8513792051588303
2023-10-26,62.0,97.0,52.0,9235,390.0,0.5360824742268041,0.04223064428803465,6.290322580645161,1.8653846153846154,44.769230769230774,23.67948717948718,False,10.0,-338.0,-328.0,-7282.0,-22778.0,-30060.0,2023,10,2023-10,Thursday,3,False,High Inflow (2023-2024),86.0,105.16666666666667,20.305992547357658,130.42857142857142,177.9,43.756360081925735,114.85714285714286,143.7,36.57607857342752,9679.142857142857,10593.766666666666,512.4468845878998,366.14285714285717,355.6666666666667,60.35293025592098,0.957267739871738,0.8922244311500517,0.4491329294432478,0.03780582794023705,0.03369166701399983,0.005881572347458839,4.39683668296085,4.698553060042359,0.9677274802080293,1.2183339081439406,1.2217316991146854,0.4598035118701502,26.981508754738766,30.863246700106973,4.012531774979081,-280.14285714285717,-250.5,50.44940888794339,0.8584911456593349
2023-10-29,91.0,75.0,97.0,8925,418.0,1.2933333333333332,0.046834733893557426,4.593406593406593,0.7731958762886598,18.556701030927837,21.351674641148325,False,-6.0,-321.0,-327.0,-7288.0,-23099.0,-30387.0,2023,10,2023-10,Sunday,6,True,High Inflow (2023-2024),85.85714285714286,101.23333333333333,20.26021200472004,123.42857142857143,168.63333333333333,48.60677985239456,115.42857142857143,139.2,36.20707639332954,9452.57142857143,10530.033333333333,426.81254946519914,369.7142857142857,355.8,62.893333737140175,1.0348867874907857,0.913428082393363,0.4542630444110879,0.039155161127988405,0.03397940965865697,0.006784297938490071,4.442789177671108,4.785637905021941,0.9684341111086368,1.138314271423273,1.1967865041863763,0.48453011962664905,26.210955550075475,30.7024249047314,4.547628613069558,-283.85714285714283,-254.56666666666666,53.12698175575418,0.8546180628605364
2023-10-30,29.0,51.0,11.0,9026,278.0,0.21568627450980393,0.030799911367161533,9.586206896551724,4.636363636363637,111.27272727272728,32.46762589928058,True,18.0,-267.0,-249.0,-7270.0,-23366.0,-30636.0,2023,10,2023-10,Monday,0,False,High Inflow (2023-2024),73.85714285714286,97.1,25.660790916809294,107.57142857142857,161.9,51.919351379029784,101.71428571428571,130.03333333333333,53.82599832086831,9267.857142857143,10470.933333333332,218.11421210878623,351.42857142857144,350.8333333333333,68.9053871693083,0.9713428513978298,0.8829364654567333,0.5386377957604264,0.03793444878595277,0.033688050097135776,0.007477782863600586,5.29897296946674,5.0121498124669115,2.0907854098972285,1.584363549248252,1.3218447792446513,1.4207446675038045,27.218294084596206,30.941665830491964,5.090789334455233,-277.57142857142856,-253.73333333333332,54.45137629989185,0.8360699016582958
2023-10-31,33.0,53.0,34.0,9072,295.0,0.6415094339622641,0.03251763668430335,8.93939393939394,1.5588235294117647,37.411764705882355,30.752542372881354,False,-1.0,-261.0,-262.0,-7271.0,-23627.0,-30898.0,2023,10,2023-10,Tuesday,1,False,High Inflow (2023-2024),63.42857142857143,92.2,25.251119730005243,87.14285714285714,152.43333333333334,37.44074683829977,87.85714285714286,123.86666666666666,57.39752773836357,9205.857142857143,10410.266666666666,200.07617596930928,328.7142857142857,350.23333333333335,54.06697786299905,0.9675060066868998,0.8826583921872262,0.5412450042022805,0.03575706689663456,0.033814081737377634,0.006260064341181781,5.964169408248084,5.2521666474837465,2.427323621059085,1.5933121668632368,1.3225118040454396,1.420293891936874,28.62032499626648,30.80679317476373,4.373974036939129,-265.2857142857143,-258.03333333333336,44.750099760463826,0.8587522875134593
2023-11-01,132.0,235.0,197.0,9250,279.0,0.8382978723404255,0.03016216216216216,2.1136363636363638,1.1928934010152283,28.62944162436548,33.15412186379928,False,-65.0,-82.0,-147.0,-7336.0,-23709.0,-31045.0,2023,11,2023-11,Wednesday,2,False,High Inflow (2023-2024),70.0,92.16666666666667,35.860842154082384,99.0,150.7,64.65549731719226,92.0,124.13333333333334,64.72505954677337,9179.285714285714,10348.766666666666,175.22529715178123,321.85714285714283,350.8666666666667,57.26962129968618,0.9293681087505695,0.8886504350863785,0.5393225908339313,0.03511530225910901,0.03403835450045166,0.0066122958425994804,5.722928091425373,5.257458285670122,2.7415644607126954,1.63447380918514,1.3116576334619965,1.4010580642174288,29.234303960644972,30.48949467278781,4.7019631801296375,-251.85714285714286,-258.7,63.4492673228742,0.8489433437202654
2023-11-02,174.0,208.0,256.0,9442,330.0,1.2307692307692308,0.03495022241050625,1.896551724137931,0.8125,19.5,28.612121212121213,False,-82.0,-74.0,-156.0,-7418.0,-23783.0,-31201.0,2023,11,2023-11,Thursday,3,False,High Inflow (2023-2024),82.85714285714286,91.73333333333333,53.50834380863295,111.85714285714286,147.3,76.86010792652,109.14285714285714,124.43333333333334,89.47891478150711,9185.857142857143,10294.7,185.281253388378,326.14285714285717,349.73333333333335,56.47839873623776,0.9405433741631232,0.9031169363270735,0.5454928689096139,0.035546979717132436,0.034106712119003846,0.006466603132166307,5.483659970383853,5.255792541002349,3.0196168475713256,1.626595657924636,1.2969056091704982,1.406234061651742,28.847464133805147,30.43004523333837,4.612306265603321,-243.28571428571428,-258.0,72.50681412969486,0.8523908489964174
2023-11-05,123.0,230.0,167.0,9273,370.0,0.7260869565217392,0.039900787231748086,3.008130081300813,1.377245508982036,33.053892215568865,25.062162162162164,False,-44.0,-203.0,-247.0,-7462.0,-23986.0,-31448.0,2023,11,2023-11,Sunday,6,True,High Inflow (2023-2024),92.0,90.23333333333333,54.2156189057484,135.57142857142858,145.46666666666667,84.82895956542478,116.28571428571429,123.0,92.16599930870086,9174.714285714286,10234.9,175.7969608059156,337.14285714285717,347.8,56.445928614407414,0.7831093679519431,0.9027584313690261,0.3808033106801716,0.03677087114821049,0.03414762056240542,0.006345851547609215,5.203949739867504,5.271142908791741,3.1628371337737375,1.7452009382065632,1.2975756975651376,1.333114279675202,27.86853361869716,30.403534750893307,4.5798981731868444,-245.14285714285714,-257.56666666666666,72.39573783823798,0.8565865424600311
2023-11-06,123.0,233.0,159.0,9286,316.0,0.6824034334763949,0.034029722162395006,2.569105691056911,1.4654088050314464,35.16981132075472,29.38607594936709,False,-36.0,-157.0,-193.0,-7498.0,-24143.0,-31641.0,2023,11,2023-11,Monday,0,False,High Inflow (2023-2024),100.71428571428571,85.36666666666666,53.48742620377962,155.0,139.5,89.94257427195835,131.57142857142858,121.5,88.5284457916535,9182.0,10186.3,179.72478960907242,326.57142857142856,344.9,51.619948155911445,0.8040123621304559,0.9090003581159738,0.36881066086489184,0.03559931084454769,0.0340316343838027,0.005912076502014436,4.672347327069183,5.3068417230289535,3.2610126684817478,1.688061536727539,1.279102396294944,1.335673814918933,28.683760585822856,30.494402294945825,4.202290313241415,-225.85714285714286,-259.53333333333336,64.15717307630433,0.8635083946053925
2023-11-07,141.0,232.0,188.0,9483,231.0,0.8103448275862069,0.024359379943055995,1.6382978723404256,1.2340425531914894,29.617021276595743,41.05194805194805,False,-47.0,-43.0,-90.0,-7545.0,-24186.0,-31731.0,2023,11,2023-11,Tuesday,1,False,High Inflow (2023-2024),107.85714285714286,86.73333333333333,55.282391926750655,177.42857142857142,138.73333333333332,86.16429489229152,144.57142857142858,119.9,89.28392379157103,9261.714285714286,10141.0,170.23387274158577,299.85714285714283,343.1333333333333,44.28479261713709,0.7350140041665807,0.905162179166233,0.3009450378539336,0.032388545994476055,0.033970466079500335,0.00478981785521686,4.2501889383454445,5.2667849854403,3.4582491297888156,1.753896776285086,1.2842201989154514,1.2937646197916772,31.49808535879425,30.590265352076482,4.995415776212145,-192.0,-256.4,64.42049363362557,0.8713182322401195
2023-11-08,158.0,226.0,191.0,9634,310.0,0.8451327433628318,0.03217770396512352,1.9620253164556962,1.1832460732984293,28.397905759162306,31.07741935483871,False,-33.0,-119.0,-152.0,-7578.0,-24305.0,-31883.0,2023,11,2023-11,Wednesday,2,False,High Inflow (2023-2024),126.28571428571429,85.16666666666667,45.19481639050475,202.42857142857142,136.46666666666667,66.5153043613705,170.28571428571428,120.36666666666666,67.71930863427929,9348.57142857143,10096.2,184.43775566384073,304.42857142857144,342.4,43.293021542572994,0.8249349282884418,0.9132652434007764,0.1954618175077665,0.03258537350847062,0.03403497945209135,0.004741723269855017,3.1610201411888683,5.278202089484759,2.588935002771531,1.2605942672757706,1.2682945030536474,0.24377476494778239,31.29948442387398,30.523970495229744,4.978050611955682,-178.14285714285714,-257.23333333333335,60.42468748072134,0.8754951592949659
2023-11-12,96.0,160.0,233.0,9477,313.0,1.45625,0.03302732932362562,3.2604166666666665,0.6866952789699571,16.48068669527897,30.277955271565496,False,-137.0,-80.0,-217.0,-7715.0,-24385.0,-32100.0,2023,11,2023-11,Sunday,6,True,High Inflow (2023-2024),135.28571428571428,83.0,25.506301742342735,217.71428571428572,131.66666666666666,27.02291796305724,198.71428571428572,121.1,34.682917436466724,9406.42857142857,10044.866666666667,141.81779054235741,307.0,341.8,43.17406628984546,0.9413264377224042,0.9386709451551625,0.28847786054386415,0.032658186742659516,0.03413440787228555,0.004744422369179011,2.3497376736564006,5.318352624336381,0.6094434502162495,1.1360045172126552,1.243159069224684,0.2852828804861377,31.231686266543143,30.423769407101663,4.989958707946455,-171.71428571428572,-258.8,51.793546205791024,0.876706842550386
2023-11-13,141.0,173.0,129.0,9510,287.0,0.7456647398843931,0.030178759200841218,2.0354609929078014,1.3410852713178294,32.18604651162791,33.13588850174216,False,12.0,-158.0,-146.0,-7703.0,-24543.0,-32246.0,2023,11,2023-11,Monday,0,False,High Inflow (2023-2024),136.57142857142858,85.8,25.539884774323504,208.85714285714286,132.03333333333333,30.366805184985967,189.0,118.96666666666667,43.615746392023844,9443.57142857143,9995.733333333334,127.32747431060113,308.14285714285717,336.46666666666664,42.40844480143264,0.9280931330858281,0.9238145023282637,0.2960179128585364,0.0326605577481851,0.03378384793984455,0.004742971020011382,2.3385697635523206,5.124797815328045,0.6151803071763385,1.157174784398741,1.259882636990546,0.29552282498022053,31.229081500534985,30.709208792655637,4.988792563927027,-171.57142857142858,-250.66666666666666,51.87439041523632,0.8790235706836077
2023-11-14,116.0,181.0,182.0,9665,247.0,1.0055248618784531,0.025556130367304707,2.1293103448275863,0.9945054945054945,23.86813186813187,39.12955465587044,False,-66.0,-65.0,-131.0,-7769.0,-24608.0,-32377.0,2023,11,2023-11,Tuesday,1,False,High Inflow (2023-2024),128.28571428571428,87.0,20.229634085620614,205.0,134.0,32.15587038162762,178.42857142857142,119.96666666666667,32.12401564176544,9475.42857142857,9964.633333333333,152.31421157479323,296.2857142857143,328.26666666666665,46.66802719105183,0.8959153661014313,0.9158019430794032,0.268605851294231,0.031318544599156305,0.033085111919314555,0.005285167510419507,2.371820995079414,4.9903581601556315,0.5932047016553731,1.1831755693280974,1.2662784341758169,0.2667491785870504,32.731571992499155,31.29696203439628,5.613895834642582,-168.0,-241.26666666666668,53.94441583704451,0.8639232597664679
2023-11-15,150.0,157.0,201.0,9762,316.0,1.2802547770700636,0.03237041589838148,2.1066666666666665,0.7810945273631841,18.746268656716417,30.89240506329114,False,-51.0,-115.0,-166.0,-7820.0,-24723.0,-32543.0,2023,11,2023-11,Wednesday,2,False,High Inflow (2023-2024),132.14285714285714,88.43333333333334,21.582620874433477,194.57142857142858,133.56666666666666,34.4521752717071,183.28571428571428,122.23333333333333,32.67371158242414,9545.285714285714,9932.566666666668,156.08941271571942,288.57142857142856,329.3333333333333,35.603638123358316,0.9750821976083348,0.932398670942523,0.29094615874890034,0.03024277726581822,0.03328137059174475,0.003806761327258806,2.2430405072745363,4.972106862128632,0.5260984658771121,1.0980111433825472,1.2497084021305296,0.2887230253966179,33.56446383551758,31.06802342382993,4.6332437295765105,-156.42857142857142,-240.9,41.40393356054092,0.8901715715327378
2023-11-16,80.0,176.0,125.0,9762,374.0,0.7102272727272727,0.03831182134808441,4.675,1.408,33.792,26.101604278074866,False,-45.0,-249.0,-294.0,-7865.0,-24972.0,-32837.0,2023,11,2023-11,Thursday,3,False,High Inflow (2023-2024),126.0,87.8,29.34280150224256,186.42857142857142,134.23333333333332,30.347197250362893,178.42857142857142,121.76666666666667,38.83236254662328,9613.285714285714,9897.366666666667,124.86754887455625,296.85714285714283,332.23333333333335,47.73338653894337,0.9790570317870316,0.9263720586659107,0.28643634570853554,0.03085450572091671,0.03367410271519202,0.004745131358362406,2.5438825514092636,5.031307198828969,1.0673365992302088,1.089809885520912,1.2592316635214167,0.2771302754402046,33.09525359676155,30.681630906734394,5.2519190850562865,-170.85714285714286,-244.43333333333334,66.35367001010195,0.8614779500104117
2023-11-19,116.0,188.0,164.0,9573,435.0,0.8723404255319149,0.04544030084612974,3.75,1.146341463414634,27.512195121951216,22.00689655172414,False,-48.0,-271.0,-319.0,-7913.0,-25243.0,-33156.0,2023,11,2023-11,Sunday,6,True,High Inflow (2023-2024),122.42857142857143,90.83333333333333,28.727786449459042,180.14285714285714,138.3,23.003105380424497,175.0,124.1,38.905869308713264,9626.142857142857,9851.033333333333,113.31582497829422,326.0,335.73333333333335,61.1991285340998,0.9879135457792756,0.9079753253755605,0.2812621085336604,0.03386606584992725,0.034185404421465,0.006353082314103177,2.8455542839320596,4.716307198828969,1.067148798258357,1.0772811584099327,1.2740387903160892,0.2714470823960644,30.374531953872424,30.307820387751466,5.374667678940848,-203.57142857142858,-244.9,75.64579112076038,0.8419440437126137
2023-11-20,105.0,185.0,158.0,9638,298.0,0.8540540540540541,0.03091927785847686,2.8380952380952382,1.1708860759493671,28.10126582278481,32.34228187919463,False,-53.0,-140.0,-193.0,-7966.0,-25383.0,-33349.0,2023,11,2023-11,Monday,0,False,High Inflow (2023-2024),114.85714285714286,93.16666666666667,24.456959278349906,174.28571428571428,142.13333333333333,11.940327825126513,170.28571428571428,127.6,38.64243904359695,9626.714285714286,9801.3,113.37212221385522,324.2857142857143,331.43333333333334,61.8862243306594,0.9891880187351646,0.9112056986059336,0.2805265519809273,0.03368629069183487,0.03393722102094043,0.006426205324020955,2.970707129880566,4.4042437067654765,0.9952075916441929,1.0755154445029238,1.2690431689483637,0.2706820411568534,30.555226600208982,30.517043991374894,5.423279314491894,-209.42857142857142,-238.26666666666668,72.50944109299869,0.8397443777183984
2023-11-21,136.0,246.0,123.0,9804,250.0,0.5,0.025499796001631988,1.838235294117647,2.0,48.0,39.216,False,13.0,-127.0,-114.0,-7953.0,-25510.0,-33463.0,2023,11,2023-11,Tuesday,1,False,High Inflow (2023-2024),120.57142857142857,96.26666666666667,23.98511443136602,186.57142857142858,147.9,28.100160989202536,154.57142857142858,129.56666666666666,30.369157286393843,9673.42857142857,9767.6,108.67360480350563,315.2857142857143,330.3666666666667,68.07279017276078,0.8525808758780217,0.8986486209803629,0.24586524804307824,0.032610928788692914,0.03391805102173455,0.007144535579351012,2.7675383623735628,4.246913565406608,1.0686632545113404,1.2631304046500726,1.297689002281697,0.3865892660519418,31.832090132842485,30.54587519704865,6.324439425277533,-194.71428571428572,-234.1,80.7046349055498,0.8224304681360359
2023-11-23,128.0,228.0,177.0,9838,283.0,0.7763157894736842,0.028766009351494207,2.2109375,1.2881355932203389,30.91525423728813,34.763250883392224,False,-49.0,-106.0,-155.0,-8002.0,-25616.0,-33618.0,2023,11,2023-11,Thursday,3,False,High Inflow (2023-2024),118.71428571428571,99.16666666666667,22.603202470109636,194.42857142857142,153.5,31.19218461333588,161.42857142857142,133.1,29.022159021784148,9720.285714285714,9731.866666666667,96.49302960287747,314.7142857142857,331.23333333333335,68.36596201257404,0.8569595972479204,0.8850813695183746,0.24390893520407464,0.03240910738164334,0.03409170565670186,0.0072439534012828976,2.7926064348153052,4.111668392642381,1.0505328248541383,1.2555661649218597,1.3124578413045347,0.3853256929574988,32.064570473078206,30.289604830904917,6.409689119641112,-196.0,-232.06666666666666,79.86655536998362,0.8215361861692235
2023-11-26,90.0,196.0,205.0,9845,312.0,1.0459183673469388,0.031691213814118845,3.466666666666667,0.9560975609756097,22.946341463414633,31.55448717948718,False,-115.0,-107.0,-222.0,-8117.0,-25723.0,-33840.0,2023,11,2023-11,Sunday,6,True,High Inflow (2023-2024),115.0,100.0,25.11971337416111,196.57142857142858,157.26666666666668,30.62600824385094,164.71428571428572,137.76666666666668,32.79590566780312,9746.0,9694.7,103.06470459556374,324.0,332.76666666666665,61.727897528858634,0.8627300980291326,0.8938408974259232,0.24844519859251477,0.03328554787404536,0.0343390770174158,0.006620979370379369,2.983657337935174,4.0908136917876785,1.03122965892393,1.2500793172747333,1.301763657439619,0.38990882920468606,30.982417976452023,29.967987486261258,5.607338836208167,-209.0,-232.76666666666668,74.76630257007496,0.839970357538787
2023-11-27,56.0,82.0,68.0,10123,214.0,0.8292682926829268,0.02113997826731206,3.8214285714285716,1.2058823529411764,28.941176470588232,47.30373831775701,False,-12.0,-146.0,-158.0,-8129.0,-25869.0,-33998.0,2023,11,2023-11,Monday,0,False,High Inflow (2023-2024),101.57142857142857,100.6,28.224440607726077,185.85714285714286,157.33333333333334,52.25714806425602,145.71428571428572,137.3,44.6531607157296,9797.57142857143,9665.733333333334,176.53598041473214,309.42857142857144,326.6333333333333,74.62318036387228,0.7983034574023987,0.8873165071820207,0.16737552134532452,0.03168119964103545,0.03383680458023207,0.008079645915382277,3.2286233243297318,3.869071837151088,0.9910682214502563,1.3107632923573038,1.3094394106677394,0.33376693345701147,33.326894155661435,30.624175748444447,8.332215675908058,-207.85714285714286,-226.03333333333333,75.58974483228211,0.8056949876791565
2023-11-28,74.0,103.0,80.0,10223,223.0,0.7766990291262136,0.021813557664090776,3.0135135135135136,1.2875,30.900000000000002,45.84304932735426,False,-6.0,-143.0,-149.0,-8135.0,-26012.0,-34147.0,2023,11,2023-11,Tuesday,1,False,High Inflow (2023-2024),100.71428571428571,101.2,29.067245516298428,175.42857142857142,158.03333333333333,61.089707651554875,139.28571428571428,137.7,50.93039133861802,9863.42857142857,9654.133333333333,236.76771819864223,287.85714285714283,319.6,74.67134339095239,0.8077994226022476,0.8855641983967969,0.16338375806792624,0.029324304829036356,0.03319539921986599,0.008228047668261422,2.9912681119745197,3.7111889542682044,0.7586393062991726,1.293549006643018,1.3121599989030335,0.3310121038183048,36.14710059127278,31.340372630784827,8.806524896438818,-187.14285714285714,-218.4,67.48191997720212,0.7940262731799473
2023-11-29,68.0,107.0,102.0,10398,284.0,0.9532710280373832,0.027312944797076362,4.176470588235294,1.0490196078431373,25.176470588235297,36.61267605633803,False,-34.0,-182.0,-216.0,-8169.0,-26194.0,-34363.0,2023,11,2023-11,Wednesday,2,False,High Inflow (2023-2024),93.85714285714286,101.0,30.48731195884937,163.85714285714286,158.16666666666666,65.8012881622358,130.42857142857142,138.43333333333334,51.30580585358476,9981.285714285714,9646.433333333332,270.96722697639836,266.2857142857143,318.03333333333336,37.7743929389316,0.8193609372458859,0.891449931693836,0.17137983204231616,0.026734682536314443,0.03306779013230091,0.00415495380659344,3.0521924817224186,3.701305541443616,0.8422440226755596,1.2796458844185186,1.3042106524978048,0.3401434907227365,38.233640520503336,31.490402416751383,6.259993778075571,-172.42857142857142,-217.03333333333333,39.271945639167086,0.8757666920408499
2023-11-30,92.0,124.0,93.0,10536,320.0,0.75,0.030372057706909643,3.4782608695652173,1.3333333333333333,32.0,32.925,False,-1.0,-227.0,-228.0,-8170.0,-26421.0,-34591.0,2023,11,2023-11,Thursday,3,False,High Inflow (2023-2024),92.0,101.8,30.088757590391513,155.14285714285714,158.73333333333332,66.56933370912066,121.14285714285714,138.13333333333333,51.36609962296348,10109.57142857143,9643.3,293.0306338610268,269.42857142857144,318.2,41.57666470051543,0.8044960723810209,0.8846742307592564,0.172378874766565,0.0266565082289477,0.03309242159490502,0.004067323615815541,3.1436447147895588,3.6628358057232404,0.8498433215653827,1.302852635473371,1.3136877766808113,0.3370136839104538,38.31688596633267,31.463034691883657,6.17184712376715,-177.42857142857142,-216.4,44.241221889609896,0.866315226013563
2023-12-03,132.0,235.0,197.0,10579,417.0,0.8382978723404255,0.039417714339729654,3.159090909090909,1.1928934010152283,28.62944162436548,25.369304556354916,False,-65.0,-220.0,-285.0,-8235.0,-26641.0,-34876.0,2023,12,2023-12,Sunday,6,True,High Inflow (2023-2024),91.42857142857143,103.13333333333334,29.136787416467012,153.57142857142858,162.43333333333334,64.15309070979453,131.71428571428572,141.6,58.87759700065421,10220.285714285714,9645.566666666668,304.51804231487245,293.2857142857143,319.0,68.05320047755353,0.8528243398582246,0.8876174931706039,0.1082914372717694,0.028644782277247365,0.03316003202025274,0.006232929899087984,3.3323383740714534,3.6257475316784444,0.6298557741291223,1.1875516927612606,1.309006445603541,0.13813385567476222,36.338786617240515,31.417159941302444,7.831469642764266,-201.85714285714286,-215.86666666666667,50.191063518746574,0.8116637934717361
2023-12-04,174.0,208.0,256.0,10635,273.0,1.2307692307692308,0.025669957686882933,1.5689655172413792,0.8125,19.5,38.956043956043956,False,-82.0,-17.0,-99.0,-8317.0,-26658.0,-34975.0,2023,12,2023-12,Monday,0,False,High Inflow (2023-2024),98.0,105.16666666666667,41.37632173115451,150.71428571428572,163.96666666666667,60.634737804096325,143.0,146.56666666666666,74.50279636810072,10334.142857142857,9656.1,286.20763358767266,291.85714285714283,314.56666666666666,68.40913333619659,0.9177462600433027,0.9066266732908953,0.17216610417388528,0.0282024891823029,0.03270420068443514,0.0063319561725784625,3.240628090820222,3.5582823704537474,0.8340042222796259,1.1196037508726406,1.2856224892172483,0.1882878842201863,36.93775705619077,31.86848620124939,7.851198046741692,-193.85714285714286,-209.4,61.98233235212689,0.81011507916027
2023-12-05,123.0,230.0,167.0,10761,261.0,0.7260869565217392,0.024254251463618624,2.1219512195121952,1.377245508982036,33.053892215568865,41.229885057471265,False,-44.0,-94.0,-138.0,-8361.0,-26752.0,-35113.0,2023,12,2023-12,Tuesday,1,False,High Inflow (2023-2024),102.71428571428571,105.73333333333333,42.184966855165804,155.57142857142858,165.1,65.99206301482366,137.57142857142858,147.76666666666668,70.50970888905346,10465.0,9697.933333333332,228.97234185241885,284.57142857142856,308.1333333333333,68.62180689075734,0.8720560584968455,0.908550660276994,0.17489951518548372,0.027140065989374296,0.03192069873623807,0.006272668146666401,3.0485258840838685,3.4862467821733367,0.9233453630214651,1.1797677434449874,1.281657899313087,0.19451693304012765,38.31995675304563,32.544871503458786,7.592949589531674,-181.85714285714286,-202.4,63.73232714886151,0.8057103024610327
2023-12-06,123.0,233.0,159.0,10832,376.0,0.6824034334763949,0.03471196454948301,3.0569105691056913,1.4654088050314464,35.16981132075472,28.80851063829787,False,-36.0,-217.0,-253.0,-8397.0,-26969.0,-35366.0,2023,12,2023-12,Wednesday,2,False,High Inflow (2023-2024),112.28571428571429,106.96666666666667,37.11564937558599,177.14285714285714,167.8,62.52313857399447,150.57142857142858,147.46666666666667,63.59469879074614,10566.285714285714,9744.466666666667,208.36003638402877,307.7142857142857,309.76666666666665,68.17065420867009,0.8510753643244839,0.894455336129716,0.1891185875981986,0.029078921172541572,0.03192261373372614,0.0062061350459618235,2.939309026609172,3.4613996150970143,0.8597086174610904,1.2168429508864544,1.300346129322072,0.2229752862327018,35.677781370265755,32.54327955429706,7.150861737496421,-195.42857142857142,-202.8,67.79099532842868,0.8186395703359575
2023-12-07,141.0,232.0,188.0,10897,466.0,0.8103448275862069,0.04276406350371662,3.3049645390070923,1.2340425531914894,29.617021276595743,23.38412017167382,False,-47.0,-278.0,-325.0,-8444.0,-27247.0,-35691.0,2023,12,2023-12,Thursday,3,False,High Inflow (2023-2024),121.85714285714286,108.86666666666666,34.11465262624743,195.57142857142858,171.6,55.66224675923312,166.0,149.2,56.3027530410371,10662.57142857143,9794.5,176.5945045794729,342.42857142857144,315.3,78.87301427581107,0.8558819069616257,0.8830487512865444,0.18733235103750284,0.03207185057820241,0.03228379984370528,0.007105055734897521,2.980944887393968,3.4525174806829653,0.8708861650801795,1.2092061727709529,1.3125593124676704,0.22105920575472204,32.46936291945426,32.27875022668618,6.86236999719659,-220.57142857142858,-206.43333333333334,79.35333881414434,0.8127872836178821
2023-12-10,158.0,226.0,191.0,10871,411.0,0.8451327433628318,0.03780700947474933,2.6012658227848102,1.1832460732984293,28.397905759162306,26.450121654501217,False,-33.0,-220.0,-253.0,-8477.0,-27467.0,-35944.0,2023,12,2023-12,Sunday,6,True,High Inflow (2023-2024),134.71428571428572,112.16666666666667,26.556319308934746,212.57142857142858,177.0,40.099281551574094,178.71428571428572,151.66666666666666,49.01943249268367,10730.142857142857,9845.166666666666,146.39948607785828,360.57142857142856,319.23333333333335,77.79215286659017,0.840433580579547,0.8502823427319721,0.18235533378980337,0.03357100267501283,0.03249958191905687,0.007040402051083573,2.7559156351867564,3.3736896182786174,0.6965466741308088,1.2283813821217089,1.3337672300106667,0.2104136423409789,31.01756943347758,32.096598422905615,6.914514001293622,-225.85714285714286,-207.06666666666666,80.22557483211239,0.8225396539297382
2023-12-11,96.0,160.0,233.0,10998,304.0,1.45625,0.027641389343517002,3.1666666666666665,0.6866952789699571,16.48068669527897,36.17763157894737,False,-137.0,-71.0,-208.0,-8614.0,-27538.0,-36152.0,2023,12,2023-12,Monday,0,False,High Inflow (2023-2024),135.28571428571428,113.3,25.506301742342686,217.71428571428572,179.1,27.022917963057225,198.71428571428572,157.7,34.68291743646672,10796.142857142857,9903.933333333332,148.4143171121378,358.2857142857143,316.3666666666667,79.4013314030144,0.9413264377224041,0.8809545935910786,0.2884778605438642,0.03318090719452817,0.032013273420906284,0.007317392639119585,2.7114021776298207,3.2695677544793336,0.6511691091622527,1.1360045172126552,1.294477585463511,0.28528288048613754,31.482231087612913,32.51320323622096,7.168677237977182,-223.0,-203.06666666666666,80.49223565040299,0.818588801781713
2023-12-12,141.0,173.0,129.0,11077,259.0,0.7456647398843931,0.02338178207095784,1.8368794326241136,1.3410852713178294,32.18604651162791,42.76833976833977,False,12.0,-130.0,-118.0,-8602.0,-27668.0,-36270.0,2023,12,2023-12,Tuesday,1,False,High Inflow (2023-2024),136.57142857142858,114.96666666666667,25.539884774323458,208.85714285714286,182.36666666666667,30.366805184985953,189.0,158.76666666666668,43.61574639202384,10867.285714285714,9975.666666666666,146.32237728827405,335.7142857142857,311.06666666666666,82.33208019096419,0.9280931330858281,0.8626989738094473,0.29601791285853646,0.030890059727560763,0.031231508360152965,0.007546021304997107,2.5225148238488493,3.177683515786584,0.6902587747467612,1.157174784398741,1.3134072319644836,0.29552282498022037,33.967807546467895,33.227092073794005,7.693085056298658,-199.14285714285714,-196.1,83.73654831559226,0.8030551467355066
2023-12-13,116.0,181.0,182.0,11192,335.0,1.0055248618784531,0.029932094353109364,2.8879310344827585,0.9945054945054945,23.86813186813187,33.4089552238806,False,-66.0,-153.0,-219.0,-8668.0,-27821.0,-36489.0,2023,12,2023-12,Wednesday,2,False,High Inflow (2023-2024),128.28571428571428,117.86666666666666,20.229634085620567,205.0,186.7,32.15587038162761,178.42857142857142,164.46666666666667,32.12401564176543,10946.857142857143,10047.866666666667,150.34563353774146,344.57142857142856,312.96666666666664,77.6634988113397,0.8959153661014313,0.8890269267217356,0.2686058512942311,0.03149893639416454,0.03120258112635122,0.007219507623913134,2.7109384691690472,2.954407653717619,0.5529453699269037,1.1831755693280974,1.192011960569212,0.2667491785870502,33.175366299015984,33.25846971794734,7.372645586068742,-216.28571428571428,-195.1,71.15643396937551,0.81606566919336
2023-12-14,150.0,157.0,201.0,11242,396.0,1.2802547770700636,0.03522504892367906,2.64,0.7810945273631841,18.746268656716417,28.38888888888889,False,-51.0,-195.0,-246.0,-8719.0,-28016.0,-36735.0,2023,12,2023-12,Thursday,3,False,High Inflow (2023-2024),132.14285714285714,121.76666666666667,21.582620874433427,194.57142857142858,190.16666666666666,34.452175271707084,183.28571428571428,170.03333333333333,32.67371158242413,11015.57142857143,10120.2,160.79889836171816,363.85714285714283,316.3333333333333,69.81744904016526,0.9750821976083347,0.9103184381586621,0.2909461587489004,0.03306619317417318,0.031292828200997075,0.006543853861051413,2.7849454378101615,2.744427855737821,0.492320789566989,1.0980111433825472,1.1660876605009263,0.2887230253966178,31.340938274932792,33.17968126848093,6.590582017359195,-231.71428571428572,-194.56666666666666,62.539892030911815,0.8390095930344527
2023-12-17,80.0,176.0,125.0,11092,456.0,0.7102272727272727,0.04111071042192571,5.7,1.408,33.792,24.32456140350877,False,-45.0,-331.0,-376.0,-8764.0,-28347.0,-37111.0,2023,12,2023-12,Sunday,6,True,High Inflow (2023-2024),126.0,120.03333333333333,29.342801502242533,186.42857142857142,188.2,30.347197250362875,178.42857142857142,167.63333333333333,38.83236254662327,11052.714285714286,10181.6,140.01394488393572,375.2857142857143,322.23333333333335,78.18293566099504,0.9790570317870316,0.9060494181715572,0.28643634570853566,0.03398029972737927,0.03165777980965586,0.00722367287608462,3.162529642223635,2.8639733102832756,1.2165434508601616,1.089809885520912,1.173257880467085,0.2771302754402044,30.70037409853435,32.88536258647124,7.077649390672219,-249.28571428571428,-202.2,83.33809510204873,0.8275891052883525
2023-12-18,116.0,188.0,164.0,11149,364.0,0.8723404255319149,0.03264866804197686,3.1379310344827585,1.146341463414634,27.512195121951216,30.62912087912088,False,-48.0,-200.0,-248.0,-8812.0,-28547.0,-37359.0,2023,12,2023-12,Monday,0,False,High Inflow (2023-2024),122.42857142857143,118.1,28.727786449459025,180.14285714285714,187.53333333333333,23.003105380424476,175.0,164.56666666666666,38.905869308713264,11088.714285714286,10238.5,124.88356481924416,360.7142857142857,323.3666666666667,67.19056056152021,0.9879135457792757,0.8941017913303132,0.2812621085336605,0.032535243232845026,0.03158106133070489,0.00609767876442046,3.1386677130058724,2.905352620628103,1.2149210850231948,1.0772811584099327,1.184385929247573,0.27144708239606424,31.735374199598215,32.952595908704566,6.3184604456341,-238.28571428571428,-205.26666666666668,76.47813257333613,0.8429777995124352
2023-12-19,105.0,185.0,158.0,11291,272.0,0.8540540540540541,0.024089983172438226,2.5904761904761906,1.1708860759493671,28.10126582278481,41.5110294117647,False,-53.0,-114.0,-167.0,-8865.0,-28661.0,-37526.0,2023,12,2023-12,Tuesday,1,False,High Inflow (2023-2024),114.85714285714286,117.5,24.45695927834991,174.28571428571428,186.03333333333333,11.940327825126476,170.28571428571428,164.26666666666668,38.64243904359695,11148.714285714286,10305.766666666666,101.5672425635513,340.85714285714283,320.1,70.3193396144293,0.9891880187351646,0.8983673612480572,0.2805265519809274,0.03057566804680058,0.03105403452872789,0.006321147992976658,3.137126336961784,2.891430824267282,1.215723103060006,1.0755154445029238,1.1775072814798173,0.27068204115685324,33.886932450635854,33.50089148369131,6.767111328904209,-226.0,-202.6,80.52121873560208,0.828980151803086
2023-12-20,136.0,246.0,123.0,11516,390.0,0.5,0.033865925668634944,2.8676470588235294,2.0,48.0,29.52820512820513,False,13.0,-267.0,-254.0,-8852.0,-28928.0,-37780.0,2023,12,2023-12,Wednesday,2,False,High Inflow (2023-2024),120.57142857142857,117.93333333333334,23.985114431366007,186.57142857142858,186.46666666666667,28.100160989202518,154.57142857142858,163.06666666666666,30.369157286393836,11222.714285714286,10380.1,150.41466493873244,353.14285714285717,322.56666666666666,70.31933961442914,0.8525808758780217,0.892287246798844,0.24586524804307824,0.031464887521817426,0.031048574645602553,0.006277237934008454,3.0944092501270504,2.9013822031928367,1.2197588001729696,1.2631304046500726,1.1953269879787694,0.3865892660519417,32.93701438624411,33.505629122985916,6.858055670744137,-232.57142857142858,-204.63333333333333,80.68427592134908,0.8339418721366202
2023-12-21,128.0,228.0,177.0,11375,497.0,0.7763157894736842,0.04369230769230769,3.8828125,1.2881355932203389,30.91525423728813,22.887323943661972,False,-49.0,-320.0,-369.0,-8901.0,-29248.0,-38149.0,2023,12,2023-12,Thursday,3,False,High Inflow (2023-2024),118.71428571428571,117.5,22.603202470109625,194.42857142857142,186.33333333333334,31.19218461333586,161.42857142857142,162.7,29.02215902178414,11265.285714285714,10443.166666666666,144.3487839527295,387.14285714285717,331.43333333333334,74.61998966190424,0.8569595972479204,0.8911529455284266,0.24390893520407464,0.034366391182010264,0.03169300557057761,0.00660384285026704,3.3866854026093196,2.9761993574481553,1.1082335930756966,1.2555661649218597,1.197130089313064,0.3853256929574987,30.09686926843299,32.90014165270971,6.192386652033008,-268.42857142857144,-213.93333333333334,76.96938166755496,0.8384019195605521
2023-12-25,90.0,196.0,205.0,11144,347.0,1.0459183673469388,0.031137832017229004,3.8555555555555556,0.9560975609756097,22.946341463414633,32.11527377521614,False,-115.0,-142.0,-257.0,-9016.0,-29390.0,-38406.0,2023,12,2023-12,Monday,0,False,High Inflow (2023-2024),115.0,115.23333333333333,25.11971337416111,196.57142857142858,185.33333333333334,30.626008243850926,164.71428571428572,163.16666666666666,32.79590566780311,11258.42857142857,10493.5,149.45998031026886,388.85714285714283,332.6666666666667,73.34945710189471,0.8627300980291326,0.8978457996612301,0.24844519859251474,0.03453863941974164,0.03165834317231446,0.006483535070623384,3.5249174770482905,3.0393170320848175,1.0959331439996243,1.2500793172747333,1.1895584722356367,0.38990882920468595,29.912057632909494,32.934736800055624,6.0956114087925934,-273.85714285714283,-217.43333333333334,74.19215720328008,0.8413059071237944
2023-12-26,56.0,82.0,68.0,11217,288.0,0.8292682926829268,0.025675314255148435,5.142857142857143,1.2058823529411764,28.941176470588232,38.947916666666664,False,-12.0,-220.0,-232.0,-9028.0,-29610.0,-38638.0,2023,12,2023-12,Tuesday,1,False,High Inflow (2023-2024),101.57142857142857,113.9,28.224440607726105,185.85714285714286,182.73333333333332,52.257148064256015,145.71428571428572,157.66666666666666,44.65316071572959,11254.857142857143,10551.5,150.2147668857372,373.42857142857144,331.8333333333333,82.39712200244361,0.7983034574023989,0.8769464094173276,0.1673755213453244,0.03317439160995155,0.03141327600336522,0.007271823847708541,3.882468497456454,3.1020650479578333,1.1652015156436202,1.3107632923573038,1.2068647080346777,0.33376693345701136,31.420490172592032,33.22373551322567,6.908183493145072,-271.85714285714283,-217.93333333333334,75.24942651260689,0.8192354595410413
2023-12-27,74.0,103.0,80.0,11206,335.0,0.7766990291262136,0.029894699268249152,4.527027027027027,1.2875,30.900000000000002,33.450746268656715,False,-6.0,-255.0,-261.0,-9034.0,-29865.0,-38899.0,2023,12,2023-12,Wednesday,2,False,High Inflow (2023-2024),100.71428571428571,111.66666666666667,29.067245516298456,175.42857142857142,180.4,61.08970765155487,139.28571428571428,156.03333333333333,50.93039133861802,11271.142857142857,10608.033333333333,135.02768675548225,356.14285714285717,333.43333333333334,74.50151804142035,0.8077994226022475,0.8779808857253883,0.16338375806792613,0.03157210430228347,0.03140380733894548,0.006417118845833933,3.7149009298888864,3.185117249095141,0.9184815494199771,1.293549006643018,1.2050785323240831,0.3310121038183047,32.72423086761317,33.234230772122814,6.167246159760678,-255.42857142857142,-221.76666666666668,59.662543087091684,0.8269999044814175
2023-12-28,68.0,107.0,102.0,11230,357.0,0.9532710280373832,0.031789848619768475,5.25,1.0490196078431373,25.176470588235297,31.45658263305322,False,-34.0,-255.0,-289.0,-9068.0,-30120.0,-39188.0,2023,12,2023-12,Thursday,3,False,High Inflow (2023-2024),93.85714285714286,110.06666666666666,30.48731195884941,163.85714285714286,177.93333333333334,65.80128816223579,130.42857142857142,153.36666666666667,51.30580585358476,11282.714285714286,10660.2,125.98374800729401,355.14285714285717,337.1,74.42541808510552,0.8193609372458858,0.8762390912640192,0.17137983204231608,0.03144941581339656,0.031611597947360945,0.006401295982512435,4.016625067819921,3.289140237600888,1.0366631441576546,1.2796458844185186,1.2068956694353379,0.34014349072273636,32.8424396896035,32.978465038028915,6.128202347535333,-261.2857142857143,-227.03333333333333,60.81314081050347,0.8267436810932801
2024-01-01,92.0,124.0,93.0,10870,290.0,0.75,0.02667893284268629,3.152173913043478,1.3333333333333333,32.0,37.48275862068966,False,-1.0,-197.0,-198.0,-9069.0,-30317.0,-39386.0,2024,1,2024-01,Monday,0,False,High Inflow (2023-2024),92.0,108.13333333333334,30.088757590391555,155.14285714285714,176.83333333333334,66.56933370912064,121.14285714285714,149.76666666666668,51.36609962296348,11222.57142857143,10697.133333333333,200.07320088993765,357.7142857142857,336.23333333333335,71.32020350904307,0.8044960723810208,0.8585639320283505,0.17237887476656488,0.03181926576628914,0.03142188184550444,0.005965152660771144,4.096867599615247,3.3239904791467816,0.9234289341012373,1.302852635473371,1.225303629634343,0.33701368391045367,32.26697243373564,33.19814348994219,5.313491603880173,-265.7142857142857,-228.1,53.49054211015369,0.8337658036813022
2024-01-02,113.0,162.0,107.0,10770,316.0,0.6604938271604939,0.02934076137418756,2.7964601769911503,1.514018691588785,36.33644859813084,34.08227848101266,False,6.0,-209.0,-203.0,-9063.0,-30526.0,-39589.0,2024,1,2024-01,Tuesday,1,False,High Inflow (2023-2024),88.71428571428571,109.23333333333333,25.368709635522283,143.14285714285714,176.36666666666667,53.80962916129674,118.85714285714286,149.16666666666666,51.62502161881268,11116.0,10730.733333333334,215.79079374877094,347.14285714285717,334.3,71.22131837080876,0.8274237619753771,0.8569061505094578,0.13078346906041638,0.031172813724225232,0.03112284651304121,0.005951570425313623,4.086698045067765,3.2613724850464862,0.939474885778024,1.2334267342717686,1.2288375860206358,0.18543026719079644,32.91755434127957,33.46416596337345,5.199853365072001,-258.42857142857144,-225.06666666666666,58.58286764022744,0.8297623875577694
2024-01-03,106.0,196.0,131.0,10718,263.0,0.6683673469387755,0.02453816010449711,2.481132075471698,1.4961832061068703,35.908396946564885,40.752851711026615,False,-25.0,-132.0,-157.0,-9088.0,-30658.0,-39746.0,2024,1,2024-01,Wednesday,2,False,High Inflow (2023-2024),85.57142857142857,108.9,20.606286604312302,138.57142857142858,176.63333333333333,46.22357675060571,112.28571428571429,148.06666666666666,45.56209786549323,11022.142857142857,10768.9,226.95552322837585,313.7142857142857,328.56666666666666,34.72613946157473,0.8120025558989615,0.8501070478896865,0.14355493594785948,0.028436506925966578,0.03042610848832012,0.002810587671121122,3.8864579844208644,3.2190768875622098,1.121849556169635,1.2631478218269874,1.2404989774437103,0.21062241368074708,35.46977259376024,34.089031135350204,3.592132307662305,-228.14285714285714,-219.66666666666666,45.15317844636781,0.9003383736429313
2024-01-04,86.0,152.0,168.0,10558,362.0,1.105263157894737,0.03428679674180716,4.209302325581396,0.9047619047619048,21.714285714285715,29.165745856353592,False,-82.0,-194.0,-276.0,-9170.0,-30852.0,-40022.0,2024,1,2024-01,Thursday,3,False,High Inflow (2023-2024),85.0,108.26666666666667,20.51828452868351,132.28571428571428,175.53333333333333,39.634640933214676,107.0,148.4,33.58571124749365,10938.42857142857,10799.566666666668,277.0606775557908,315.85714285714283,330.7,37.4763417435075,0.8204803831200757,0.8584806846843759,0.1604318010696891,0.028886359029477744,0.030538359117764466,0.003485890216710757,3.9369932372816985,3.264783790478415,1.1281751774514517,1.255814156653601,1.2316281717374615,0.22359000097491546,35.04841146249416,33.983146601255505,4.17663663442726,-230.85714285714286,-222.43333333333334,47.677487949166,0.8939349272660514
2024-01-07,84.0,118.0,136.0,9670,367.0,1.152542372881356,0.03795243019648397,4.369047619047619,0.8676470588235294,20.823529411764707,26.348773841961854,False,-52.0,-231.0,-283.0,-9222.0,-31083.0,-40305.0,2024,1,2024-01,Sunday,6,True,High Inflow (2023-2024),89.0,106.53333333333333,16.196707484342173,137.42857142857142,171.26666666666668,33.95024370485635,116.71428571428571,148.83333333333334,30.076093971316293,10717.42857142857,10795.1,524.4040608611549,327.14285714285717,334.6,39.528169581655824,0.8666623945769941,0.8802320971137545,0.20399700454543984,0.03064023273538282,0.030953446924259533,0.004532455380298427,3.826449019594624,3.349144201309414,1.0233684940504748,1.2074948289225085,1.1938830736982458,0.26826359549422246,33.24853391610776,33.55423906265423,4.872822609014723,-238.14285714285714,-228.06666666666666,51.61533548416471,0.8921971830314424
2024-01-08,59.0,64.0,117.0,9670,367.0,1.828125,0.03795243019648397,6.220338983050848,0.5470085470085471,13.12820512820513,26.348773841961854,False,-58.0,-250.0,-308.0,-9280.0,-31333.0,-40613.0,2024,1,2024-01,Monday,0,False,High Inflow (2023-2024),86.85714285714286,104.23333333333333,19.221763459063876,131.85714285714286,165.8,42.63186824989359,122.0,146.83333333333334,25.442746183015544,10498.0,10789.5,601.5757087294833,331.7142857142857,337.4,42.338769804652685,1.0168661047018208,0.9152924041312983,0.4098937911089077,0.031791337153702075,0.031259660952425855,0.005274088112852247,4.068350727598027,3.482790917411109,1.3610034904427786,1.1017103356380153,1.1691788388245195,0.3613172493497732,32.23396642657992,33.27375649460655,5.520065971573727,-244.85714285714286,-233.16666666666666,57.77377886039257,0.8868107901273137
2024-01-09,62.0,97.0,52.0,9311,286.0,0.5360824742268041,0.030716356997100205,4.612903225806452,1.8653846153846154,44.769230769230774,32.55594405594405,False,10.0,-234.0,-224.0,-9270.0,-31567.0,-40837.0,2024,1,2024-01,Tuesday,1,False,High Inflow (2023-2024),86.0,103.3,20.305992547357697,130.42857142857142,162.5,43.75636008192573,114.85714285714286,141.73333333333332,36.57607857342752,10223.857142857143,10771.7,647.8714966646689,321.57142857142856,336.53333333333336,43.75255094603827,0.9572677398717381,0.8982978743606272,0.44913292944324795,0.03163798120760661,0.0312271657251919,0.005289722524712597,3.977336902713234,3.5209988027157686,1.2881667084193957,1.2183339081439406,1.1994884073048198,0.45980351187015,32.391018058421466,33.30713839048845,5.509891975787449,-235.57142857142858,-233.23333333333332,54.63471772556709,0.8802363014773128
2024-01-10,91.0,75.0,97.0,9144,349.0,1.2933333333333332,0.038167104111986004,3.8351648351648353,0.7731958762886598,18.556701030927837,26.200573065902578,False,-6.0,-252.0,-258.0,-9276.0,-31819.0,-41095.0,2024,1,2024-01,Wednesday,2,False,High Inflow (2023-2024),85.85714285714286,104.46666666666667,20.260212004720078,123.42857142857143,162.26666666666668,48.60677985239455,115.42857142857143,142.7,36.20707639332954,9977.285714285714,10739.066666666668,688.1658507186158,330.0,341.03333333333336,42.316269526821614,1.0348867874907857,0.9137667090489742,0.4542630444110881,0.03327914853179228,0.031794736586681034,0.005276840283158109,4.074907034444857,3.5214566781736436,1.2402231140072968,1.138314271423273,1.1850655247497357,0.4845301196266487,30.779277264880456,32.60369954875997,5.421643140569212,-244.14285714285714,-236.56666666666666,52.41955287685638,0.8863432168016683
2024-01-11,29.0,51.0,11.0,8829,476.0,0.21568627450980393,0.053913240457582966,16.413793103448278,4.636363636363637,111.27272727272728,18.548319327731093,True,18.0,-465.0,-447.0,-9258.0,-32284.0,-41542.0,2024,1,2024-01,Thursday,3,False,High Inflow (2023-2024),73.85714285714286,102.96666666666667,25.660790916809347,107.57142857142857,160.53333333333333,51.919351379029784,101.71428571428571,140.4,53.8259983208683,9700.0,10692.6,706.3268837207751,352.85714285714283,349.46666666666664,68.56488063974709,0.97134285139783,0.8950662838950938,0.5386377957604265,0.03678950268656305,0.03286472601313077,0.009046795126812788,6.020240309653018,3.968132664504803,4.714381409230631,1.584363549248252,1.2966943126285237,1.4207446675038045,28.560140242983092,31.6938752154392,6.838369898776375,-279.0,-246.5,88.91943919451303,0.837301145130463
2024-01-15,33.0,53.0,34.0,8033,234.0,0.6415094339622641,0.029129839412423753,7.090909090909091,1.5588235294117647,37.411764705882355,34.32905982905983,False,-1.0,-200.0,-201.0,-9259.0,-32484.0,-41743.0,2024,1,2024-01,Monday,0,False,High Inflow (2023-2024),63.42857142857143,101.8,25.251119730005314,87.14285714285714,158.73333333333332,37.440746838299766,87.85714285714286,138.13333333333333,57.397527738363564,9316.42857142857,10613.766666666666,785.9242663138617,348.7142857142857,347.8,75.4314573762477,0.9675060066868999,0.8846742307592563,0.5412450042022806,0.037445456873409715,0.03292528916697569,0.008130499446964153,6.678779883286931,4.065280614593929,4.452296717908806,1.5933121668632368,1.3136877766808115,1.420293891936874,27.6424556884164,31.617754674529923,5.152718099714831,-285.2857142857143,-246.0,79.96189568728843,0.8221567501146724
2024-01-16,32.0,49.0,39.0,8133,188.0,0.7959183673469388,0.02311570146317472,5.875,1.2564102564102564,30.153846153846153,43.26063829787234,False,-7.0,-149.0,-156.0,-9266.0,-32633.0,-41899.0,2024,1,2024-01,Tuesday,1,False,High Inflow (2023-2024),55.714285714285715,99.8,25.453973401117143,72.42857142857143,156.23333333333332,26.27963180143872,69.42857142857143,136.33333333333334,47.17646709556657,8970.0,10533.666666666666,673.9159195824737,323.85714285714283,343.4,96.14819910157517,0.9233138937515,0.8862048430041544,0.5407512694990579,0.03584958611931937,0.032683410625517856,0.009782358778147215,6.9167366939181605,4.145171918941755,4.341448586445429,1.6435476456701443,1.3111236741167087,1.397923737032264,29.656011751490517,31.962275951125665,7.87960851230729,-268.14285714285717,-243.6,93.92803729705109,0.7710786280641508
2024-01-17,80.0,176.0,125.0,8072,353.0,0.7102272727272727,0.04373141724479683,4.4125,1.408,33.792,22.86685552407932,False,-45.0,-228.0,-273.0,-9311.0,-32861.0,-42172.0,2024,1,2024-01,Wednesday,2,False,High Inflow (2023-2024),55.142857142857146,98.06666666666666,24.74825631183352,80.71428571428571,154.26666666666668,45.30163457578799,67.85714285714286,133.93333333333334,44.7080476403248,8741.714285714286,10450.1,667.9046125223219,321.85714285714283,341.26666666666665,95.24254751497784,0.8601260223009167,0.8819358230170493,0.5353165536258591,0.03667515569764978,0.03282720072235343,0.010223319848622153,6.922944176911358,4.186952221972058,4.3372277443763885,1.7207409229810686,1.3182938940828677,1.3624055934037729,29.158594848935866,31.878860983383145,8.22549123668506,-266.7142857142857,-243.2,93.74026933627897,0.7716551948767787
2024-01-18,116.0,188.0,164.0,8042,359.0,0.8723404255319149,0.044640636657547875,3.0948275862068964,1.146341463414634,27.512195121951216,22.401114206128135,False,-48.0,-195.0,-243.0,-9359.0,-33056.0,-42415.0,2024,1,2024-01,Thursday,3,False,High Inflow (2023-2024),63.285714285714285,96.13333333333334,33.91024567744648,98.42857142857143,153.6,59.64857400602718,74.57142857142857,130.86666666666667,55.53634588524655,8509.142857142857,10363.666666666666,566.5449168928815,320.7142857142857,344.1333333333333,94.65677346024805,0.723585368805476,0.8699881961758055,0.3296479424922614,0.03763061376351605,0.033459556688042257,0.010665558028307091,6.476442548790793,4.237814290937576,4.575925110213899,1.8063599110390811,1.3294219428633556,1.2934364290884757,28.594643472388192,31.327029991719282,8.578018409182226,-257.42857142857144,-248.0,92.17529882938129,0.7721151453152291
2024-01-21,105.0,185.0,158.0,7974,371.0,0.8540540540540541,0.04652621018309506,3.533333333333333,1.1708860759493671,28.10126582278481,21.493261455525605,False,-53.0,-213.0,-266.0,-9412.0,-33269.0,-42681.0,2024,1,2024-01,Sunday,6,True,High Inflow (2023-2024),69.42857142857143,95.53333333333333,37.35798505833877,111.0,152.1,67.98774399355698,89.71428571428571,130.56666666666666,62.38513253896946,8318.142857142857,10270.766666666666,467.95207324806285,332.85714285714283,347.8,94.91299273796044,0.7690098802093688,0.8742537660935493,0.3213066122977198,0.03988916421865817,0.03420195531202481,0.01063125977366007,6.32221827843749,4.284860361398279,4.666496916898803,1.7071458339769028,1.3225432950956,1.314616916590047,27.014260243756983,30.669142538321093,8.744034587080716,-263.42857142857144,-252.26666666666668,90.99607526858365,0.7781215076973061
2024-01-22,136.0,246.0,123.0,8008,222.0,0.5,0.027722277722277724,1.6323529411764706,2.0,48.0,36.072072072072075,False,13.0,-99.0,-86.0,-9399.0,-33368.0,-42767.0,2024,1,2024-01,Monday,0,False,High Inflow (2023-2024),75.85714285714286,95.96666666666667,44.81602604511253,135.42857142857142,152.53333333333333,82.14389233302217,93.42857142857143,129.36666666666667,63.6523294751973,8155.857142857143,10176.633333333333,301.01684812840443,314.7142857142857,342.6666666666667,103.09819637238112,0.6556765468760355,0.8681736516443361,0.233440840357442,0.03839704616298556,0.03396896575111796,0.011601902345525206,6.007530865010581,4.237375107133973,4.929052744143966,1.8824035659356657,1.3403630015945516,1.24951990481146,28.424474387495486,30.91126125278024,9.364914894930457,-238.85714285714286,-246.7,113.21576535010283,0.7532429001223677
2024-01-23,128.0,228.0,177.0,8133,202.0,0.7763157894736842,0.024837083487028157,1.578125,1.2881355932203389,30.91525423728813,40.26237623762376,False,-49.0,-25.0,-74.0,-9448.0,-33393.0,-42841.0,2024,1,2024-01,Tuesday,1,False,High Inflow (2023-2024),90.0,95.53333333333333,43.15476026272589,160.71428571428572,152.4,79.00572613364699,117.14285714285714,129.0,58.54180435503227,8056.428571428572,10084.5,60.3679195790343,275.57142857142856,333.8666666666667,81.38561941534309,0.7357664775851612,0.8670393503739188,0.13104030153061602,0.0342433094529063,0.033371399750561685,0.010246710285091979,3.888149707375113,4.17981378916707,2.068021309923774,1.4040852740580516,1.3421661029288467,0.29864683451382257,31.526482517480154,31.4738697883119,9.14193712436507,-185.57142857142858,-238.33333333333334,82.54868693253528,0.7720016459281142
2024-01-24,90.0,196.0,205.0,8212,243.0,1.0459183673469388,0.02959084266926449,2.7,0.9560975609756097,22.946341463414633,33.794238683127574,False,-115.0,-38.0,-153.0,-9563.0,-33431.0,-42994.0,2024,1,2024-01,Wednesday,2,False,High Inflow (2023-2024),98.14285714285714,93.26666666666667,35.26295776698547,181.14285714285714,151.4,63.47290385518513,141.57142857142858,129.46666666666667,53.52836364289243,8082.0,9995.866666666667,82.60548811478549,276.85714285714283,328.26666666666665,80.68752190070167,0.7935391823544004,0.8737322045067224,0.16682094706960826,0.03430916706102641,0.033097527523712186,0.01020978240664156,3.2608769801023856,4.183104928407577,1.530795401496257,1.317981564281458,1.3345944858514194,0.33166039662397667,31.450079496632686,31.71867368926611,9.116811419966176,-178.71428571428572,-235.0,83.04559849005506,0.7743288325799822
2024-01-25,102.0,189.0,155.0,8180,293.0,0.8201058201058201,0.03581907090464548,2.872549019607843,1.2193548387096773,29.264516129032256,27.918088737201366,False,-53.0,-138.0,-191.0,-9616.0,-33569.0,-43185.0,2024,1,2024-01,Thursday,3,False,High Inflow (2023-2024),108.14285714285714,93.46666666666667,20.00357110975104,201.14285714285714,152.36666666666667,25.732136661048763,158.14285714285714,126.86666666666666,28.661405940326826,8088.714285714285,9901.933333333332,89.09679060018645,291.85714285714283,327.9,70.53705544234315,0.7969945327485265,0.8525273985102496,0.16712865298075483,0.036123934124093655,0.03337011690908313,0.008938404236962882,2.8319554114749352,4.173301006838949,1.0074183858555594,1.3126879331813754,1.35234980450941,0.33309952453311303,29.25828670225112,31.443355594541245,7.506169382092777,-183.71428571428572,-234.43333333333334,82.5019480289492,0.805358210000783
2024-01-28,120.0,257.0,126.0,8004,307.0,0.490272373540856,0.03835582208895552,2.558333333333333,2.0396825396825395,48.95238095238095,26.071661237785015,False,-6.0,-181.0,-187.0,-9622.0,-33750.0,-43372.0,2024,1,2024-01,Sunday,6,True,High Inflow (2023-2024),113.85714285714286,92.76666666666667,15.920935603041638,212.71428571428572,155.16666666666666,30.340920035019543,158.28571428571428,126.76666666666667,28.47053614829619,8079.0,9799.5,94.75054969065847,285.2857142857143,329.5,65.88048341685196,0.765572404293324,0.8440143196321317,0.20299030942543464,0.03535599195897347,0.03386925157634972,0.008389972189994245,2.5670744590939827,4.197349470195922,0.7274344458150978,1.4029282959931666,1.3756363801215672,0.43362142968700906,29.71611608992336,30.886799643522757,7.1401728254523045,-171.42857142857142,-236.73333333333332,72.82595037223373,0.8123951455240803
2024-01-29,137.0,272.0,166.0,8057,195.0,0.6102941176470589,0.024202556782921682,1.4233576642335766,1.6385542168674698,39.325301204819276,41.31794871794872,False,-29.0,-29.0,-58.0,-9651.0,-33779.0,-43430.0,2024,1,2024-01,Monday,0,False,High Inflow (2023-2024),116.85714285714286,93.46666666666667,18.206487593058643,224.71428571428572,158.2,35.16491758232115,158.57142857142858,126.23333333333333,28.547370823814802,8081.142857142857,9695.0,93.94045733242318,261.85714285714283,324.8333333333333,64.44229607803844,0.7281372174526303,0.8308399614910853,0.20417826270680475,0.0324362662625983,0.0336782669906768,0.008173847545132066,2.3282930416692227,4.148530357854283,0.7963891452745293,1.473244403629286,1.3971046708669663,0.42489950825388384,32.41852102018344,31.15043275999169,7.481808257178352,-145.0,-231.36666666666667,76.02192666154502,0.8025056485284372
2024-01-30,93.0,198.0,208.0,8182,187.0,1.0505050505050506,0.02285504766560743,2.010752688172043,0.9519230769230769,22.846153846153847,43.75401069518717,False,-115.0,21.0,-94.0,-9766.0,-33758.0,-43524.0,2024,1,2024-01,Tuesday,1,False,High Inflow (2023-2024),115.14285714285714,91.56666666666666,19.986900471964095,226.57142857142858,159.56666666666666,32.994227489351175,165.71428571428572,126.46666666666667,34.096501705767984,8110.857142857143,9593.0,87.04487074966072,235.57142857142858,317.8666666666667,47.90914019564324,0.7562016455170584,0.8231816372722515,0.2354730214415703,0.029054671617242928,0.03326593361540775,0.005973520121453716,2.110781520931895,4.127555447460018,0.5948312035439844,1.4419639751969588,1.402798955852296,0.4576650273630466,35.598628054420814,31.6626034868683,6.760241528668674,-120.42857142857143,-226.3,55.392108772691664,0.8309967402562647
2024-01-31,203.0,477.0,258.0,8153,266.0,0.5408805031446541,0.03262602722924077,1.3103448275862069,1.8488372093023255,44.372093023255815,30.650375939849624,False,-55.0,-8.0,-63.0,-9821.0,-33766.0,-43587.0,2024,1,2024-01,Wednesday,2,False,High Inflow (2023-2024),124.71428571428571,95.66666666666667,38.81457752663856,259.57142857142856,169.6,101.03276224878257,185.0,130.9,42.94182110716787,8131.571428571428,9495.033333333333,74.89293946006003,241.85714285714286,311.53333333333336,48.71149272820121,0.7620417173948661,0.8175367449528309,0.22846240721800617,0.02975520726109479,0.032983110842318246,0.006077852032123604,2.0647803618475717,3.9812336083795583,0.6480659961152606,1.4203692908115768,1.417493529495707,0.4296550892915462,34.824100035531885,31.873463971413,7.003177699478287,-117.14285714285714,-215.86666666666667,58.37644665281978,0.8323580498284925
2024-02-01,222.0,459.0,289.0,8026,337.0,0.6296296296296297,0.04198853725392474,1.518018018018018,1.588235294117647,38.11764705882353,23.816023738872403,False,-67.0,-48.0,-115.0,-9888.0,-33814.0,-43702.0,2024,2,2024-02,Thursday,3,False,High Inflow (2023-2024),138.14285714285714,99.2,53.58926687135707,292.57142857142856,178.63333333333333,124.09520154953208,201.0,135.06666666666666,57.76965754903987,8116.285714285715,9390.933333333332,84.81492456276246,261.14285714285717,310.6333333333333,56.416394104990175,0.7410865517028584,0.8094463850894213,0.23360429795541618,0.03220541494208002,0.03329443981604985,0.007130725879869637,2.05619365013586,3.9272365078307336,0.6559391117593724,1.4632406766540493,1.432223323852474,0.4292335278811297,32.47462110713884,31.646360733404713,7.607337734066552,-123.0,-211.43333333333334,55.302200076790115,0.8223437236254266
2024-02-04,253.0,531.0,248.0,7813,342.0,0.4670433145009416,0.04377319851529502,1.3517786561264822,2.1411290322580645,51.38709677419355,22.84502923976608,False,5.0,-94.0,-89.0,-9883.0,-33908.0,-43791.0,2024,2,2024-02,Sunday,6,True,High Inflow (2023-2024),161.42857142857142,104.13333333333334,63.65232947519711,340.42857142857144,190.16666666666666,143.69395387751103,207.14285714285714,138.06666666666666,60.48809406659734,8059.285714285715,9275.0,131.17382143014063,275.2857142857143,312.96666666666664,63.12082140813853,0.6583901155820016,0.7965460271043177,0.20885886954953548,0.03423146577722723,0.03395054699414508,0.008198851181352773,1.863590601011072,3.8859465900190764,0.6329269357449214,1.6325308868372572,1.4645647557294306,0.42956815229174083,30.910448329515766,31.024160727671426,8.377457032998644,-113.85714285714286,-208.83333333333334,54.803979695604035,0.8134763524034233
2024-02-05,157.0,466.0,345.0,7872,242.0,0.740343347639485,0.030741869918699188,1.5414012738853504,1.3507246376811595,32.41739130434783,32.52892561983471,False,-188.0,103.0,-85.0,-10071.0,-33805.0,-43876.0,2024,2,2024-02,Monday,0,False,High Inflow (2023-2024),169.28571428571428,104.83333333333333,58.260090072347914,380.0,197.5,132.76796802441913,234.28571428571428,145.46666666666667,74.25342704933847,8015.285714285715,9153.533333333333,135.5184050055658,268.0,308.03333333333336,63.67626454705633,0.6469954766582394,0.8045574720256338,0.20057735952273356,0.03350615135066348,0.033846411802480554,0.008259350118274026,1.6734266373364302,3.841738397187804,0.453918417126913,1.6512980009760405,1.4429222436521358,0.410976006616254,31.569139312749105,31.124184744059075,8.283707444619251,-98.71428571428571,-203.2,43.392450517397,0.8080168183454011
2024-02-06,291.0,455.0,323.0,8045,178.0,0.7098901098901099,0.022125543816034803,0.6116838487972509,1.4086687306501549,33.808049535603715,45.19662921348315,False,-32.0,145.0,113.0,-10103.0,-33660.0,-43763.0,2024,2,2024-02,Tuesday,1,False,High Inflow (2023-2024),193.71428571428572,110.26666666666667,69.00897112142803,408.2857142857143,205.06666666666666,122.92235257228272,262.42857142857144,150.33333333333334,62.82477521609113,8021.142857142857,9042.533333333333,135.83498392224809,249.57142857142858,297.4,68.95616274817245,0.6783694389938472,0.8023432827061813,0.18880809841778873,0.03118754016881766,0.033127519673271454,0.008922522094459763,1.3953338538312754,3.7327007754810455,0.4161610848324043,1.5611531711142714,1.4469400148997962,0.3795943994455176,34.301277594991696,31.86782825305312,9.264205423969825,-55.857142857142854,-187.13333333333333,76.88612482415905,0.7835158880193085
2024-02-07,227.0,453.0,330.0,8160,222.0,0.7284768211920529,0.027205882352941177,0.9779735682819384,1.3727272727272728,32.945454545454545,36.75675675675676,False,-103.0,108.0,5.0,-10206.0,-33552.0,-43758.0,2024,2,2024-02,Wednesday,2,False,High Inflow (2023-2024),206.57142857142858,114.83333333333333,64.94576491929531,434.14285714285717,213.63333333333333,107.5522021646976,285.85714285714283,154.5,50.177779183713554,8035.857142857143,8943.066666666668,145.59467546522518,253.42857142857142,293.23333333333335,66.09048631196808,0.6952526823574177,0.7917618978343518,0.18698136324146597,0.031616586678820446,0.03299645468446186,0.008596932038659726,1.3317075544096129,3.6367813759052585,0.44426088869248087,1.5231778933799573,1.4608276719581852,0.38383373002049764,33.64967874339284,32.022544352437805,8.839086016545682,-46.857142857142854,-178.4,80.20895330619996,0.7931563557450277
2024-02-08,298.0,499.0,358.0,8188,315.0,0.717434869739479,0.03847093307278945,1.0570469798657718,1.393854748603352,33.452513966480446,25.993650793650794,False,-60.0,43.0,-17.0,-10266.0,-33509.0,-43775.0,2024,2,2024-02,Thursday,3,False,High Inflow (2023-2024),235.85714285714286,122.9,49.606547186933966,477.14285714285717,227.53333333333333,28.59154054044556,307.2857142857143,164.16666666666666,42.8863392613322,8036.714285714285,8842.1,146.61254412652707,271.7142857142857,294.1333333333333,62.24337792278087,0.647671227962336,0.7880341170695702,0.10662396693045051,0.03384742745127502,0.033422975311716556,0.007945904475557913,1.1954638817944312,3.5005877038055457,0.3338178626535751,1.5863109893342824,1.4670934184802575,0.3017896313728518,31.11248447174479,31.590735490003944,7.960657489784309,-35.857142857142854,-171.23333333333332,77.91326068440571,0.8136189562326536
2024-02-11,205.0,515.0,226.0,8056,347.0,0.4388349514563107,0.04307348560079444,1.6926829268292682,2.2787610619469025,54.690265486725664,23.21613832853026,False,-21.0,-121.0,-142.0,-10287.0,-33630.0,-43917.0,2024,2,2024-02,Sunday,6,True,High Inflow (2023-2024),236.14285714285714,127.26666666666667,49.39105374940053,482.57142857142856,241.26666666666668,31.967989942317725,302.7142857142857,169.03333333333333,50.11225494066382,8022.857142857143,8737.1,138.1284771163816,283.2857142857143,294.53333333333336,68.24396013742246,0.6330932920068584,0.7767719811472401,0.12840868344513404,0.03533992150435412,0.03386226818946807,0.008629985984874109,1.2500836102577257,3.4061095671322876,0.3833519132679354,1.6477286825692217,1.500135453878488,0.39383246125295807,30.050450527270595,31.249581891999732,8.509560617737115,-47.142857142857146,-167.26666666666668,87.61740422889449,0.8058657202996834
2024-02-12,213.0,430.0,440.0,8092,234.0,1.0232558139534884,0.028917449332674247,1.0985915492957747,0.9772727272727273,23.454545454545453,34.58119658119658,False,-227.0,206.0,-21.0,-10514.0,-33424.0,-43938.0,2024,2,2024-02,Monday,0,False,High Inflow (2023-2024),234.85714285714286,132.1,49.934719289049504,478.42857142857144,252.03333333333333,37.01286777530392,324.2857142857143,180.3,71.26175759296201,8032.285714285715,8632.5,140.60904935998767,268.57142857142856,290.43333333333334,65.79224154578624,0.6893256040531239,0.7791048073444437,0.19536846643069405,0.03347262322988976,0.033766521546564926,0.0083615826460922,1.1901655432974052,3.2677292854421465,0.36692004371341624,1.5604483158770905,1.4977438911928074,0.46962231865494336,31.58833236188833,31.353735690271172,8.160675524593469,-33.714285714285715,-158.33333333333334,82.54032203659453,0.8032314888674297
2024-02-13,227.0,369.0,349.0,8348,160.0,0.94579945799458,0.019166267369429803,0.7048458149779736,1.0573065902578798,25.375358166189116,52.175,False,-122.0,189.0,67.0,-10636.0,-33235.0,-43871.0,2024,2,2024-02,Tuesday,1,False,High Inflow (2023-2024),231.14285714285714,136.6,49.3235189722865,455.2857142857143,260.2,47.751838658190614,338.7142857142857,188.83333333333334,62.98601507666663,8108.714285714285,8548.433333333332,146.81361685911094,242.57142857142858,286.1,67.86716717936926,0.7577193388379294,0.785631455944263,0.18825449390617072,0.029957347351909018,0.03351609936412304,0.008481019999506761,1.0977465659904753,3.1861516821732967,0.3994599437082657,1.4056165384484927,1.488542999756959,0.42257584716504537,35.77832818477889,31.843477069581517,10.198470719443451,-11.428571428571429,-149.5,86.10818223385634,0.7813829591155312
2024-02-14,185.0,322.0,272.0,8512,230.0,0.84472049689441,0.027020676691729324,1.2432432432432432,1.1838235294117647,28.411764705882355,37.00869565217391,False,-87.0,42.0,-45.0,-10723.0,-33193.0,-43916.0,2024,2,2024-02,Wednesday,2,False,High Inflow (2023-2024),235.14285714285714,139.0,43.04427399561416,434.7142857142857,265.53333333333336,68.76218506736015,328.2857142857143,194.33333333333334,67.64297028199908,8200.142857142857,8473.166666666666,171.95777444039328,240.85714285714286,283.23333333333335,68.0353549546822,0.7726303601600615,0.7917723449353935,0.1907657522504881,0.029425748319484746,0.0334387632080411,0.00854006808698305,1.0551525616130315,3.1343777843817,0.35801525073578333,1.3817735229814363,1.4775364943510583,0.4308173766275207,36.41829533225592,31.94102430862023,10.100669214783753,-5.714285714285714,-144.23333333333332,81.62253423680288,0.7797442299937992
2024-02-15,333.0,508.0,272.0,8463,312.0,0.5354330708661418,0.03686635944700461,0.9369369369369369,1.8676470588235294,44.82352941176471,27.125,False,61.0,-40.0,21.0,-10662.0,-33233.0,-43895.0,2024,2,2024-02,Thursday,3,False,High Inflow (2023-2024),241.14285714285714,146.56666666666666,53.729037994454224,442.2857142857143,275.93333333333334,74.08039391029548,321.0,199.03333333333333,70.9718253957159,8259.857142857143,8398.0,181.420715990468,260.0,284.8666666666667,66.22939931279296,0.7477079260137803,0.7873412023996391,0.21068450123671678,0.031531579123909005,0.03384970318612468,0.008252521050186075,1.1016172884901294,3.0829046130972073,0.3085577086276203,1.4473418555776327,1.489918622774947,0.4688420076787329,33.836634016044044,31.48676258491934,9.78768339853491,-18.857142857142858,-138.3,65.04467329312594,0.7969851906287228
2024-02-19,249.0,420.0,371.0,8380,218.0,0.8833333333333333,0.026014319809069212,0.8755020080321285,1.1320754716981132,27.169811320754718,38.440366972477065,False,-122.0,153.0,31.0,-10784.0,-33080.0,-43864.0,2024,2,2024-02,Monday,0,False,High Inflow (2023-2024),244.28571428571428,152.0,53.40634882893678,437.57142857142856,284.8666666666667,74.33450778486957,326.85714285714283,205.8,73.48566429680582,8291.285714285714,8325.4,180.2911666220037,259.42857142857144,280.06666666666666,66.62796495680895,0.7698302848911062,0.7799435415809256,0.21638175321640646,0.03136135590335587,0.03357395395503342,0.008368097038571574,1.0869784941687282,2.9717779358455654,0.3176967756988188,1.412963026859181,1.4974957416728205,0.48380939751922925,34.07714976114694,31.795916622123453,9.891534961837811,-15.142857142857142,-128.06666666666666,67.33604426414446,0.795655177793895
2024-02-20,149.0,395.0,273.0,8488,192.0,0.6911392405063291,0.022620169651272386,1.2885906040268456,1.4468864468864469,34.72527472527472,44.208333333333336,False,-124.0,81.0,-43.0,-10908.0,-32999.0,-43907.0,2024,2,2024-02,Tuesday,1,False,High Inflow (2023-2024),223.0,154.16666666666666,57.93099343184082,422.7142857142857,294.1,70.29394067227913,314.7142857142857,210.36666666666667,74.49768292977137,8334.142857142857,8286.0,187.17231683797453,241.85714285714286,274.23333333333335,65.74300614622769,0.7660737664292278,0.7645634371684247,0.2176674067129365,0.029096961128853432,0.033062878603526365,0.008267609005264923,1.1200561547631673,2.869096035344873,0.3260061537294248,1.4205389837567661,1.516803721274918,0.4838755186056918,36.67924726681588,32.39123527183584,9.806089336226474,-18.857142857142858,-120.06666666666666,68.16751076436259,0.7862712148897323
2024-02-21,232.0,430.0,318.0,8573,231.0,0.7395348837209302,0.026945060072320073,0.9956896551724138,1.3522012578616351,32.45283018867924,37.112554112554115,False,-86.0,87.0,1.0,-10994.0,-32912.0,-43906.0,2024,2,2024-02,Wednesday,2,False,High Inflow (2023-2024),226.85714285714286,159.93333333333334,57.42945983676706,410.57142857142856,306.3,57.95359391460432,327.85714285714283,217.06666666666666,63.54900621155436,8408.0,8249.433333333332,159.0104818348567,225.28571428571428,269.7,46.67873993484466,0.8090308996098876,0.7282770999591224,0.16581941125997532,0.02679290033907138,0.032695966266054234,0.005511302341021446,1.0204856873836166,2.6949410577489252,0.20649686596938202,1.2881732974588709,1.5436434783033541,0.3028457500552866,38.664449521676424,32.75002794752225,7.834768503385207,1.5714285714285714,-109.76666666666667,41.210262244805925,0.8283645556967201
2024-02-22,165.0,400.0,292.0,8607,293.0,0.73,0.0340420587893575,1.7757575757575759,1.36986301369863,32.87671232876712,29.37542662116041,False,-127.0,-1.0,-128.0,-11121.0,-32913.0,-44034.0,2024,2,2024-02,Thursday,3,False,High Inflow (2023-2024),220.0,163.36666666666667,62.04030947698427,406.2857142857143,316.4,57.383837113812646,306.7142857142857,225.06666666666666,40.43807729403168,8481.57142857143,8225.966666666667,94.4825506692809,233.71428571428572,269.93333333333334,53.36264075710192,0.7671372119022463,0.7347410174848955,0.1372615900285753,0.02752498740431184,0.03280682299246281,0.006144532128627046,1.1172236911638738,2.6003695360806294,0.3546531507464397,1.3442576240911426,1.5271260915804878,0.2702742968726371,37.920768098814115,32.644010699696125,8.505323259281225,-13.714285714285714,-106.56666666666666,64.33432024902982,0.8141172771597843
2024-02-25,244.0,482.0,366.0,8404,329.0,0.7593360995850622,0.03914802475011899,1.348360655737705,1.3169398907103824,31.606557377049178,25.544072948328267,False,-122.0,37.0,-85.0,-11243.0,-32876.0,-44119.0,2024,2,2024-02,Sunday,6,True,High Inflow (2023-2024),222.42857142857142,168.46666666666667,62.68933227393928,422.42857142857144,329.96666666666664,60.931264943531666,309.14285714285717,234.03333333333333,43.7737690534279,8489.57142857143,8201.3,82.95552451548951,257.85714285714283,269.26666666666665,52.67962468680757,0.7404995892723152,0.7169411096932864,0.11270772169793966,0.030379524172981728,0.03283952034706725,0.006254595455250646,1.2091543827009785,2.517476063433058,0.31061314720662814,1.3813480955843573,1.545250892061212,0.24050800905234995,34.1163499485753,32.62212736244365,6.864490949704254,-35.42857142857143,-100.8,57.87877314657206,0.83035946080249
2024-02-26,199.0,438.0,326.0,8404,329.0,0.7442922374429224,0.03914802475011899,1.6532663316582914,1.343558282208589,32.24539877300614,25.544072948328267,False,-127.0,-3.0,-130.0,-11370.0,-32879.0,-44249.0,2024,2,2024-02,Monday,0,False,High Inflow (2023-2024),224.42857142857142,174.13333333333333,61.508419864972126,439.0,342.8666666666667,41.852917062810015,316.85714285714283,244.53333333333333,40.79390710808223,8474.142857142857,8187.133333333333,87.97997607692886,272.0,264.3666666666667,57.061370470748656,0.7261526950649599,0.7345613084577238,0.10322284643982219,0.032112002467037395,0.03234734649015178,0.0068229290453389055,1.2677291096174137,2.025458504373392,0.3537747743187949,1.404167345983904,1.435490713589377,0.2257696846130571,32.478546705168775,32.855319149796884,7.405728515170739,-47.57142857142857,-90.23333333333333,68.2149962565834,0.8265935305954698
2024-02-27,197.0,369.0,306.0,8650,206.0,0.8292682926829268,0.023815028901734103,1.0456852791878173,1.2058823529411764,28.941176470588232,41.99029126213592,False,-109.0,100.0,-9.0,-11479.0,-32779.0,-44258.0,2024,2,2024-02,Tuesday,1,False,High Inflow (2023-2024),205.0,179.6,38.777141032658044,419.14285714285717,353.4,36.26030231271285,321.7142857142857,253.6,36.34425349219249,8500.857142857143,8207.7,109.73366024377925,256.85714285714283,263.43333333333334,58.71805109001468,0.7681291553245007,0.7408199370817459,0.06564351334920232,0.030247526674855894,0.03217018613979546,0.007085385601590286,1.2832645870818253,1.823951043982683,0.3389026628622471,1.3096295308578532,1.423726007707024,0.10628060952973895,34.60215974261677,33.11069353089942,7.738578518320997,-51.857142857142854,-83.83333333333333,64.00111606169718,0.8139332488223174
2024-02-28,209.0,447.0,274.0,8699,257.0,0.6129753914988815,0.02954362570410392,1.229665071770335,1.6313868613138687,39.153284671532845,33.84824902723735,False,-65.0,17.0,-48.0,-11544.0,-32762.0,-44306.0,2024,2,2024-02,Wednesday,2,False,High Inflow (2023-2024),199.28571428571428,185.5,33.84629120851226,423.0,366.6666666666667,37.771241264571486,307.85714285714283,261.43333333333334,32.73341092028411,8546.42857142857,8226.566666666668,117.1649224283461,262.42857142857144,265.73333333333335,56.21345373620467,0.7295065922052932,0.7347218378868107,0.06609739807567593,0.03075171323128942,0.032384450281159764,0.00685580219426827,1.3338593104729977,1.6691065463750274,0.2909220669680835,1.3809597293743896,1.4362252278704777,0.13175720284377784,33.94614289329681,32.796947221878256,7.55135335316994,-63.142857142857146,-80.23333333333333,52.96989261655625,0.8235843068498715
2024-02-29,262.0,444.0,354.0,8724,299.0,0.7972972972972973,0.03427326914259514,1.1412213740458015,1.2542372881355932,30.101694915254235,29.17725752508361,False,-92.0,55.0,-37.0,-11636.0,-32707.0,-44343.0,2024,2,2024-02,Thursday,3,False,High Inflow (2023-2024),215.42857142857142,191.56666666666666,32.796631650506924,430.0,375.6,36.22614157391217,319.42857142857144,269.06666666666666,32.67444028011853,8580.142857142857,8248.3,130.72034854540055,277.7142857142857,263.93333333333334,47.78672858201791,0.7446720288897171,0.7376241720391448,0.06797890472531466,0.032416441730049816,0.032069178677753045,0.005900455499115344,1.3128065633328485,1.5600639255098874,0.299936517151681,1.3534384209814105,1.4310998041416643,0.13575102892751495,31.798846349261137,33.00729395524507,6.154824160471918,-62.285714285714285,-72.36666666666666,53.39698582540097,0.8531902314180883
2024-03-03,236.0,468.0,347.0,8594,354.0,0.7414529914529915,0.04119152897370258,1.5,1.3487031700288183,32.36887608069164,24.27683615819209,False,-111.0,-7.0,-118.0,-11747.0,-32714.0,-44461.0,2024,3,2024-03,Sunday,6,True,High Inflow (2023-2024),216.0,195.56666666666666,33.166247903553774,435.42857142857144,384.93333333333334,38.96946301424793,323.57142857142856,275.1666666666667,34.262988500018004,8583.142857142857,8266.7,130.77006356131753,295.2857142857143,263.76666666666665,50.29484495026723,0.7449460442800115,0.7332612575698473,0.06795860906514528,0.034451651573104466,0.031954208421624865,0.006150390715699209,1.3848508983082177,1.5069030059696575,0.2701595305870851,1.352938694148151,1.437845194362137,0.1357627802884612,29.965172355780847,33.06981802031387,6.219589852477918,-79.28571428571429,-68.2,48.620003721768086,0.8544627479582173
2024-03-04,225.0,509.0,340.0,8660,229.0,0.6679764243614931,0.02644341801385681,1.0177777777777777,1.4970588235294118,35.92941176470588,37.81659388646288,False,-115.0,111.0,-4.0,-11862.0,-32603.0,-44465.0,2024,3,2024-03,Monday,0,False,High Inflow (2023-2024),224.57142857142858,199.56666666666666,24.377976008801447,451.0,395.73333333333335,43.91658760270931,330.42857142857144,281.23333333333335,31.59038431156491,8590.714285714286,8289.566666666668,133.87894318597287,286.14285714285717,259.03333333333336,56.244788118333204,0.7360855334745108,0.7270586699134287,0.07400632052405588,0.03336613146231865,0.03128478201598359,0.006863907983661996,1.2765680700253896,1.423051154117806,0.23726759886857932,1.371109524123977,1.448717619281472,0.14649352701084886,31.1710533936812,33.613929101345114,6.870441083320377,-61.57142857142857,-59.46666666666667,50.46733974514961,0.8357277521639928
2024-03-05,246.0,472.0,345.0,8800,214.0,0.7309322033898306,0.02431818181818182,0.8699186991869918,1.3681159420289855,32.83478260869565,41.12149532710281,False,-99.0,131.0,32.0,-11961.0,-32472.0,-44433.0,2024,3,2024-03,Tuesday,1,False,High Inflow (2023-2024),224.85714285714286,203.23333333333332,24.653793294531948,449.57142857142856,403.26666666666665,42.89078045010167,327.42857142857144,288.6333333333333,28.494778134815615,8647.285714285714,8315.966666666667,125.21809545186784,269.7142857142857,258.76666666666665,58.394389815330634,0.732027834018049,0.734756410026423,0.07329429988910405,0.03124758247204191,0.03117131215251373,0.007067493082781423,1.2082192190895735,1.3976366793848232,0.27847323578979943,1.3784203885980635,1.4276548173491046,0.14460439822181345,33.39639944779185,33.78224320984613,7.256043393733359,-44.857142857142854,-55.53333333333333,59.906673449704215,0.8220272910459518
2024-03-06,230.0,457.0,277.0,8870,232.0,0.6061269146608315,0.026155580608793687,1.008695652173913,1.6498194945848375,39.595667870036095,38.23275862068966,False,-47.0,45.0,-2.0,-12008.0,-32427.0,-44435.0,2024,3,2024-03,Wednesday,2,False,High Inflow (2023-2024),229.28571428571428,206.63333333333333,21.86103295603267,452.2857142857143,410.9,42.63689437452657,320.42857142857144,291.96666666666664,34.32616661215899,8713.857142857143,8340.533333333333,94.4006154137673,255.85714285714286,259.76666666666665,53.26483696720477,0.7122899307634646,0.7290834475326612,0.0868004017913287,0.029391519023281156,0.03121526205657258,0.00631259910755592,1.116137693448948,1.3786557011239535,0.20317222911703425,1.4221719903660988,1.439710947394588,0.17535928906970047,35.20906882955776,33.71458928928166,6.514495899817098,-26.571428571428573,-53.13333333333333,47.92305340458823,0.8276899074033123
2024-03-07,181.0,424.0,328.0,8902,305.0,0.7735849056603774,0.03426196360368457,1.6850828729281768,1.2926829268292683,31.024390243902438,29.18688524590164,False,-147.0,23.0,-124.0,-12155.0,-32404.0,-44559.0,2024,3,2024-03,Thursday,3,False,High Inflow (2023-2024),227.0,209.66666666666666,26.204325342711105,460.14285714285717,418.5,26.89131564543882,323.57142857142856,296.06666666666666,33.78785355152103,8749.857142857143,8363.533333333333,112.3364419522807,270.0,261.8333333333333,50.91168824543169,0.7043351611888147,0.7200056654764425,0.07619716397190536,0.030883938266416933,0.031370966087719915,0.0060017528954796565,1.207480206840428,1.3448251302215593,0.29097669420276817,1.434572072350112,1.4509304595897101,0.1599036989690742,33.38001082723857,33.561010841374134,6.075846802114963,-43.0,-52.166666666666664,59.26494185716632,0.8413529637272211
2024-03-10,190.0,368.0,326.0,8714,373.0,0.8858695652173914,0.04280468212072527,1.9631578947368422,1.1288343558282208,27.0920245398773,23.361930294906166,False,-136.0,-47.0,-183.0,-12291.0,-32451.0,-44742.0,2024,3,2024-03,Sunday,6,True,High Inflow (2023-2024),224.28571428571428,212.6,29.193117257978468,448.85714285714283,424.46666666666664,44.28102893801478,331.0,301.76666666666665,25.85858980429236,8752.0,8381.333333333334,111.34331292608137,286.57142857142856,264.5,63.337343231454334,0.7433200431486019,0.7221977903134948,0.09019001419452523,0.032778374897362836,0.03160381979492257,0.007430922914248711,1.3122648958356433,1.3145120927258596,0.40859564401185394,1.3627788572807338,1.4479131101603282,0.16934914019225697,31.881965294048406,33.40913889329762,7.14060214291491,-62.285714285714285,-51.9,79.62979820334054,0.8189889813132929
2024-03-11,178.0,336.0,290.0,8757,253.0,0.8630952380952381,0.02889117277606486,1.4213483146067416,1.1586206896551725,27.80689655172414,34.612648221343875,False,-112.0,37.0,-75.0,-12403.0,-32414.0,-44817.0,2024,3,2024-03,Monday,0,False,High Inflow (2023-2024),212.28571428571428,214.53333333333333,28.359091932536924,433.42857142857144,427.1,61.65997389678476,321.85714285714283,307.23333333333335,27.625040400745885,8756.714285714286,8406.433333333332,110.65669777255567,280.0,262.7,64.21318660005394,0.7527197489768792,0.7346252191319743,0.09968241572941944,0.03200950398785851,0.031288331484492886,0.00752827100938035,1.3522830302014917,1.2766125921016396,0.40272727541733633,1.3491193432121023,1.4185443818260823,0.18287882901288297,32.65844967922845,33.69383845941625,7.0928353863991,-67.71428571428571,-48.166666666666664,78.91073920515976,0.8134493706231419
2024-03-12,154.0,294.0,290.0,8843,213.0,0.9863945578231292,0.02408684835463078,1.3831168831168832,1.013793103448276,24.33103448275862,41.51643192488263,False,-136.0,77.0,-59.0,-12539.0,-32337.0,-44876.0,2024,3,2024-03,Tuesday,1,False,High Inflow (2023-2024),200.57142857142858,215.1,33.41585024534067,408.57142857142856,427.8333333333333,78.24290626601372,313.7142857142857,311.3666666666667,27.378302149173045,8792.285714285714,8432.633333333333,87.16022465509607,259.85714285714283,263.3,59.0379216307301,0.7877114013154702,0.7471619004711766,0.132618230499212,0.029565978185133967,0.03128447453688319,0.00679107683343917,1.3355854420753324,1.2752712327310831,0.3979770318676203,1.3012750479863104,1.397719011378776,0.22251890345960854,35.12124907446995,33.70045456631405,6.678380805894294,-59.285714285714285,-48.2,75.73135476959375,0.8148672456704791
2024-03-13,165.0,358.0,167.0,8819,239.0,0.4664804469273743,0.027100578296859055,1.4484848484848485,2.143712574850299,51.44910179640718,36.89958158995816,False,-2.0,-72.0,-74.0,-12541.0,-32409.0,-44950.0,2024,3,2024-03,Wednesday,2,False,High Inflow (2023-2024),192.0,217.5,33.79842205389655,387.0,433.1666666666667,65.75966342168418,289.0,310.0,59.23962637739467,8815.0,8453.866666666667,64.78682993753769,261.2857142857143,265.03333333333336,58.28297145740597,0.7589262616820245,0.7276944136852541,0.17728430174409662,0.02965985822556286,0.031425992224591574,0.0067451027629677135,1.3971150236049141,1.2565289714081769,0.37317503623721493,1.3936541553178654,1.4374453279763502,0.3891701380254264,34.99024731782642,33.471973596139755,6.625482042709842,-69.28571428571429,-47.53333333333333,71.73031503651765,0.8176198918805964
2024-03-14,166.0,301.0,252.0,8695,310.0,0.8372093023255814,0.03565267395054629,1.8674698795180722,1.1944444444444444,28.666666666666664,28.048387096774192,False,-86.0,-58.0,-144.0,-12627.0,-32467.0,-45094.0,2024,3,2024-03,Thursday,3,False,High Inflow (2023-2024),180.57142857142858,216.26666666666668,24.831815230043826,362.57142857142856,427.3,60.46998468346868,275.7142857142857,309.8,54.85348450103003,8800.0,8471.933333333332,79.35573913306693,275.0,266.5,56.571488696456925,0.7741087043871319,0.7375720403246183,0.17902949619947567,0.031279071387329216,0.031526880448635095,0.006608149543401494,1.5396223350807823,1.2750998064725723,0.3257547736300619,1.3688439413772167,1.4156322358144209,0.3965358032473644,33.12266042777947,33.3852406347039,6.449342723925027,-94.42857142857143,-50.233333333333334,60.235253085595104,0.8293837358608167
2024-03-17,127.0,260.0,259.0,8373,342.0,0.9961538461538462,0.04084557506270154,2.6929133858267718,1.0038610038610039,24.092664092664094,24.482456140350877,False,-132.0,-83.0,-215.0,-12759.0,-32550.0,-45309.0,2024,3,2024-03,Sunday,6,True,High Inflow (2023-2024),165.85714285714286,213.1,20.860078071350717,334.42857142857144,420.6666666666667,54.771821048348464,273.14285714285717,308.8,55.20395085930146,8729.0,8483.5,173.16947383037368,290.7142857142857,266.6666666666667,57.89851548388867,0.8298268374575626,0.7497895142087588,0.17872882340256824,0.033377642023601765,0.03148878170892765,0.007029055011556684,1.7802248684597621,1.3142629853995307,0.46182014660945087,1.2765641569880979,1.3961530928058659,0.3954112273889709,31.15833150201679,33.40745504808652,6.7217810029667415,-124.85714285714286,-53.56666666666667,59.55789500261778,0.8339174141486119
2024-03-18,123.0,243.0,188.0,8333,283.0,0.7736625514403292,0.033961358454338175,2.3008130081300813,1.2925531914893618,31.02127659574468,29.445229681978798,False,-65.0,-95.0,-160.0,-12824.0,-32645.0,-45469.0,2024,3,2024-03,Monday,0,False,High Inflow (2023-2024),157.57142857142858,208.76666666666668,24.959014022039646,308.57142857142856,411.06666666666666,47.70694269131426,253.14285714285714,306.8,57.33651707660806,8647.714285714286,8500.833333333334,208.391230050418,287.57142857142856,264.7,57.590095047838325,0.8298379297118413,0.7600101554400717,0.17872475353621192,0.03333469843083799,0.031161720373562424,0.00702366805027041,1.8681863163457486,1.3458974637996508,0.4979067155834388,1.2765456233681112,1.3678672314469091,0.39541034899416816,31.195237850027816,33.62746172949361,6.709851241104007,-130.0,-55.93333333333333,61.008196170678474,0.8331503046922359
2024-03-19,99.0,202.0,256.0,8390,197.0,1.2673267326732673,0.023480333730631704,1.9898989898989898,0.7890625,18.9375,42.588832487309645,False,-157.0,59.0,-98.0,-12981.0,-32586.0,-45567.0,2024,3,2024-03,Tuesday,1,False,High Inflow (2023-2024),144.57142857142858,206.83333333333334,28.675524655805447,284.85714285714283,402.26666666666665,54.075344262823265,243.14285714285714,303.8333333333333,47.82756726487525,8601.42857142857,8518.1,226.41691422603628,262.42857142857144,263.2,52.248946218583356,0.8843318107769665,0.7775762682745312,0.24465112990538626,0.030574077232253197,0.03091966916729351,0.006455904068186294,1.872006472797484,1.3608473876667722,0.49885849756764633,1.2280067868212223,1.3491451601908706,0.43539734936173496,33.941938163228315,33.96279195840944,6.901393280808015,-117.85714285714286,-56.36666666666667,57.03048474698576,0.833960345787494
2024-03-20,91.0,181.0,174.0,8365,227.0,0.9613259668508287,0.02713687985654513,2.4945054945054945,1.0402298850574712,24.96551724137931,36.85022026431718,False,-83.0,-53.0,-136.0,-13064.0,-32639.0,-45703.0,2024,3,2024-03,Wednesday,2,False,High Inflow (2023-2024),132.14285714285714,200.16666666666666,30.563750704762178,262.7142857142857,393.1333333333333,60.94181456032294,226.57142857142858,298.8666666666667,48.96889197186673,8545.42857142857,8528.766666666666,229.97525746836314,258.7142857142857,264.8333333333333,53.92808262156309,0.8983647720277652,0.7859574635065552,0.2460432523710307,0.030323463958036097,0.031086713701977187,0.006565245531384249,2.025314641354449,1.4236081091903803,0.5021698414932636,1.2110938147358365,1.3368638653377813,0.4408076876541663,34.261591312224496,33.68457832677057,6.988900499436069,-126.57142857142857,-64.66666666666667,53.96868580592856,0.8275087189602144
2024-03-21,132.0,261.0,141.0,8292,235.0,0.5402298850574713,0.028340569223347805,1.7803030303030303,1.851063829787234,44.42553191489361,35.285106382978725,False,-9.0,-94.0,-103.0,-13073.0,-32733.0,-45806.0,2024,3,2024-03,Thursday,3,False,High Inflow (2023-2024),129.0,197.0,29.034462281915843,258.0,386.73333333333335,59.374517541899806,205.28571428571428,292.56666666666666,49.18575093701493,8466.714285714286,8533.166666666666,203.97607235962374,261.85714285714283,265.26666666666665,51.401778735204225,0.8346269616326712,0.7796825656354025,0.27546853631107876,0.03093113836785281,0.031124536597657407,0.006069957624096433,2.0820555195238986,1.4503524245910833,0.435530966428487,1.330703918498545,1.3528084172397798,0.48927778681193385,33.371401949095365,33.63552331431131,6.270781347055772,-132.85714285714286,-68.26666666666667,46.884356209111424,0.8359128018639645
2024-03-24,124.0,264.0,221.0,7899,373.0,0.8371212121212122,0.04722116723635903,3.0080645161290325,1.1945701357466063,28.66968325791855,21.176943699731904,False,-97.0,-152.0,-249.0,-13170.0,-32885.0,-46055.0,2024,3,2024-03,Sunday,6,True,High Inflow (2023-2024),123.14285714285714,191.2,24.31342956357354,244.57142857142858,378.9,40.67291130821309,213.0,288.0,46.33213427705049,8335.285714285714,8523.533333333333,233.42287397608996,281.0,267.2,64.70188044665584,0.887575642374648,0.7836721103814601,0.22366154208008157,0.03380550821635281,0.03141621106977639,0.008305862881598276,2.304852614901639,1.515386342466525,0.45583885729869067,1.1951121414837316,1.3461655968112216,0.3329689518935985,31.125310821920188,33.47496641118068,7.493090986276841,-157.85714285714286,-76.0,56.03400328202079,0.8128390844647436
2024-03-25,128.0,242.0,224.0,7899,229.0,0.9256198347107438,0.028991011520445625,1.7890625,1.0803571428571428,25.928571428571427,34.493449781659386,False,-96.0,-5.0,-101.0,-13266.0,-32890.0,-46156.0,2024,3,2024-03,Monday,0,False,High Inflow (2023-2024),117.71428571428571,188.63333333333333,15.955294687702386,236.14285714285714,369.8,32.2770742758632,209.0,287.93333333333334,43.52776891441413,8221.57142857143,8518.3,222.6176521474383,269.42857142857144,263.26666666666665,65.88337459191867,0.9002057184296712,0.7998982731566079,0.22283808510752026,0.032853842154909864,0.0309467952670981,0.008439508559796577,2.2936515606847716,1.5185989949055496,0.46914672954380826,1.1788139555426884,1.3062187995082297,0.33578732986480186,32.04603406261807,33.850876792951645,7.4478325327099695,-151.71428571428572,-74.63333333333334,60.021424746263904,0.8035161724065367
2024-03-26,187.0,276.0,200.0,7919,208.0,0.7246376811594203,0.02626594266952898,1.1122994652406417,1.38,33.12,38.07211538461539,False,-13.0,-8.0,-21.0,-13279.0,-32898.0,-46177.0,2024,3,2024-03,Tuesday,1,False,High Inflow (2023-2024),126.28571428571429,187.76666666666668,30.89613937972546,238.42857142857142,364.6666666666667,34.722025396268435,200.57142857142858,279.93333333333334,37.53157400934601,8156.714285714285,8512.533333333333,236.82814745842572,250.28571428571428,262.4,60.53295049176229,0.861417694859039,0.7899443353968058,0.22694617208193538,0.030771037527313777,0.030858411711659928,0.007921678350452103,2.06784957202961,1.5190559254370453,0.6055120319311097,1.2325480978482592,1.319643041932472,0.3332102860115609,33.98741395465586,33.96724075306561,6.898605058614084,-124.0,-74.63333333333334,69.90469702864503,0.8052467327369176
2024-03-27,129.0,287.0,185.0,7893,215.0,0.6445993031358885,0.027239325985050043,1.6666666666666667,1.5513513513513513,37.23243243243243,36.711627906976744,False,-56.0,-30.0,-86.0,-13335.0,-32928.0,-46263.0,2024,3,2024-03,Wednesday,2,False,High Inflow (2023-2024),127.14285714285714,184.5,30.8730117925487,244.71428571428572,361.93333333333334,39.36036198052742,200.14285714285714,274.46666666666664,37.71572868812374,8093.857142857143,8497.366666666667,240.60231958668695,240.57142857142858,264.23333333333335,59.86055223839633,0.8429800879584046,0.7799043302348493,0.24012393414348884,0.02981074717455833,0.03112751366551393,0.007877792237225182,1.9772572375348365,1.5511166204933349,0.6122493893274853,1.2695192635428292,1.336111200635588,0.35464569214804814,35.02547084394128,33.4517950166315,6.643185474375598,-113.42857142857143,-79.73333333333333,69.14443130833,0.8007517306345346
2024-03-28,161.0,288.0,248.0,7762,360.0,0.8611111111111112,0.04637979902087091,2.2360248447204967,1.1612903225806452,27.870967741935488,21.56111111111111,False,-87.0,-112.0,-199.0,-13422.0,-33040.0,-46462.0,2024,3,2024-03,Thursday,3,False,High Inflow (2023-2024),136.0,183.7,30.342489460600603,257.0,360.8,37.166292972710764,199.0,273.6666666666667,35.814336049501684,8004.142857142857,8472.366666666667,228.55519287579915,263.85714285714283,268.56666666666666,70.79178052907147,0.7849492848780966,0.7804506840420727,0.154187474020029,0.03308209935887822,0.031772817743151986,0.009415455309534766,2.012418073937909,1.5842093405425766,0.6201132635926389,1.3226946667686357,1.335360093741217,0.29317879619359827,32.02151064734149,32.93687553192941,7.367830810457044,-127.85714285714286,-84.86666666666666,75.62281086953534,0.7884595599090827
2024-03-31,105.0,254.0,151.0,7257,287.0,0.594488188976378,0.03954802259887006,2.7333333333333334,1.6821192052980132,40.370860927152314,25.285714285714285,False,-46.0,-136.0,-182.0,-13468.0,-33176.0,-46644.0,2024,3,2024-03,Sunday,6,True,High Inflow (2023-2024),138.0,176.1,27.178422814185858,267.42857142857144,352.3333333333333,17.125586538444015,195.71428571428572,269.6333333333333,39.368829826459546,7845.857142857143,8432.166666666666,307.1505757612916,272.42857142857144,267.73333333333335,69.19984860979878,0.7325438880388894,0.7824191879790805,0.14639278138585027,0.03485511975063892,0.031862206514880836,0.009276871880851764,2.0465363366276,1.6440892204224566,0.656557295966113,1.4143931410887132,1.3291758319570333,0.29047725495199417,30.369438364683933,32.87556600811988,7.401111418558246,-134.42857142857142,-91.63333333333334,78.39612478274913,0.7974411830197659
2024-04-01,109.0,235.0,171.0,7271,172.0,0.7276595744680852,0.023655618209324714,1.5779816513761469,1.3742690058479532,32.98245614035088,42.27325581395349,False,-62.0,-1.0,-63.0,-13530.0,-33177.0,-46707.0,2024,4,2024-04,Monday,0,False,High Inflow (2023-2024),134.71428571428572,171.43333333333334,29.329815806412554,263.7142857142857,346.1666666666667,21.10856292056507,200.0,262.96666666666664,33.635298918447305,7700.0,8395.2,302.3645702349222,263.42857142857144,266.2,78.36848248893864,0.7593195579546913,0.7772300626835722,0.12014276502807919,0.03418584103434991,0.03178358312822269,0.00996841712245193,2.017633282495188,1.6675052085339241,0.6744405720330139,1.346279594811673,1.337248949762028,0.21783582633947526,31.36774542625176,33.00332896950243,8.55588939712187,-128.71428571428572,-94.76666666666667,82.42312435579845,0.770716331253539
2024-04-02,101.0,230.0,175.0,7340,132.0,0.7608695652173914,0.017983651226158037,1.306930693069307,1.3142857142857143,31.542857142857144,55.60606060606061,False,-74.0,43.0,-31.0,-13604.0,-33134.0,-46738.0,2024,4,2024-04,Tuesday,1,False,High Inflow (2023-2024),131.42857142857142,169.83333333333334,31.90536602128824,258.85714285714283,340.6666666666667,24.64703208250892,193.42857142857142,259.7,33.34095151040259,7620.142857142857,8356.933333333332,314.6174547878077,229.0,264.2,75.07773749032894,0.7484264655398597,0.7795544068406078,0.11527097988834434,0.030009053032892623,0.03162903251405221,0.009718439165552123,1.7746141649152276,1.6681165448353392,0.5537683951375209,1.36338182031726,1.3328289253420034,0.208436692636157,36.28619069858443,33.38325321192667,11.206584492332224,-97.57142857142857,-94.36666666666666,69.58413886046418,0.7530968951887944
2024-04-03,124.0,230.0,190.0,7346,163.0,0.8260869565217391,0.02218894636536891,1.314516129032258,1.2105263157894737,29.05263157894737,45.06748466257669,False,-66.0,27.0,-39.0,-13670.0,-33107.0,-46777.0,2024,4,2024-04,Wednesday,2,False,High Inflow (2023-2024),130.85714285714286,166.23333333333332,32.01264631063039,257.14285714285717,334.0,26.37188257360909,188.57142857142858,255.43333333333334,30.500585474473812,7541.142857142857,8316.033333333333,302.1067298000675,219.57142857142858,261.93333333333334,79.1135410720091,0.7342074829414305,0.782439475933968,0.09393508249937892,0.029037329439310235,0.031470495390487165,0.010166909489952648,1.7068218262055501,1.6787440939640006,0.5801246206120522,1.3819774164504501,1.3281064272729315,0.1832650143311585,37.796767110144046,33.648417563594094,11.62934171197575,-88.71428571428571,-95.7,72.93996226512647,0.7351271436040027
2024-04-04,95.0,226.0,152.0,7317,225.0,0.672566371681416,0.03075030750307503,2.3684210526315788,1.486842105263158,35.684210526315795,32.52,False,-57.0,-73.0,-130.0,-13727.0,-33180.0,-46907.0,2024,4,2024-04,Thursday,3,False,High Inflow (2023-2024),117.71428571428571,163.9,22.63267759762621,250.0,328.2,27.172289806591206,181.71428571428572,250.76666666666668,32.811147931326595,7455.142857142857,8273.033333333333,259.2626908314366,222.0,259.6666666666667,78.95990543729617,0.7267687244445727,0.7805250216566819,0.09683620013575434,0.02967795298695967,0.03136077034761108,0.010104266516113672,1.886267767261398,1.6984995431931342,0.5594816397094665,1.397240574345187,1.3320057303250823,0.18747370381306291,37.0036077694847,33.75323667622208,11.795580204806315,-104.28571428571429,-95.76666666666667,67.50731882720626,0.7376397851980746
2024-04-07,106.0,239.0,233.0,6982,279.0,0.9748953974895398,0.039959896877685475,2.6320754716981134,1.0257510729613735,24.618025751072963,25.025089605734767,False,-127.0,-46.0,-173.0,-13854.0,-33226.0,-47080.0,2024,4,2024-04,Sunday,6,True,High Inflow (2023-2024),114.42857142857143,159.3,22.38941076236065,243.14285714285714,320.1,21.805416539847343,188.57142857142858,246.33333333333334,38.187507306522164,7325.0,8225.633333333333,229.81441788251672,231.14285714285714,258.0,81.67298323482657,0.7739538807808087,0.7877103315868312,0.12615695064034735,0.0314951774001933,0.0313878327518633,0.010717839859420993,2.0241833108373193,1.7412900370584812,0.6127775343368657,1.3221548202894762,1.3222994364001155,0.21820004680051278,35.33410229787871,33.73593723146896,12.640564199758066,-116.71428571428571,-98.7,71.47193921559762,0.738910334156297
2024-04-08,102.0,230.0,167.0,6988,199.0,0.7260869565217392,0.02847738981110475,1.9509803921568627,1.377245508982036,33.053892215568865,35.11557788944724,False,-65.0,-32.0,-97.0,-13919.0,-33258.0,-47177.0,2024,4,2024-04,Monday,0,False,High Inflow (2023-2024),106.0,156.06666666666666,9.092121131323816,234.85714285714286,313.1666666666667,9.423880506967098,177.0,241.03333333333333,28.1247222208499,7214.428571428572,8178.433333333333,160.15914704120095,208.14285714285714,253.66666666666666,58.80597637266947,0.7546647158394697,0.7871034888894584,0.12081929593368008,0.028937690370226716,0.03103214492056283,0.008475478838942204,1.9834626747567998,1.7512138390751002,0.6057849563353811,1.3530055612039604,1.3234223439592303,0.2066247736014785,37.27045469478387,34.054987396172926,11.126615404669202,-102.14285714285714,-97.6,61.61825641649968,0.7797106823871955
2024-04-09,118.0,231.0,217.0,7043,130.0,0.9393939393939394,0.018458043447394577,1.1016949152542372,1.064516129032258,25.548387096774192,54.176923076923075,False,-99.0,87.0,-12.0,-14018.0,-33171.0,-47189.0,2024,4,2024-04,Tuesday,1,False,High Inflow (2023-2024),107.85714285714286,153.43333333333334,10.123052428797774,231.57142857142858,308.56666666666666,4.197504927826004,186.42857142857142,238.06666666666666,29.00492569005621,7183.857142857143,8124.866666666667,170.75267550023528,185.71428571428572,251.13333333333333,53.409469465363166,0.8039369658991214,0.7907743437798255,0.11478813637522955,0.025924836205730214,0.030853578738751507,0.007796422976869075,1.750371472174072,1.7530808269439808,0.5826291410476436,1.2647765503088524,1.3187101364955998,0.17155302173397902,41.39777023638512,34.46120845666584,11.297204356273417,-77.85714285714286,-97.7,58.3107439254794,0.7766450705608998
2024-04-10,117.0,244.0,142.0,6999,227.0,0.5819672131147541,0.03243320474353479,1.9401709401709402,1.7183098591549295,41.239436619718305,30.83259911894273,False,-25.0,-85.0,-110.0,-14043.0,-33256.0,-47299.0,2024,4,2024-04,Wednesday,2,False,High Inflow (2023-2024),109.0,150.36666666666667,10.70825226947257,232.85714285714286,301.8,6.283008075457519,182.28571428571428,233.66666666666666,33.32523711200563,7145.0,8068.2,178.39469349360954,193.57142857142858,250.13333333333333,55.075273165785,0.7831237714200742,0.7897407378336879,0.14111337331596227,0.027178777139188794,0.03094989804006587,0.008071639683298198,1.8021127991447567,1.7767643558906676,0.5808479045481458,1.3139252436384206,1.3216075697569682,0.24268544167887235,39.763390708526444,34.36068679305601,11.95769590585314,-84.57142857142857,-99.76666666666667,59.01654328196763,0.7784998844505397
2024-04-11,183.0,221.0,220.0,6912,285.0,0.995475113122172,0.04123263888888889,1.5573770491803278,1.0045454545454546,24.10909090909091,24.25263157894737,False,-37.0,-65.0,-102.0,-14080.0,-33321.0,-47401.0,2024,4,2024-04,Thursday,3,False,High Inflow (2023-2024),120.71428571428571,147.73333333333332,29.26724156068392,231.57142857142858,294.3666666666667,7.721337165227511,188.71428571428572,229.2,35.924524054904296,7083.857142857143,8007.8,173.7061009976947,215.42857142857142,249.66666666666666,56.89715031779545,0.8166388496921856,0.7963466650278505,0.16135515904340245,0.03050006109100749,0.031181877031608997,0.008432599470358081,1.8378908500177595,1.7906362117284853,0.5522734099416197,1.2696766351040976,1.3132845086372973,0.2693781388299016,35.28432941893884,34.19653259485147,10.855708769303135,-94.71428571428571,-101.93333333333334,54.17783767591758,0.7910694959222869
2024-04-14,128.0,245.0,243.0,6630,290.0,0.9918367346938776,0.043740573152337855,2.265625,1.008230452674897,24.19753086419753,22.862068965517242,False,-115.0,-47.0,-162.0,-14195.0,-33368.0,-47563.0,2024,4,2024-04,Sunday,6,True,High Inflow (2023-2024),121.28571428571429,144.13333333333333,29.380913791747368,233.71428571428572,286.93333333333334,9.159954252333057,196.28571428571428,225.73333333333332,41.40738374458591,6981.571428571428,7942.333333333333,202.1029911892201,233.57142857142858,247.53333333333333,57.636380706568104,0.8403173894310625,0.8046927898025465,0.17459154407586805,0.03357886491771734,0.03126684517089684,0.008817933465433444,1.9737635458702942,1.8161570450618185,0.5179834608231544,1.2407772260877294,1.301935418058833,0.28705301636285585,32.11212717650177,34.14937368842898,10.764454128338423,-112.28571428571429,-103.4,53.03053926972719,0.8020781762361788
2024-04-15,144.0,303.0,176.0,6681,191.0,0.5808580858085809,0.028588534650501422,1.3263888888888888,1.7215909090909092,41.31818181818182,34.97905759162304,False,-32.0,-15.0,-47.0,-14227.0,-33383.0,-47610.0,2024,4,2024-04,Monday,0,False,High Inflow (2023-2024),128.28571428571428,141.43333333333334,27.873011353363957,244.71428571428572,280.06666666666666,27.07221383457247,199.71428571428572,220.26666666666668,37.98119835617877,6890.714285714285,7876.366666666667,165.89124377710505,228.71428571428572,246.26666666666668,59.868506706265656,0.8272162057349434,0.8017888451841163,0.1918638765537168,0.033270040224492536,0.03133834905878499,0.00897004973875853,1.824901808192767,1.8264440820988557,0.535110872369167,1.274312769491694,1.309419820910883,0.3309476417596781,32.46342111816221,34.05478914526764,10.819965448323456,-100.42857142857143,-104.83333333333333,57.50031055816738,0.7925430473379739
2024-04-16,219.0,392.0,205.0,6685,163.0,0.5229591836734694,0.0243829468960359,0.7442922374429224,1.9121951219512194,45.892682926829266,41.012269938650306,False,14.0,42.0,56.0,-14213.0,-33341.0,-47554.0,2024,4,2024-04,Tuesday,1,False,High Inflow (2023-2024),144.42857142857142,140.53333333333333,41.97164575780939,266.57142857142856,277.4,61.52738453419799,195.71428571428572,215.6,35.269034037023616,6848.285714285715,7805.866666666667,176.3062811187239,212.14285714285714,244.56666666666666,59.683690042950246,0.7626538894755045,0.7948564111935708,0.20914732677718592,0.031044761655685454,0.03134050789471346,0.008965990805275381,1.5552184890134542,1.8222565333740532,0.5362129470028169,1.4009476336331004,1.3275557935749576,0.38514376242346887,34.74730402286443,34.0511482989859,10.67451096793614,-67.71428571428571,-104.03333333333333,72.51370970539342,0.7804346534183308
2024-04-17,182.0,371.0,274.0,6725,227.0,0.738544474393531,0.0337546468401487,1.2472527472527473,1.354014598540146,32.496350364963504,29.625550660792953,False,-92.0,47.0,-45.0,-14305.0,-33294.0,-47599.0,2024,4,2024-04,Wednesday,2,False,High Inflow (2023-2024),155.85714285714286,138.93333333333334,39.29982430591999,286.7142857142857,274.53333333333336,70.0493023655821,211.0,215.5,43.07358045639232,6810.714285714285,7734.366666666667,169.4606289434633,216.14285714285714,244.4,59.59426306681111,0.7644335348857607,0.7992703298513274,0.20883708927203837,0.03179865551697745,0.0315938101024253,0.008935952985623743,1.4546859683128663,1.830208436543348,0.5152044654455659,1.397628932141402,1.3176956303734677,0.3854819773165272,33.96301441877096,33.76424136698934,10.843293372764201,-60.285714285714285,-105.46666666666667,71.67220355134015,0.7838729039401873
2024-04-18,144.0,322.0,258.0,6728,260.0,0.8012422360248447,0.03864447086801427,1.8055555555555556,1.248062015503876,29.953488372093023,25.876923076923077,False,-114.0,-2.0,-116.0,-14419.0,-33296.0,-47715.0,2024,4,2024-04,Thursday,3,False,High Inflow (2023-2024),159.57142857142858,137.7,36.234684777880574,299.7142857142857,271.1333333333333,66.33177791906925,216.85714285714286,213.16666666666666,46.66343526227104,6765.714285714285,7661.9,136.0217069511838,234.71428571428572,242.9,47.25362168029912,0.7446975772616042,0.8001922408634763,0.1956590402989289,0.034682430862780264,0.031739893677902954,0.0069496722978094165,1.5552374883559117,1.834224192630927,0.5033796403183108,1.423849773065919,1.3162082666626211,0.36473084242147225,29.92015727591382,33.65390929469005,6.426922278103825,-75.14285714285714,-105.2,70.76823339000934,0.8324148938901313
2024-04-21,208.0,380.0,343.0,6745,240.0,0.9026315789473685,0.03558191252779837,1.1538461538461537,1.1078717201166182,26.588921282798836,28.104166666666668,False,-135.0,103.0,-32.0,-14554.0,-33193.0,-47747.0,2024,4,2024-04,Sunday,6,True,High Inflow (2023-2024),172.57142857142858,138.3,34.70762232736542,319.14285714285717,271.53333333333336,67.2047333933862,245.57142857142858,213.73333333333332,54.16289364148686,6729.428571428572,7596.266666666666,89.25778610833343,236.57142857142858,238.46666666666667,47.155265322327665,0.7905067723805492,0.8007509746544755,0.18862103155762744,0.0351322462605322,0.03149913469147206,0.006881392569427866,1.4429053760237995,1.8072471346012373,0.49074061216836434,1.3366443246318744,1.3155095121389013,0.3554512110146917,29.53038121130295,33.81198384041541,6.445072716487669,-64.0,-100.16666666666667,70.50531894828909,0.8338003919363846
2024-04-22,176.0,424.0,251.0,6799,214.0,0.5919811320754716,0.031475216943668186,1.2159090909090908,1.6892430278884463,40.54183266932271,31.77102803738318,False,-75.0,37.0,-38.0,-14629.0,-33156.0,-47785.0,2024,4,2024-04,Monday,0,False,High Inflow (2023-2024),171.57142857142858,138.23333333333332,34.457012556019734,348.14285714285717,274.46666666666664,61.33902665086945,250.0,212.43333333333334,52.977982848223256,6713.285714285715,7531.0,53.9836836020529,226.42857142857142,237.16666666666666,42.39833779311555,0.7328647750881634,0.79171383778715,0.17682834023630561,0.033738328839786384,0.03158526949705883,0.006411960372885787,1.3941242391279085,1.8003991604779825,0.4944229708914761,1.4344582636808734,1.3331969234133436,0.3428159369570488,30.60443784822235,33.717263167616714,6.0321976001993205,-54.857142857142854,-98.93333333333334,68.88741677894564,0.8422838773251232
2024-04-23,252.0,427.0,307.0,6967,134.0,0.7189695550351288,0.019233529496196354,0.5317460317460317,1.3908794788273615,33.381107491856675,51.992537313432834,False,-55.0,173.0,118.0,-14684.0,-32983.0,-47667.0,2024,4,2024-04,Tuesday,1,False,High Inflow (2023-2024),189.28571428571428,141.5,39.78573565870997,374.14285714285717,278.9,47.298444553100225,259.14285714285717,213.0,56.94274484494194,6761.428571428572,7468.466666666666,98.90712334118355,204.14285714285714,234.53333333333333,44.36751278217318,0.6938837494226278,0.7827996710275501,0.13546188283615582,0.030237322603194745,0.03142349220177768,0.006723397144425479,1.1464272436630558,1.7720201320989541,0.4125995698618828,1.4891224102740825,1.3457664692593132,0.28995642803286004,34.765933326496004,34.06646668056839,9.079323192792847,-14.857142857142858,-93.03333333333333,77.1069140251129,0.8214661513096705
2024-04-24,253.0,411.0,307.0,7128,154.0,0.7469586374695864,0.021604938271604937,0.6086956521739131,1.3387622149837133,32.13029315960912,46.285714285714285,False,-54.0,153.0,99.0,-14738.0,-32830.0,-47568.0,2024,4,2024-04,Wednesday,2,False,High Inflow (2023-2024),204.85714285714286,144.43333333333334,40.43277783939047,389.57142857142856,280.6666666666667,36.637217611133195,277.85714285714283,217.66666666666666,45.425501543474056,6825.285714285715,7412.1,162.30497454457355,198.85714285714286,231.7,48.23010322550609,0.7176123996599143,0.7921489440456237,0.1266230175365151,0.029239665977638104,0.03124030420093588,0.007483946611555999,1.0438996384180592,1.7440271588885894,0.44807293531548464,1.4344325968301972,1.3189347905970936,0.2744929071546814,36.38116999708048,34.37933777042692,10.074734593006193,6.0,-87.26666666666667,86.17617613548009,0.8048053714218278
2024-04-25,145.0,357.0,333.0,7209,217.0,0.9327731092436975,0.03010126231100014,1.4965517241379311,1.072072072072072,25.729729729729726,33.22119815668203,False,-188.0,116.0,-72.0,-14926.0,-32714.0,-47640.0,2024,4,2024-04,Thursday,3,False,High Inflow (2023-2024),194.28571428571428,143.73333333333332,45.47788578241164,384.57142857142856,282.53333333333336,38.586945732361386,296.14285714285717,220.36666666666667,35.99272413247105,6900.142857142857,7362.566666666667,202.64453983224038,206.57142857142858,228.6,45.79613208870178,0.7761572461699469,0.7953344042762276,0.11591095325353881,0.03005656817977585,0.03105525714628434,0.007171007191657072,1.1513652793744893,1.7316632203759181,0.4544049956183809,1.3144150182760335,1.3148557115180146,0.20587080164847146,35.268159742513575,34.55176480575719,9.906802841928021,-12.285714285714286,-84.86666666666666,87.37031205490449,0.8185339987084292
2024-04-28,158.0,349.0,365.0,7298,250.0,1.0458452722063036,0.034255960537133465,1.5822784810126582,0.9561643835616438,22.94794520547945,29.192,False,-207.0,115.0,-92.0,-15133.0,-32599.0,-47732.0,2024,4,2024-04,Sunday,6,True,High Inflow (2023-2024),190.85714285714286,144.76666666666668,47.42161452132886,381.42857142857144,285.5,40.713868001196765,309.14285714285717,223.9,42.50658212335469,6982.0,7326.733333333334,233.48804394803318,209.85714285714286,225.53333333333333,48.26464741895763,0.8200573601432001,0.7969907851446429,0.15189824732557755,0.030128184422202244,0.030835603328765407,0.007216454266076685,1.1992260984830476,1.6946420568821143,0.4829355676601524,1.2575792732791045,1.3132658241747026,0.24442449378727146,35.206223933828866,34.70874960107882,9.949223444986742,-19.0,-80.76666666666667,91.98731796648183,0.8130159899815849
2024-04-29,140.0,292.0,255.0,7373,187.0,0.8732876712328768,0.025362810253628104,1.3357142857142856,1.1450980392156862,27.48235294117647,39.42780748663102,False,-115.0,68.0,-47.0,-15248.0,-32531.0,-47779.0,2024,4,2024-04,Monday,0,False,High Inflow (2023-2024),190.28571428571428,145.33333333333334,48.09959904792776,377.14285714285717,287.1333333333333,48.790123903060774,308.7142857142857,226.13333333333333,43.11888327911644,7074.142857142857,7294.733333333334,243.59558601054894,199.42857142857142,222.33333333333334,43.250653724760774,0.830349565172919,0.8003116224710612,0.15284873567026552,0.028230804334432796,0.030548985055408404,0.006290794475573046,1.132105917077152,1.6624720994682545,0.41207166822926733,1.242870133809363,1.3083506524322468,0.24816222426478432,37.142064563787144,35.04150219456723,9.114785091195605,-9.142857142857142,-77.0,83.13127885344652,0.821778507420923
2024-04-30,220.0,443.0,194.0,7431,135.0,0.43792325056433407,0.018167137666532097,0.6136363636363636,2.283505154639175,54.8041237113402,55.044444444444444,False,26.0,59.0,85.0,-15222.0,-32472.0,-47694.0,2024,4,2024-04,Tuesday,1,False,High Inflow (2023-2024),192.0,149.36666666666667,49.04079934095675,386.14285714285717,295.1666666666667,54.84046125331195,287.42857142857144,224.06666666666666,57.68840768258692,7172.142857142857,7262.766666666666,226.50123514856168,184.42857142857142,220.26666666666668,45.00687778128117,0.7639626611181998,0.7726648397340967,0.20740443246958545,0.025742979354251898,0.03037187851993842,0.006342426638800095,1.054933089904325,1.6165966785928336,0.4556070824948655,1.4108177673125855,1.3581654075868859,0.4540115194931451,40.99067567489826,35.45668925980506,10.276224972825265,7.571428571428571,-70.9,89.3025888815791,0.8038364257298543
2024-05-01,197.0,437.0,295.0,7508,190.0,0.6750572082379863,0.02530633990410229,0.9644670050761421,1.4813559322033898,35.552542372881355,39.51578947368421,False,-98.0,105.0,7.0,-15320.0,-32367.0,-47687.0,2024,5,2024-05,Wednesday,2,False,High Inflow (2023-2024),195.0,152.9,48.538644398046216,388.0,303.7,56.53022790212757,293.7142857142857,228.1,55.40972924711028,7273.428571428572,7234.2,186.89110656824082,181.0,219.03333333333333,43.25891045014276,0.7758306719985592,0.7631225477803353,0.1980909627302366,0.024861711205742487,0.03031086052152366,0.005820279566484698,1.0190127919281895,1.5655953956118551,0.45068574540631834,1.3811196107861488,1.3728696091584167,0.4393252216879109,42.09707016579841,35.54554156678396,9.506220976399623,14.0,-66.13333333333334,87.06702399109906,0.8071028243055696
2024-05-02,206.0,411.0,293.0,7577,194.0,0.7128953771289538,0.02560380097663983,0.941747572815534,1.4027303754266212,33.665529010238906,39.05670103092783,False,-87.0,99.0,12.0,-15407.0,-32268.0,-47675.0,2024,5,2024-05,Thursday,3,False,High Inflow (2023-2024),188.42857142857142,155.36666666666667,42.240806269361144,385.7142857142857,308.7,54.99307315687963,291.7142857142857,233.16666666666666,55.102069790871454,7360.571428571428,7210.366666666667,160.5561761948218,189.57142857142858,217.66666666666666,38.02129729006067,0.7749629322976769,0.7688780641827181,0.19839462820559928,0.025771749988662978,0.03021963491330006,0.005265152722693186,1.077584440652404,1.5376435470289387,0.4006728505362141,1.3828125960146145,1.3579251606797296,0.4393919300575265,40.24909355401197,35.67126138838226,8.46195283819712,-1.1428571428571428,-62.3,74.23707198659451,0.8329415092413803
2024-05-05,150.0,315.0,228.0,7447,332.0,0.7238095238095238,0.044581710756009134,2.2133333333333334,1.381578947368421,33.1578947368421,22.430722891566266,False,-78.0,-104.0,-182.0,-15485.0,-32372.0,-47857.0,2024,5,2024-05,Sunday,6,True,High Inflow (2023-2024),173.71428571428572,156.23333333333332,32.907518318839415,372.0,310.4,59.42782737629322,280.42857142857144,233.4,59.37411653478044,7406.142857142857,7195.3,124.84180465891117,215.0,216.3,62.13962772123303,0.7716559160605252,0.7651010079056618,0.199130797543313,0.029054146057863578,0.03013165303062173,0.00843963304551473,1.30681839510375,1.5111525076024155,0.5268560538850887,1.388929272069573,1.36415878773379,0.438974334659092,36.841237640562255,35.71305402811007,10.241964693791914,-41.285714285714285,-60.06666666666667,86.08854799122855,0.7757822357193265
2024-05-06,173.0,337.0,211.0,7449,205.0,0.6261127596439169,0.02752047254665056,1.1849710982658959,1.5971563981042654,38.33175355450237,36.33658536585366,False,-38.0,6.0,-32.0,-15523.0,-32366.0,-47889.0,2024,5,2024-05,Monday,0,False,High Inflow (2023-2024),177.71428571428572,157.73333333333332,30.44511064037624,369.14285714285717,313.56666666666666,60.73557049875607,263.0,232.96666666666667,59.276189711102724,7440.428571428572,7180.3,89.68065035244247,213.28571428571428,215.5,62.24070020416595,0.7278472946891279,0.7551174387367676,0.1913583638432805,0.02868546180581364,0.03008263506482856,0.008442636250061468,1.2623068771220305,1.4910161275446119,0.5212873344041727,1.4639413186456003,1.3813854295753607,0.4202703891231012,37.286292956158206,35.77449188091655,10.12546717563537,-35.57142857142857,-57.766666666666666,85.03108675235005,0.7741026016710569
2024-05-07,176.0,334.0,246.0,7566,163.0,0.7365269461077845,0.02154374834787206,0.9261363636363636,1.3577235772357723,32.58536585365854,46.41717791411043,False,-70.0,83.0,13.0,-15593.0,-32283.0,-47876.0,2024,5,2024-05,Tuesday,1,False,High Inflow (2023-2024),180.28571428571428,157.36666666666667,29.238754452006834,367.0,315.5,61.819630107810525,246.0,234.5,38.60915262818702,7478.714285714285,7168.533333333334,74.69652889251202,200.85714285714286,214.0,62.3736818736581,0.6836589623893394,0.7555137475683796,0.1322828422612845,0.02686943149306201,0.029925228587439994,0.008411861599620209,1.1685722889254169,1.4848106908244694,0.5130900644999543,1.5213069177419045,1.3806428821498864,0.3628985875124759,39.74703265817398,36.05266063189971,9.92151967221526,-20.571428571428573,-56.63333333333333,82.64554261595526,0.7630456769740172
2024-05-08,167.0,374.0,205.0,7583,202.0,0.5481283422459893,0.02663853356191481,1.2095808383233533,1.824390243902439,43.78536585365854,37.539603960396036,False,-38.0,3.0,-35.0,-15631.0,-32280.0,-47911.0,2024,5,2024-05,Wednesday,2,False,High Inflow (2023-2024),184.14285714285714,158.63333333333333,24.42286204514485,378.7142857142857,318.4,52.270814947137815,238.85714285714286,235.16666666666666,41.20448426821403,7508.714285714285,7158.2,66.92960054109264,203.0,213.56666666666666,62.075223183919725,0.6372076296769269,0.7522980488720497,0.10977091277125166,0.02705167767996011,0.029905202173335487,0.008387564247285111,1.1505532250124266,1.4695744965463589,0.508435661795809,1.6183486612685836,1.389744178568256,0.3353055798618614,39.47728929728327,36.08025983368036,9.957248800223725,-18.857142857142858,-54.93333333333333,82.12881867616763,0.7658203492642183
2024-05-09,138.0,285.0,268.0,7570,244.0,0.9403508771929825,0.03223249669749009,1.7681159420289856,1.0634328358208955,25.52238805970149,31.024590163934427,False,-130.0,24.0,-106.0,-15761.0,-32256.0,-48017.0,2024,5,2024-05,Thursday,3,False,High Inflow (2023-2024),172.42857142857142,157.86666666666667,24.01983307503137,356.14285714285717,318.3,53.970450468838855,249.42857142857142,235.83333333333334,37.062366999680705,7528.571428571428,7151.8,60.32372983305508,218.57142857142858,209.7,55.49731868254967,0.708983004909591,0.7549393744081121,0.1213929933944319,0.029061014684382682,0.02943362542922279,0.0075470876510392694,1.3154788790685152,1.4539775331233085,0.4922298966561259,1.4440526157231146,1.3864822623429311,0.23360351864098908,36.0458815429247,36.39570913544114,7.545094554783739,-46.142857142857146,-51.833333333333336,73.10592445538296,0.7975058475707172
2024-05-12,138.0,301.0,263.0,7464,245.0,0.8737541528239202,0.03282422293676313,1.7753623188405796,1.144486692015209,27.467680608365015,30.46530612244898,False,-125.0,18.0,-107.0,-15886.0,-32238.0,-48124.0,2024,5,2024-05,Sunday,6,True,High Inflow (2023-2024),164.0,158.96666666666667,24.310491562286288,336.7142857142857,319.8666666666667,43.46920091940179,244.85714285714286,239.56666666666666,32.15290848134112,7522.285714285715,7158.7,64.94026559275116,226.42857142857142,208.3,54.665214847156705,0.7373682827075816,0.7642482398696969,0.134645247847249,0.0301349979747628,0.029209498773819228,0.007458119344756843,1.4313210667491494,1.42204516597355,0.4912720194113612,1.3959284385533748,1.3685611785668377,0.2580569296871646,34.75295534989109,36.568362196665625,7.6263978503944445,-62.42857142857143,-49.333333333333336,71.98346370951471,0.8055267760578139
2024-05-13,112.0,331.0,167.0,7499,157.0,0.5045317220543807,0.02093612481664222,1.4017857142857142,1.9820359281437125,47.5688622754491,47.76433121019108,False,-55.0,10.0,-45.0,-15941.0,-32228.0,-48169.0,2024,5,2024-05,Monday,0,False,High Inflow (2023-2024),150.57142857142858,159.06666666666666,23.179424373476397,325.2857142857143,323.06666666666666,28.68631663188343,226.85714285714286,239.43333333333334,35.774425555269204,7511.142857142857,7166.3,60.529410403772765,221.14285714285714,207.8,59.86492732652079,0.7076020462683569,0.75681064478924,0.1613421807082404,0.02946818709476314,0.029118848994063147,0.008110860300233351,1.4970408012448893,1.4161719680705356,0.4432918017338275,1.4786863746558165,1.3888200759766964,0.34036594640927936,35.99690251835727,36.75139804320688,9.02693661604364,-70.57142857142857,-48.733333333333334,65.05089582487717,0.786963455693718
2024-05-14,246.0,419.0,218.0,7546,186.0,0.5202863961813843,0.024648820567187913,0.7560975609756098,1.9220183486238531,46.12844036697248,40.56989247311828,False,28.0,32.0,60.0,-15913.0,-32196.0,-48109.0,2024,5,2024-05,Tuesday,1,False,High Inflow (2023-2024),164.28571428571428,163.9,42.84356927908109,340.14285714285717,329.3666666666667,44.84948372585885,225.42857142857142,240.86666666666667,35.920547243683366,7525.285714285715,7173.166666666667,54.288471108119154,200.28571428571428,209.6,35.126980540673806,0.6785273137500513,0.748791205821373,0.17563925415290071,0.026620631353502972,0.029341021305430807,0.004703970118073883,1.288864262336643,1.3978108636674125,0.3897874042814643,1.5558920034065924,1.4090778304546343,0.3742731372903367,38.58821245857899,36.25019243877547,6.816405517039515,-36.0,-45.7,60.07772743149744,0.850785529783858
2024-05-15,115.0,285.0,341.0,7589,265.0,1.1964912280701754,0.03491896165502701,2.3043478260869565,0.8357771260997068,20.058651026392962,28.637735849056604,False,-226.0,76.0,-150.0,-16139.0,-32120.0,-48259.0,2024,5,2024-05,Wednesday,2,False,High Inflow (2023-2024),156.0,163.6,46.34292466673485,332.7142857142857,331.2,49.52007769822251,244.0,245.9,55.4917411272462,7545.285714285715,7181.266666666666,46.76791737139164,208.85714285714286,213.0,42.92407471893013,0.7600099520966596,0.7611380148729876,0.2595374970303054,0.027677558368985316,0.029765355148419412,0.005671521222128211,1.4487752234539375,1.4308052535692357,0.5405271799405797,1.44712353597737,1.3965861907983088,0.46089241649281876,37.48837681332226,35.70253414499147,7.791608692500289,-52.857142857142854,-49.4,73.76410276782893,0.8295183606936006
2024-05-16,206.0,340.0,214.0,7565,234.0,0.6294117647058823,0.030931923331130203,1.1359223300970873,1.588785046728972,38.13084112149532,32.32905982905983,False,-8.0,-20.0,-28.0,-16147.0,-32140.0,-48287.0,2024,5,2024-05,Thursday,3,False,High Inflow (2023-2024),160.28571428571428,167.3,49.761813624888,333.57142857142856,335.0,49.59790702189235,239.42857142857142,247.96666666666667,56.60641054055351,7545.142857142857,7189.533333333334,46.69556928120063,219.0,213.3,38.43609414773344,0.7447077833249592,0.7596995279738031,0.2642674196668324,0.029018726223736486,0.029771409009354585,0.005055905215153633,1.4787446472340409,1.389721962818086,0.5117708119991237,1.4801323173335414,1.3999842888471692,0.4616960563983319,35.47578851545789,35.6961694726268,6.865329285038388,-58.714285714285715,-46.0,69.14649734612786,0.850696561121393
2024-05-19,143.0,295.0,278.0,7356,298.0,0.9423728813559322,0.04051114736269712,2.0839160839160837,1.0611510791366907,25.467625899280577,24.684563758389263,False,-135.0,-20.0,-155.0,-16282.0,-32160.0,-48442.0,2024,5,2024-05,Sunday,6,True,High Inflow (2023-2024),156.85714285714286,168.53333333333333,50.04807212879951,322.2857142857143,336.8666666666667,47.821593050678224,249.85714285714286,249.46666666666667,55.92682293684755,7512.714285714285,7202.0,81.71436896444186,232.71428571428572,213.93333333333334,47.43316099423318,0.8010284317692369,0.7586154441026829,0.2573089973878946,0.031000528195276815,0.029789784025521637,0.006484477856321434,1.6036496823187165,1.3714499832253515,0.5409914696350616,1.3710981509384343,1.4011642890530132,0.45694494614190084,33.6393542008855,35.68481861104861,7.867445983043737,-75.85714285714286,-45.4,76.7450944608807,0.8306850140826546
2024-05-20,111.0,268.0,217.0,7368,192.0,0.8097014925373134,0.026058631921824105,1.7297297297297298,1.2350230414746544,29.640552995391705,38.375,False,-106.0,25.0,-81.0,-16388.0,-32135.0,-48523.0,2024,5,2024-05,Monday,0,False,High Inflow (2023-2024),153.0,168.83333333333334,52.71305973538875,319.85714285714283,338.1333333333333,50.39321571874639,242.57142857142858,251.13333333333333,56.488515478390426,7483.857142857143,7214.666666666667,93.00076804608312,225.28571428571428,213.7,49.40213991895005,0.7823642339612841,0.7614025953032022,0.25015779455046455,0.03011854751303882,0.029709158762545616,0.006705098574156971,1.5981659377045374,1.3640749611444472,0.5392382202228352,1.3956110374603998,1.3964235401361003,0.4420490962320592,34.68941274889487,35.7934660147337,7.950379731629931,-72.28571428571429,-44.86666666666667,75.68292252486512,0.8201517134349102
2024-05-21,196.0,348.0,176.0,7404,145.0,0.5057471264367817,0.01958400864397623,0.7397959183673469,1.9772727272727273,47.45454545454545,51.06206896551724,False,20.0,31.0,51.0,-16368.0,-32104.0,-48472.0,2024,5,2024-05,Tuesday,1,False,High Inflow (2023-2024),161.28571428571428,171.43333333333334,54.49071567926126,326.57142857142856,342.03333333333336,50.59267780636794,230.14285714285714,249.76666666666668,60.66143357858846,7475.285714285715,7226.7,97.77817460246344,211.0,214.2,56.674509261219924,0.7297918016202642,0.7469477015379635,0.2659233647299724,0.02822708832835497,0.029746690935765006,0.007619739563451204,1.4502278804940754,1.3520116612482174,0.6187174907426551,1.5145804710686168,1.4268487600774493,0.47410182142413937,37.631807440761754,35.689637544353516,9.737112991023118,-49.714285714285715,-42.766666666666666,86.40546719915778,0.7882708016626565
2024-05-22,168.0,349.0,272.0,7474,208.0,0.7793696275071633,0.02782981000802783,1.2380952380952381,1.2830882352941178,30.794117647058826,35.93269230769231,False,-104.0,64.0,-40.0,-16472.0,-32040.0,-48512.0,2024,5,2024-05,Wednesday,2,False,High Inflow (2023-2024),169.28571428571428,173.13333333333333,49.97237332004641,329.14285714285717,345.53333333333336,51.307662103004596,245.14285714285714,254.1,55.17979271263619,7471.714285714285,7242.533333333334,97.22262131446801,218.28571428571428,213.56666666666666,51.62917226308712,0.7690543595420903,0.7535277820177104,0.24671725843143807,0.029211900498552917,0.02959324444458144,0.006935095314769494,1.426843526752579,1.328609137845694,0.6239249178400299,1.4147308006615318,1.4123413726154224,0.4308749966788288,35.94157331183336,35.85964065064516,8.651482828807648,-49.0,-40.43333333333333,86.47157529115162,0.8087205454903561
2024-05-23,193.0,272.0,314.0,7494,227.0,1.1544117647058822,0.03029089938617561,1.1761658031088082,0.8662420382165605,20.789808917197455,33.013215859030836,False,-121.0,87.0,-34.0,-16593.0,-31953.0,-48546.0,2024,5,2024-05,Thursday,3,False,High Inflow (2023-2024),161.71428571428572,173.46666666666667,39.28406922962652,308.14285714285717,347.23333333333335,36.283277008508,258.85714285714283,257.23333333333335,59.09999597131541,7464.285714285715,7261.933333333333,92.47110230727776,224.14285714285714,211.63333333333333,49.64349091750378,0.8596436979027329,0.7588256704038341,0.25638066301080337,0.0300179117584083,0.029228519794491,0.006637874198265538,1.4868532756287502,1.3159020963099768,0.5661897207671063,1.26390561346049,1.4077312587377926,0.40787685705554794,34.86204808124944,36.15166012664795,8.446747370746893,-62.42857142857143,-38.166666666666664,72.96770322742582,0.8186779900853237
2024-05-27,156.0,344.0,252.0,7365,167.0,0.7325581395348837,0.02267481330617787,1.0705128205128205,1.3650793650793651,32.76190476190476,44.10179640718563,False,-96.0,85.0,-11.0,-16689.0,-31868.0,-48557.0,2024,5,2024-05,Monday,0,False,High Inflow (2023-2024),167.57142857142858,174.4,33.83714498819858,316.57142857142856,350.53333333333336,36.85944990933764,246.14285714285714,257.53333333333336,46.77046279946528,7432.285714285715,7286.433333333333,80.04314312870697,210.14285714285714,207.53333333333333,50.018091964904336,0.7933675423976912,0.7501830505652011,0.21068263859860292,0.02826874770857271,0.028526327799618997,0.006743540414220335,1.310591131975302,1.2760650236604043,0.44925650263409633,1.3395202190290125,1.4196262224846081,0.3617320208452876,37.07119958955359,36.85965104137022,8.568874688153203,-42.57142857142857,-33.13333333333333,63.45827275424654,0.8077417378109798
2024-05-28,153.0,348.0,239.0,7418,151.0,0.6867816091954023,0.020355891075761662,0.9869281045751634,1.4560669456066946,34.94560669456067,49.12582781456954,False,-86.0,88.0,2.0,-16775.0,-31780.0,-48555.0,2024,5,2024-05,Tuesday,1,False,High Inflow (2023-2024),160.0,174.7,29.45052348148209,317.7142857142857,352.03333333333336,37.818488801616816,249.71428571428572,259.6333333333333,44.82080724289486,7411.285714285715,7311.0,54.689164940803565,198.28571428571428,206.2,53.15923966635413,0.8015632344676227,0.7537138346780949,0.20425960759931555,0.026757885957805778,0.02825190634712767,0.007215653088883237,1.289306242615027,1.26474966418328,0.46225275739304084,1.3205604902972587,1.4107754237018006,0.3497699756939086,39.470737873197834,37.33121004880177,9.336981711097469,-38.285714285714285,-31.5,65.58382495126418,0.7885849812023367
2024-05-29,182.0,462.0,158.0,7491,141.0,0.341991341991342,0.01882258710452543,0.7747252747252747,2.9240506329113924,70.17721518987342,53.12765957446808,False,24.0,17.0,41.0,-16751.0,-31763.0,-48514.0,2024,5,2024-05,Wednesday,2,False,High Inflow (2023-2024),165.57142857142858,173.46666666666667,29.387396067345605,341.57142857142856,354.3666666666667,64.42012403707609,232.57142857142858,258.06666666666666,54.17212426718214,7430.571428571428,7337.866666666667,55.73705273547318,175.85714285714286,205.46666666666667,33.59776069635689,0.7157944431298241,0.7476815732886908,0.2550218593586145,0.02365952020663839,0.02806656102074399,0.004453679626971575,1.1022789841591973,1.2657640987593584,0.33431523922992146,1.5866889979793588,1.4445039407338065,0.6760363565218237,43.53403727549481,37.735056369995704,7.909731516855843,-10.285714285714286,-32.0,46.517789735806694,0.8395942986945865
2024-05-30,167.0,406.0,339.0,7563,190.0,0.8349753694581281,0.025122305963242098,1.1377245508982037,1.1976401179941003,28.743362831858406,39.805263157894736,False,-172.0,149.0,-23.0,-16923.0,-31614.0,-48537.0,2024,5,2024-05,Thursday,3,False,High Inflow (2023-2024),173.57142857142858,172.96666666666667,17.115851744870007,361.2857142857143,355.53333333333336,59.04437395076651,250.0,260.23333333333335,66.5407143534441,7458.428571428572,7365.8,66.87016560198738,175.57142857142858,204.23333333333332,33.4457627752633,0.7194049969756549,0.7508959364575106,0.2567460480328393,0.02352575935541239,0.027778816324847102,0.004383117891576467,1.0177068157546938,1.2621131588808734,0.19497643596603886,1.5813485803392795,1.4392914580489384,0.6794165852240724,43.738360583765484,38.07438011989909,7.771518199194591,-2.0,-31.266666666666666,35.73980040981332,0.8399855889375741
2024-06-02,159.0,330.0,322.0,7546,306.0,0.9757575757575757,0.040551285449244634,1.9245283018867925,1.0248447204968945,24.596273291925467,24.66013071895425,False,-163.0,16.0,-147.0,-17086.0,-31598.0,-48684.0,2024,6,2024-06,Sunday,6,True,High Inflow (2023-2024),168.28571428571428,173.46666666666667,14.556948921554714,358.7142857142857,355.8,60.101897600973956,270.85714285714283,262.3666666666667,62.221187633121914,7478.714285714285,7393.066666666667,69.10792112285793,198.57142857142858,205.76666666666668,56.39993245521219,0.7865493468786253,0.7567131144486017,0.2529886730074997,0.026521084613307877,0.027842376810888116,0.007380127155694262,1.1869542991146145,1.266078917091915,0.3588575924492035,1.4452874365141608,1.4318508815487057,0.6822748162760044,39.96665511997077,38.033820374633464,9.773610611375727,-30.285714285714285,-32.3,58.136948336705174,0.7787989512699851
2024-06-03,109.0,244.0,257.0,7596,224.0,1.0532786885245902,0.02948920484465508,2.055045871559633,0.9494163424124513,22.78599221789883,33.910714285714285,False,-148.0,33.0,-115.0,-17234.0,-31565.0,-48799.0,2024,6,2024-06,Monday,0,False,High Inflow (2023-2024),159.85714285714286,170.16666666666666,26.735921974181444,343.7142857142857,351.26666666666665,74.34539727002594,268.7142857142857,259.5,62.43320239988282,7496.142857142857,7421.433333333333,81.91749624161358,200.85714285714286,205.23333333333332,57.16475770795882,0.8256792127382578,0.7617346847678425,0.2721502589042375,0.026758141018540342,0.02763928655478334,0.007455437237115505,1.303661532466671,1.2961189076823643,0.48790302387599455,1.397620023245351,1.4265690356252336,0.7067139726251542,39.677801116831056,38.227371961935056,9.941145920432895,-41.0,-35.06666666666667,66.53069467045493,0.7784499781500697
2024-06-04,260.0,356.0,176.0,7565,203.0,0.4943820224719101,0.02683410442828817,0.7807692307692308,2.022727272727273,48.54545454545455,37.26600985221675,False,84.0,-27.0,57.0,-17150.0,-31592.0,-48742.0,2024,6,2024-06,Tuesday,1,False,High Inflow (2023-2024),169.42857142857142,172.96666666666667,45.78521283433882,355.7142857142857,349.0,67.28475380974477,249.0,257.0,67.34488349780781,7506.285714285715,7446.966666666666,85.90637206822008,197.42857142857142,204.86666666666667,56.044200243669266,0.7313892495619759,0.7584813811143903,0.2529338312664,0.026264313167413563,0.027484582804270675,0.007295199260576492,1.2471763078467313,1.2816142456777022,0.5264857228535,1.5628321996040244,1.437685177119861,0.6968977570255163,40.28534311585761,38.410538022429506,9.589704398898778,-28.0,-31.9,76.29984709464777,0.7788945933958594
2024-06-05,173.0,345.0,291.0,7691,198.0,0.8434782608695652,0.025744376544012484,1.1445086705202312,1.1855670103092784,28.45360824742268,38.843434343434346,False,-118.0,93.0,-25.0,-17268.0,-31499.0,-48767.0,2024,6,2024-06,Wednesday,2,False,High Inflow (2023-2024),171.85714285714286,170.33333333333334,45.403482140428174,355.85714285714283,346.26666666666665,67.25679289466648,254.57142857142858,256.46666666666664,69.22152156388229,7552.857142857143,7471.1,84.9066714526138,201.85714285714286,207.0,54.440880997735846,0.7472349811812162,0.7626316713088717,0.2564690064682604,0.026702822201389937,0.02770161103919788,0.00713394920009814,1.2577471435620757,1.3020396669701755,0.5230793050508078,1.5371875774940122,1.4308414281692583,0.70859229173906,39.53414853532171,37.97223459009623,9.445795491891866,-30.0,-36.666666666666664,75.96271015000252,0.7875875897171902
2024-06-06,179.0,326.0,282.0,7741,238.0,0.8650306748466258,0.030745381733626148,1.329608938547486,1.1560283687943262,27.74468085106383,32.52521008403362,False,-103.0,44.0,-59.0,-17371.0,-31455.0,-48826.0,2024,6,2024-06,Thursday,3,False,High Inflow (2023-2024),175.57142857142858,167.86666666666667,44.66115815357944,352.7142857142857,343.43333333333334,68.19265426156961,260.7142857142857,255.63333333333333,69.51669891883101,7599.0,7491.533333333334,87.14164714237643,214.28571428571428,209.8,50.697515671265336,0.7726991334171053,0.7665674058881062,0.258308717619993,0.028187035152513435,0.028006292487931916,0.006658302128492309,1.3067015484152644,1.3260701098492944,0.5093651580895635,1.4943249236636738,1.4247502999629453,0.7232403417118909,37.16263171667372,37.513551116706864,8.689980605252122,-38.714285714285715,-41.93333333333333,75.17471712775554,0.8086765125495068
2024-06-09,116.0,289.0,166.0,7451,312.0,0.5743944636678201,0.041873574016910484,2.689655172413793,1.7409638554216869,41.78313253012048,23.881410256410255,False,-50.0,-146.0,-196.0,-17421.0,-31601.0,-49022.0,2024,6,2024-06,Sunday,6,True,High Inflow (2023-2024),166.14285714285714,166.9,49.7541575195097,328.0,341.1666666666667,51.2217401760871,261.85714285714283,250.06666666666666,67.5855718612301,7593.285714285715,7499.6,96.24052210611596,238.71428571428572,212.96666666666667,50.697515671265066,0.8058995793708877,0.754621451035577,0.20266557624146722,0.031480033282854154,0.028398702878128925,0.006948855126852479,1.5802629623707674,1.3658402247918233,0.6661366508429872,1.32531252687943,1.447046692741266,0.3990025852850156,32.98459609980832,37.20222485336448,6.486029026348207,-72.57142857142857,-46.06666666666667,85.89500789308046,0.8248256794347979
2024-06-10,184.0,334.0,229.0,7439,212.0,0.6856287425149701,0.02849845409329211,1.1521739130434783,1.4585152838427948,35.004366812227076,35.089622641509436,False,-45.0,17.0,-28.0,-17466.0,-31584.0,-49050.0,2024,6,2024-06,Monday,0,False,High Inflow (2023-2024),168.57142857142858,167.76666666666668,50.21572510298979,317.7142857142857,340.6666666666667,38.62949773473659,246.14285714285714,245.53333333333333,58.888110207490094,7575.571428571428,7504.3,112.7413812565668,241.85714285714286,211.7,47.77177887773204,0.7845643469504368,0.7426142333791993,0.20691114936589672,0.03196234015857559,0.02820678599666755,0.006539116961032975,1.5823271569629493,1.3515034058595174,0.6645572947218261,1.362580407714958,1.4637917227506376,0.39726960708126524,32.310933168896135,37.398812274748124,5.875717269638849,-73.28571428571429,-43.93333333333333,85.43362781659653,0.8350586723467412
2024-06-11,186.0,352.0,224.0,7493,156.0,0.6363636363636364,0.020819431469371413,0.8387096774193549,1.5714285714285714,37.714285714285715,48.032051282051285,False,-38.0,68.0,30.0,-17504.0,-31516.0,-49020.0,2024,6,2024-06,Tuesday,1,False,High Inflow (2023-2024),172.42857142857142,169.3,50.39463312317133,320.85714285714283,342.6666666666667,40.63835860952199,232.14285714285714,244.5,48.59845186638665,7568.0,7508.3,116.76614806249607,220.42857142857142,210.66666666666666,47.846480688612886,0.7360794984655882,0.7347167655502246,0.1940045010388681,0.029143503875736554,0.02805534003719233,0.006472169531979496,1.427210210610458,1.3349365855830195,0.6972869866828487,1.4406638149909115,1.478002740491067,0.37278498626021006,35.64977896362428,37.68562040126213,7.276994096801641,-48.0,-41.36666666666667,86.17037387253987,0.8216513972841828
2024-06-12,152.0,266.0,274.0,7548,212.0,1.0300751879699248,0.028086910439851617,1.394736842105263,0.9708029197080292,23.2992700729927,35.60377358490566,False,-122.0,62.0,-60.0,-17626.0,-31454.0,-49080.0,2024,6,2024-06,Wednesday,2,False,High Inflow (2023-2024),178.57142857142858,167.03333333333333,43.5272219147861,324.0,336.76666666666665,34.01470270338863,234.57142857142858,247.16666666666666,50.4376087949494,7561.142857142857,7512.2,116.25608023022085,218.71428571428572,213.23333333333332,47.912121937684226,0.7327647126720647,0.7544551634637442,0.18777988141220286,0.028943176103621775,0.02838599912963631,0.006481381446355691,1.332880349259834,1.3609732681986495,0.6405524821185062,1.4437190403188516,1.4342459993266956,0.3681466457529357,35.89164457779448,37.037598039277505,7.237588643360519,-40.142857142857146,-46.2,81.41954837226022,0.8203024135545329
2024-06-13,167.0,293.0,230.0,7544,259.0,0.7849829351535836,0.03433191940615058,1.5508982035928143,1.2739130434782608,30.57391304347826,29.127413127413128,False,-63.0,-29.0,-92.0,-17689.0,-31483.0,-49172.0,2024,6,2024-06,Thursday,3,False,High Inflow (2023-2024),165.28571428571428,166.03333333333333,24.615132782594426,315.0,331.96666666666664,32.43454948045259,242.28571428571428,245.0,43.66048665828258,7558.142857142857,7513.4,116.41080787665516,226.71428571428572,215.53333333333333,49.499879749734546,0.7742791287694465,0.7581193543609308,0.15567273992996042,0.03001429252903069,0.02868685177970459,0.0066909039124069015,1.4428987739489172,1.380520974815872,0.5943934745237666,1.336745578997564,1.4273312363691912,0.2666683364692708,34.72898790282254,36.69131882773513,7.6234254070682175,-61.42857142857143,-49.5,70.54043082482806,0.8207916684266419
2024-06-16,204.0,315.0,233.0,7307,294.0,0.7396825396825397,0.04023539072122622,1.4411764705882353,1.351931330472103,32.44635193133047,24.85374149659864,False,-29.0,-61.0,-90.0,-17718.0,-31544.0,-49262.0,2024,6,2024-06,Sunday,6,True,High Inflow (2023-2024),169.71428571428572,165.96666666666667,28.68631663188484,310.7142857142857,328.76666666666665,29.674423811952312,234.0,243.0,38.01315561749611,7503.285714285715,7504.4,132.7060841179619,240.42857142857142,218.86666666666667,53.366210104826166,0.7594511685998714,0.7590122597793837,0.15290156801970758,0.032084437411489794,0.029174571437857465,0.007358094611663621,1.4852798882443463,1.397168604741629,0.5799733924788908,1.3605119104493961,1.4256379348707071,0.2582291578857135,32.73046035327457,36.217886843257496,8.178556567121712,-70.71428571428571,-52.9,69.21154596769291,0.8183554866894064
2024-06-17,159.0,310.0,272.0,7318,224.0,0.8774193548387097,0.030609456135556164,1.4088050314465408,1.1397058823529411,27.352941176470587,32.669642857142854,False,-113.0,48.0,-65.0,-17831.0,-31496.0,-49327.0,2024,6,2024-06,Monday,0,False,High Inflow (2023-2024),166.85714285714286,166.26666666666668,28.60319662455316,308.42857142857144,328.6,28.90707608214613,232.57142857142858,244.46666666666667,36.04560603299229,7442.857142857143,7500.1,98.25719409027717,238.42857142857142,215.26666666666668,53.73346921878194,0.7612209800273121,0.7641325874803565,0.15439174860025362,0.03206501946890837,0.0287088296171757,0.007362395422524254,1.4965936158013542,1.3703509946787356,0.5771963519209219,1.3581801266720552,1.4175754993701912,0.2604475349025949,32.75109360657589,36.559184175443384,8.178134629470604,-71.57142857142857,-49.0,69.07931948819672,0.8160833313604914
2024-06-18,160.0,297.0,253.0,7340,214.0,0.8518518518518519,0.029155313351498638,1.3375,1.173913043478261,28.173913043478265,34.299065420560744,False,-93.0,39.0,-54.0,-17924.0,-31457.0,-49381.0,2024,6,2024-06,Tuesday,1,False,High Inflow (2023-2024),173.14285714285714,165.83333333333334,18.6764430181315,309.57142857142856,327.26666666666665,28.159410166981775,245.0,245.86666666666667,21.21320343559585,7427.0,7496.466666666666,105.41979573757186,224.42857142857142,215.56666666666666,43.080765788835144,0.8008577497678881,0.7716572238872877,0.13249727375776718,0.030248125088135246,0.02876332431067064,0.005977459175630848,1.3034285911708123,1.3754352914032058,0.23792841555236588,1.2771728678229946,1.4034673875493244,0.2035080889754497,34.23933005859739,36.49126684393362,7.182296707313123,-51.285714285714285,-49.733333333333334,41.98695942676406,0.8389560295840323
2024-06-19,204.0,321.0,246.0,7433,198.0,0.7663551401869159,0.026637965828064037,0.9705882352941176,1.3048780487804879,31.31707317073171,37.54040404040404,False,-42.0,48.0,6.0,-17966.0,-31409.0,-49375.0,2024,6,2024-06,Wednesday,2,False,High Inflow (2023-2024),176.0,166.76666666666668,21.870832936432056,307.7142857142857,326.8333333333333,26.669047512763434,247.42857142857142,245.86666666666667,20.015470207292736,7426.142857142857,7492.033333333334,105.33031942652704,222.42857142857142,216.73333333333332,44.06758878078617,0.8123900922924516,0.7726514970232586,0.12403958158999166,0.029982341050245522,0.028933131560010372,0.006108157419758491,1.2774877800637607,1.3769170204584642,0.26547248151237685,1.255224691385522,1.4017058699341483,0.18841607403656485,34.589441687010904,36.19537438147674,7.289585731732161,-46.42857142857143,-49.96666666666667,46.81829109389138,0.8346408115367705
2024-06-20,145.0,247.0,243.0,7431,235.0,0.9838056680161943,0.03162427667877809,1.6206896551724137,1.0164609053497942,24.39506172839506,31.621276595744682,False,-98.0,8.0,-90.0,-18064.0,-31401.0,-49465.0,2024,6,2024-06,Thursday,3,False,High Inflow (2023-2024),170.14285714285714,166.03333333333333,24.120728094514774,292.7142857142857,322.6,27.133707731123994,250.14285714285714,247.13333333333333,17.430132638895756,7417.285714285715,7486.966666666666,101.30106002368728,233.71428571428572,217.83333333333334,32.927770881706714,0.8620246682428172,0.7871740745489323,0.11065543766692786,0.031525890365875046,0.02909932299723915,0.00458106158693615,1.3891992054570552,1.3906206476867662,0.2084702362513225,1.175943596231411,1.3747748919823937,0.14493016085808583,32.24504530325282,35.99809680265503,4.251690865540667,-63.57142857142857,-51.8,34.52466337203527,0.8765094625278944
2024-06-23,102.0,227.0,201.0,7247,294.0,0.8854625550660793,0.04056851110804471,2.8823529411764706,1.1293532338308458,27.1044776119403,24.64965986394558,False,-99.0,-93.0,-192.0,-18163.0,-31494.0,-49657.0,2024,6,2024-06,Sunday,6,True,High Inflow (2023-2024),163.0,164.83333333333334,35.232560697930076,287.14285714285717,320.6666666666667,36.06673708293413,239.71428571428572,244.9,22.01298318200883,7374.285714285715,7476.2,100.44851796777395,245.42857142857142,219.5,38.0957440442601,0.8413657206851248,0.7853444638113688,0.0844477825546698,0.03330897617561692,0.029377190144257635,0.005379023974362773,1.601715791038656,1.4277618809916823,0.6019542279745272,1.1985936411060991,1.376972238582725,0.1172783740596642,30.68017191454424,35.78559912598873,4.791107640542336,-82.42857142857143,-54.666666666666664,59.36288723564882,0.8656350021311996
2024-06-24,116.0,175.0,172.0,7239,202.0,0.9828571428571429,0.027904406686006356,1.7413793103448276,1.0174418604651163,24.41860465116279,35.836633663366335,False,-56.0,-30.0,-86.0,-18219.0,-31524.0,-49743.0,2024,6,2024-06,Monday,0,False,High Inflow (2023-2024),155.71428571428572,164.1,39.30527651479835,270.2857142857143,316.46666666666664,55.31339284993669,231.42857142857142,241.86666666666667,33.95515249490651,7330.714285714285,7468.7,78.26177075636427,237.28571428571428,218.06666666666666,40.713283195678315,0.8696334646427762,0.7889812301458096,0.09489987221205125,0.03239076007273917,0.029213196269232408,0.005713500187197915,1.628927377717515,1.426629114041824,0.6035773264107034,1.1619549006756498,1.3727374108643888,0.12927456329189546,31.63863199110898,35.964643377352644,5.090445174164573,-81.57142857142857,-53.96666666666667,59.24485109233002,0.8535488128930989
2024-06-25,172.0,263.0,191.0,7239,202.0,0.7262357414448669,0.027904406686006356,1.1744186046511629,1.3769633507853403,33.047120418848166,35.836633663366335,False,-19.0,-11.0,-30.0,-18238.0,-31535.0,-49773.0,2024,6,2024-06,Tuesday,1,False,High Inflow (2023-2024),151.14285714285714,166.1,34.29493923515329,262.85714285714283,314.2,51.679875423703706,225.42857142857142,242.66666666666666,37.18806772275693,7321.0,7460.033333333334,85.57452892079996,224.14285714285714,219.56666666666666,33.5779122411784,0.8677124934659659,0.7963713641254925,0.09805249247526399,0.03062919092485062,0.029445472331544542,0.004703398806440948,1.5908191111550762,1.419050210387339,0.6254326070204278,1.165530903577541,1.352568324952443,0.13559716777336336,33.20761658636151,35.567053459125155,4.2784787565958835,-73.0,-53.46666666666667,62.09401474108952,0.8697120440799895
2024-06-26,132.0,235.0,197.0,7268,187.0,0.8382978723404255,0.02572922399559714,1.4166666666666667,1.1928934010152283,28.62944162436548,38.86631016042781,False,-65.0,10.0,-55.0,-18303.0,-31525.0,-49828.0,2024,6,2024-06,Wednesday,2,False,High Inflow (2023-2024),147.28571428571428,162.3,34.778893435119954,252.14285714285714,308.06666666666666,47.91460658097435,214.71428571428572,241.96666666666667,31.972458385899408,7313.857142857143,7450.766666666666,87.92123098068859,218.85714285714286,219.6,36.39793296067261,0.8621237102519252,0.8069717466641272,0.09852081250276072,0.029932014904856474,0.029481485779158188,0.0050553382283889765,1.5919422019008085,1.4410691805770408,0.6250582366102104,1.1731291205292962,1.3282641600321554,0.1353989141314168,34.092854772545074,35.51026738203547,4.7623200496494835,-71.57142857142857,-57.3,62.422904831632295,0.8574056447494461
2024-06-27,174.0,208.0,256.0,7248,268.0,1.2307692307692308,0.0369757174392936,1.5402298850574712,0.8125,19.5,27.044776119402986,False,-82.0,-12.0,-94.0,-18385.0,-31537.0,-49922.0,2024,6,2024-06,Thursday,3,False,High Inflow (2023-2024),149.28571428571428,164.26666666666668,36.01256394516728,239.42857142857142,305.5,45.78885287511682,215.14285714285714,239.13333333333333,32.585418883443836,7300.714285714285,7439.4,90.20848867256339,226.57142857142858,219.7,40.66881337035132,0.9162547643829794,0.8081143467540957,0.17005926150920408,0.03104921548882718,0.029550044305300404,0.0056805543699147,1.6209036140518758,1.4155985825427246,0.6159340847815725,1.1214986857466875,1.327488255828832,0.1920894024299867,33.056527729522536,35.45716872438035,5.449667072714682,-77.28571428571429,-55.43333333333333,62.37711729396236,0.8478192764875161
2024-06-30,123.0,230.0,167.0,6874,273.0,0.7260869565217392,0.03971486761710794,2.2195121951219514,1.377245508982036,33.053892215568865,25.17948717948718,False,-44.0,-106.0,-150.0,-18429.0,-31643.0,-50072.0,2024,6,2024-06,Sunday,6,True,High Inflow (2023-2024),137.71428571428572,161.5,27.511902186231467,226.42857142857142,301.8333333333333,28.377556524228435,203.85714285714286,237.56666666666666,33.775871917827644,7220.857142857143,7416.366666666667,167.71546198991803,237.28571428571428,221.0,41.752102884024524,0.9105021667165255,0.8113368531479576,0.17653288914702697,0.03291734431583346,0.029842809114833,0.006121236990131066,1.7993213225987092,1.4517182447102204,0.5757373201953648,1.1318368943469086,1.320436937903934,0.20510986001990686,31.290682463677275,35.218849636061265,5.749034437130045,-99.57142857142857,-59.5,55.105526470754526,0.850371167222016
2024-07-01,123.0,233.0,159.0,6825,229.0,0.6824034334763949,0.03355311355311355,1.8617886178861789,1.4654088050314464,35.16981132075472,29.80349344978166,False,-36.0,-70.0,-106.0,-18465.0,-31713.0,-50178.0,2024,7,2024-07,Monday,0,False,High Inflow (2023-2024),134.57142857142858,160.83333333333334,27.796025752237583,224.42857142857142,299.76666666666665,27.153005621584192,191.85714285714286,233.6,32.44702642476654,7134.285714285715,7398.666666666667,195.29952575958558,236.42857142857142,218.7,41.868274157797046,0.8674447046394114,0.8026712048853063,0.19177294700716865,0.033192892440738524,0.029610874654513546,0.0060966923404033035,1.8337640315578185,1.4443139958425566,0.5704573545504782,1.1959723085871448,1.3339121954337592,0.23151150774371837,31.030999157111125,35.38948062577434,5.7726188814201915,-101.85714285714286,-57.86666666666667,54.97401983794562,0.8495553405588157
2024-07-02,141.0,232.0,188.0,6823,184.0,0.8103448275862069,0.026967609555913822,1.3049645390070923,1.2340425531914894,29.617021276595743,37.08152173913044,False,-47.0,4.0,-43.0,-18512.0,-31709.0,-50221.0,2024,7,2024-07,Tuesday,1,False,High Inflow (2023-2024),140.14285714285714,161.83333333333334,23.80076029197797,225.14285714285714,298.56666666666666,27.297304942849664,190.0,232.63333333333333,32.2076595444827,7073.714285714285,7380.5,218.84676091255764,220.71428571428572,218.43333333333334,37.02122943084847,0.8567136007137154,0.8026926493869361,0.19269614946340197,0.031249906504719822,0.0296411739089832,0.005491599354146971,1.6084228312479074,1.430155156151802,0.35990025613848314,1.2109279256386654,1.3338795124909872,0.22986627211624797,32.80697942499468,35.34636468374536,5.381253934701142,-80.57142857142857,-56.6,41.432101655829925,0.8563596118679982
2024-07-04,158.0,226.0,191.0,6790,225.0,0.8451327433628318,0.03313696612665685,1.4240506329113924,1.1832460732984293,28.397905759162306,30.177777777777777,False,-33.0,-34.0,-67.0,-18545.0,-31743.0,-50288.0,2024,7,2024-07,Thursday,3,False,High Inflow (2023-2024),146.14285714285714,160.56666666666666,21.919767117289194,232.42857142857142,294.5,16.25686668106038,192.71428571428572,233.13333333333333,31.223464924712253,7009.571428571428,7360.033333333334,227.93921495499245,224.0,221.1,36.092473823039,0.8370386865002423,0.8140055032844711,0.18452779528455357,0.03199741499624132,0.030092939158405888,0.005313555356574049,1.563090163043131,1.4529636466366036,0.3603469376288436,1.23461424175771,1.3074119573585103,0.21464433949882852,31.99857144133917,34.650221644154044,5.274255013424451,-77.85714285714286,-60.53333333333333,41.639038459233184,0.8612321483489156
2024-07-07,96.0,160.0,233.0,6599,213.0,1.45625,0.032277617820881954,2.21875,0.6866952789699571,16.48068669527897,30.981220657276996,False,-137.0,20.0,-117.0,-18682.0,-31723.0,-50405.0,2024,7,2024-07,Sunday,6,True,High Inflow (2023-2024),135.28571428571428,158.16666666666666,25.50630174234273,217.71428571428572,288.2,27.02291796305821,198.71428571428572,231.83333333333334,34.682917436466276,6918.142857142857,7330.866666666667,248.04396691679653,225.57142857142858,221.26666666666668,35.20349008672011,0.9413264377224042,0.8365681823675657,0.28847786054386415,0.032622159444080694,0.030241199418834363,0.004999948006126362,1.712280362378679,1.4856521387000958,0.38775415862844387,1.1360045172126552,1.2875321921477052,0.28528288048614037,31.30494101189783,34.4851725891402,4.997382889555766,-90.28571428571429,-63.1,37.77880484131378,0.8650043099702063
2024-07-08,141.0,173.0,129.0,6617,123.0,0.7456647398843931,0.018588484207344717,0.8723404255319149,1.3410852713178294,32.18604651162791,53.796747967479675,False,12.0,6.0,18.0,-18670.0,-31717.0,-50387.0,2024,7,2024-07,Monday,0,False,High Inflow (2023-2024),136.57142857142858,156.43333333333334,25.539884774323493,208.85714285714286,284.9,30.36680518498693,189.0,225.66666666666666,43.61574639202346,6825.142857142857,7301.633333333333,214.82506726129427,216.42857142857142,217.8,51.45178047731498,0.9280931330858281,0.8229432815401826,0.2960179128585364,0.031602053760044636,0.029851118912873332,0.006977870409262873,1.6345194707880002,1.4755246261141994,0.4963036825359897,1.157174784398741,1.3033602999177474,0.2955228249802229,33.43786069861953,35.177956992755156,9.718578998201789,-79.85714285714286,-61.36666666666667,55.200931669156034,0.8079299951965444
2024-07-09,116.0,181.0,182.0,6651,130.0,1.0055248618784531,0.019545932942414676,1.1206896551724137,0.9945054945054945,23.86813186813187,51.16153846153846,False,-66.0,52.0,-14.0,-18736.0,-31665.0,-50401.0,2024,7,2024-07,Tuesday,1,False,High Inflow (2023-2024),128.28571428571428,155.1,20.229634085620663,205.0,279.46666666666664,32.155870381628574,178.42857142857142,223.33333333333334,32.12401564176489,6739.857142857143,7277.833333333333,113.65214262748607,196.71428571428572,216.56666666666666,54.731813678806105,0.8959153661014313,0.8320421722849682,0.268605851294231,0.029112084546204786,0.02974682290074789,0.007801903760421957,1.574585152232992,1.4771971872695189,0.5335244086022757,1.1831755693280974,1.2910078375652851,0.2667491785870529,36.88311246178174,35.41328172790025,11.231455615750935,-68.42857142857143,-61.46666666666667,59.86890440191543,0.7823318245504277
2024-07-10,150.0,157.0,201.0,6649,177.0,1.2802547770700636,0.02662054444277335,1.18,0.7810945273631841,18.746268656716417,37.56497175141243,False,-51.0,24.0,-27.0,-18787.0,-31641.0,-50428.0,2024,7,2024-07,Wednesday,2,False,High Inflow (2023-2024),132.14285714285714,155.0,21.58262087443349,194.57142857142858,273.1,34.45217527170808,183.28571428571428,222.06666666666666,32.673711582423614,6707.714285714285,7252.2,100.44022150138134,183.0,217.43333333333334,43.25505750776588,0.9750821976083348,0.8518246112141238,0.29094615874890034,0.027241466949871274,0.029955644679648282,0.006251833139404076,1.426083410072713,1.4836329171170135,0.4642712833368047,1.0980111433825472,1.2685087569571682,0.2887230253966207,38.652467400628204,35.02791985912835,9.9870694778853,-50.857142857142854,-62.43333333333333,49.00145770426457,0.8088216989081837
2024-07-11,80.0,176.0,125.0,6640,197.0,0.7102272727272727,0.02966867469879518,2.4625,1.408,33.792,33.70558375634518,False,-45.0,-72.0,-117.0,-18832.0,-31713.0,-50545.0,2024,7,2024-07,Thursday,3,False,High Inflow (2023-2024),126.0,151.6,29.342801502242605,186.42857142857142,263.56666666666666,30.347197250364076,178.42857142857142,220.96666666666667,38.83236254662284,6681.285714285715,7223.833333333333,88.0051405425436,178.42857142857142,219.3,39.07197266096486,0.9790570317870316,0.8640991422386547,0.28643634570853554,0.026686547113540075,0.030317180932790608,0.005750527628786853,1.511899321803259,1.539892074626171,0.5952669809988536,1.089809885520912,1.2179737358601217,0.2771302754402074,39.209908872994426,34.38051733185759,9.508254934337902,-52.42857142857143,-67.7,51.19198225912941,0.8203591957688138
2024-07-14,116.0,188.0,164.0,6308,237.0,0.8723404255319149,0.037571337983512997,2.043103448275862,1.146341463414634,27.512195121951216,26.616033755274263,False,-48.0,-73.0,-121.0,-18880.0,-31786.0,-50666.0,2024,7,2024-07,Sunday,6,True,High Inflow (2023-2024),122.42857142857143,149.9,28.727786449459114,180.14285714285714,256.3,23.003105380426145,175.0,215.13333333333333,38.90586930871282,6607.714285714285,7182.0,145.96770680043753,186.0,220.86666666666667,45.01481237696614,0.9879135457792757,0.865344644107781,0.2812621085336604,0.02820136546033996,0.030732148666799634,0.007079881847843787,1.617347737413083,1.5700713712054264,0.6174648320853591,1.0772811584099327,1.2162637807074728,0.2714470823960674,37.71483916101497,33.940876351770235,10.652624840554173,-63.57142857142857,-70.96666666666667,56.96155762985263,0.8051431771244534
2024-07-15,105.0,185.0,158.0,6283,171.0,0.8540540540540541,0.027216297946840683,1.6285714285714286,1.1708860759493671,28.10126582278481,36.74269005847953,False,-53.0,-13.0,-66.0,-18933.0,-31799.0,-50732.0,2024,7,2024-07,Monday,0,False,High Inflow (2023-2024),114.85714285714286,148.1,24.456959278350055,174.28571428571428,251.46666666666667,11.940327825129852,170.28571428571428,209.66666666666666,38.6424390435965,6535.285714285715,7139.9,164.9896100625052,178.28571428571428,216.36666666666667,41.724150823053314,0.9891880187351646,0.8612878600509969,0.2805265519809273,0.02735555572036622,0.03028764908338617,0.006737343778420525,1.6465649939359455,1.560206142094914,0.6116049347490891,1.0755154445029238,1.221131825889222,0.2706820411568564,38.652683772543796,34.34362832975441,10.155880135310865,-63.42857142857143,-68.26666666666667,56.95277910356106,0.8103532730115265
2024-07-16,136.0,246.0,123.0,6239,173.0,0.5,0.02772880269273922,1.2720588235294117,2.0,48.0,36.0635838150289,False,13.0,-50.0,-37.0,-18920.0,-31849.0,-50769.0,2024,7,2024-07,Tuesday,1,False,High Inflow (2023-2024),120.57142857142857,149.0,23.98511443136612,186.57142857142858,251.53333333333333,28.100160989203797,154.57142857142858,205.2,30.36915728639323,6483.857142857143,7094.666666666667,195.16696148976706,172.57142857142858,214.66666666666666,38.815190938847536,0.8525808758780217,0.8428452371001772,0.24586524804307824,0.026705724987774404,0.03022896901165564,0.006394104905374912,1.51132339729729,1.5341065738272401,0.5670377326561645,1.2631304046500726,1.2561512811421403,0.38658926605194316,39.37873565222264,34.41539064739823,9.686876353035753,-52.0,-65.66666666666667,52.24302186257324,0.8163782029876275
2024-07-17,128.0,228.0,177.0,6228,187.0,0.7763157894736842,0.030025690430314708,1.4609375,1.2881355932203389,30.91525423728813,33.3048128342246,False,-49.0,-10.0,-59.0,-18969.0,-31859.0,-50828.0,2024,7,2024-07,Wednesday,2,False,High Inflow (2023-2024),118.71428571428571,144.6,22.603202470109757,194.42857142857142,247.26666666666668,31.19218461333692,161.42857142857142,205.23333333333332,29.02215902178352,6428.285714285715,7050.1,206.0175674432709,181.71428571428572,214.13333333333333,32.15957237337322,0.8569595972479204,0.8522430293335698,0.24390893520407464,0.02833961159105583,0.030335355211723192,0.005350279429948038,1.5954086936498737,1.5567788494682657,0.4956372804340712,1.2555661649218597,1.2316648918252424,0.38532569295750024,36.45131634747191,34.2833507467985,7.43906819488975,-63.0,-69.53333333333333,42.18609565563801,0.8496329908623419
2024-07-21,90.0,196.0,205.0,6058,262.0,1.0459183673469388,0.04324859689666557,2.911111111111111,0.9560975609756097,22.946341463414633,23.12213740458015,False,-115.0,-57.0,-172.0,-19084.0,-31916.0,-51000.0,2024,7,2024-07,Sunday,6,True,High Inflow (2023-2024),115.0,141.83333333333334,25.11971337416125,196.57142857142858,242.3,30.626008243851977,164.71428571428572,202.36666666666667,32.795905667802565,6343.571428571428,6995.666666666667,220.58018734152546,200.57142857142858,216.26666666666668,35.32636948445873,0.8627300980291326,0.8589910328828155,0.24844519859251477,0.0317257064416631,0.030918829223478293,0.006277506540250238,1.8511831873554019,1.6156655974879617,0.6482937126211433,1.2500793172747333,1.2240159101807866,0.38990882920468745,32.445687625049295,33.75930751550335,5.492409308346945,-85.57142857142857,-74.43333333333334,52.585984009864184,0.8502471418741712
2024-07-22,102.0,189.0,155.0,6002,234.0,0.8201058201058201,0.03898700433188937,2.2941176470588234,1.2193548387096773,29.264516129032256,25.64957264957265,False,-53.0,-79.0,-132.0,-19137.0,-31995.0,-51132.0,2024,7,2024-07,Monday,0,False,High Inflow (2023-2024),108.14285714285714,139.26666666666668,20.00357110975127,201.14285714285714,237.73333333333332,25.732136661050102,158.14285714285714,198.13333333333333,28.66140594032622,6251.142857142857,6937.7,206.36410263692946,208.71428571428572,216.13333333333333,35.55612598748918,0.7969945327485265,0.8574935377247886,0.16712865298075502,0.033492343568679674,0.031193549976753734,0.006341125702154286,2.010342851220948,1.647815887771673,0.59021040052627,1.3126879331813754,1.2261267925112984,0.33309952453311337,30.743487753357897,33.53011960102132,5.48782103136356,-100.57142857142857,-76.86666666666666,47.85692963705146,0.8544394888444411
2024-07-23,120.0,257.0,126.0,5965,170.0,0.490272373540856,0.028499580888516344,1.4166666666666667,2.0396825396825395,48.95238095238095,35.088235294117645,False,-6.0,-44.0,-50.0,-19143.0,-32039.0,-51182.0,2024,7,2024-07,Tuesday,1,False,High Inflow (2023-2024),113.85714285714286,139.4,15.920935603041883,212.71428571428572,236.66666666666666,30.34092003502057,158.28571428571428,196.8,28.47053614829558,6154.714285714285,6888.166666666667,142.0653773041575,204.85714285714286,211.4,38.39022693094736,0.7655724042933241,0.8546894680538899,0.20299030942543486,0.03332533016721127,0.030747750205807268,0.006472650567878507,1.8609380893161862,1.6053829375801023,0.5890448124000529,1.4029282959931666,1.2360840819866603,0.4336214296870092,30.941009401611105,33.90368043561157,5.635110068208981,-91.0,-72.0,50.64253811438211,0.8421761889372462
2024-07-24,137.0,272.0,166.0,5927,177.0,0.6102941176470589,0.02986333727011979,1.2919708029197081,1.6385542168674698,39.325301204819276,33.48587570621469,False,-29.0,-11.0,-40.0,-19172.0,-32050.0,-51222.0,2024,7,2024-07,Wednesday,2,False,High Inflow (2023-2024),116.85714285714286,137.83333333333334,18.20648759305884,224.71428571428572,234.6,35.16491758232194,158.57142857142858,194.7,28.54737082381419,6100.285714285715,6837.766666666666,146.46696360808457,196.28571428571428,210.23333333333332,36.677487580779236,0.7281372174526304,0.8521783138916261,0.20417826270680506,0.0322241872081551,0.030793246311701526,0.006282786456828042,1.7536334256938784,1.6100428339093098,0.618032127702014,1.473244403629286,1.2420853797541496,0.42489950825388384,31.92241539460259,33.85022220443508,5.347205173270805,-79.42857142857143,-72.4,51.88402818741387,0.8425610255743379
2024-07-25,93.0,198.0,208.0,5954,194.0,1.0505050505050506,0.03258313738663084,2.086021505376344,0.9519230769230769,22.846153846153847,30.690721649484537,False,-115.0,14.0,-101.0,-19287.0,-32036.0,-51323.0,2024,7,2024-07,Thursday,3,False,High Inflow (2023-2024),115.14285714285714,134.73333333333332,19.986900471964283,226.57142857142858,229.46666666666667,32.994227489352,165.71428571428572,194.16666666666666,34.09650170576747,6053.285714285715,6786.466666666666,129.9149905203582,199.57142857142858,211.5,35.02788005221694,0.7562016455170584,0.8659830276963398,0.2354730214415705,0.032990878556696544,0.031185369842276833,0.005884663895558701,1.8189834366660094,1.6516198948412095,0.6267281747408,1.4419639751969588,1.2214351966039663,0.4576650273630466,31.057848479031883,33.27217788334952,4.909265202593575,-84.42857142857143,-76.76666666666667,52.06040447677766,0.8506906083495319
2024-07-28,152.0,290.0,199.0,5743,207.0,0.6862068965517242,0.03604387950548494,1.361842105263158,1.4572864321608041,34.9748743718593,27.743961352657006,False,-47.0,-8.0,-55.0,-19334.0,-32044.0,-51378.0,2024,7,2024-07,Sunday,6,True,High Inflow (2023-2024),117.42857142857143,134.73333333333332,23.39413846000166,232.85714285714286,230.26666666666668,40.62195043499157,176.57142857142858,191.66666666666666,30.093505073670325,5982.428571428572,6726.3,146.00782757881467,204.42857142857142,211.33333333333334,33.02956828286578,0.7828026307387332,0.8545207513157332,0.21094705408966935,0.03417874667280308,0.031450602144464615,0.005470066616726835,1.8318096197708302,1.6505234036131393,0.6144685125774,1.3644334655056451,1.2376513136857252,0.3880501206471861,29.869330984407327,33.01018414227456,4.484078384749755,-87.0,-76.6,49.71921157862399,0.8609036172733273
2024-07-29,114.0,210.0,219.0,5819,163.0,1.042857142857143,0.028011685856676405,1.4298245614035088,0.958904109589041,23.013698630136986,35.69938650306749,False,-105.0,56.0,-49.0,-19439.0,-31988.0,-51427.0,2024,7,2024-07,Monday,0,False,High Inflow (2023-2024),115.42857142857143,132.96666666666667,22.93365171429087,230.28571428571428,227.5,41.53999793658501,182.57142857142858,191.3,34.11186080557642,5924.0,6668.8,108.33282051159944,201.0,208.13333333333333,36.23074201098815,0.8208799669363701,0.8631165582391852,0.23253280887323208,0.03389103173371189,0.031239927692815472,0.005769677583451201,1.8273649142570458,1.6464876155401624,0.6177023133856678,1.3174003964154597,1.227151015889418,0.41766120697768705,30.21141293709917,33.229249921463044,4.865004712865371,-85.57142857142857,-75.16666666666667,50.789950262025506,0.8472763618076531
2024-07-30,125.0,203.0,208.0,5930,92.0,1.0246305418719213,0.01551433389544688,0.736,0.9759615384615384,23.423076923076923,64.45652173913044,False,-83.0,116.0,33.0,-19522.0,-31872.0,-51394.0,2024,7,2024-07,Tuesday,1,False,High Inflow (2023-2024),120.42857142857143,130.33333333333334,20.106857394573815,231.28571428571428,223.76666666666668,40.65183179847478,183.0,190.46666666666667,34.45770354120115,5905.714285714285,6622.9,91.42886904712475,176.71428571428572,201.4,44.54852891590883,0.8178388490113677,0.8726148249788312,0.22921471722471426,0.029928994162109222,0.030415892465289494,0.007527614519557372,1.516634755526887,1.6229817331872212,0.5212222532721194,1.3202381074848781,1.214618689489066,0.41485533411852504,36.11632498489207,34.549342596214096,13.04098264689063,-56.285714285714285,-71.06666666666666,51.74203412350608,0.7986623780847921
2024-07-31,140.0,261.0,163.0,5963,154.0,0.6245210727969349,0.02582592654704008,1.1,1.6012269938650308,38.42944785276074,38.72077922077922,False,-23.0,9.0,-14.0,-19545.0,-31863.0,-51408.0,2024,7,2024-07,Wednesday,2,False,High Inflow (2023-2024),125.85714285714286,129.7,19.420166249104774,241.57142857142858,222.13333333333333,37.12527056178522,184.14285714285714,186.83333333333334,33.493425083283086,5900.142857142857,6577.733333333334,85.585101062087,165.28571428571428,199.06666666666666,37.03023217910255,0.7898981708243841,0.8641848822441054,0.24053349472722246,0.028048840192845037,0.030256441479005625,0.006455393676496613,1.3460465202327696,1.6126882321390033,0.40731606781039925,1.3747912725070714,1.2300027265394688,0.4243769305567038,37.98364020935014,34.75104714166865,12.201267589643312,-39.42857142857143,-69.36666666666666,41.088754109679265,0.8169682972293922
2024-08-01,227.0,298.0,212.0,6016,169.0,0.7114093959731543,0.028091755319148936,0.7444933920704846,1.4056603773584906,33.735849056603776,35.59763313609467,False,15.0,43.0,58.0,-19530.0,-31820.0,-51350.0,2024,8,2024-08,Thursday,3,False,High Inflow (2023-2024),141.14285714285714,131.93333333333334,42.47127881062128,247.42857142857142,222.16666666666666,42.77014980434074,196.42857142857142,185.46666666666667,22.61899749367814,5907.428571428572,6533.6,93.80273120197832,165.14285714285714,197.56666666666666,37.01093789421812,0.8214891740289981,0.859503467048149,0.20677568422072112,0.027990579397221126,0.030220989544593967,0.00645248736796515,1.2500217667190292,1.5929213452080193,0.4632803259523366,1.2842166778893502,1.23772763766881,0.3114538166056495,38.05641132963258,34.79433273218645,12.182625438463065,-24.0,-65.63333333333334,54.53439281774363,0.8169169275925279
2024-08-04,63.0,167.0,143.0,5943,170.0,0.8562874251497006,0.028605081608615177,2.6984126984126986,1.167832167832168,28.02797202797203,34.95882352941177,False,-80.0,-27.0,-107.0,-19610.0,-31847.0,-51457.0,2024,8,2024-08,Sunday,6,True,High Inflow (2023-2024),130.57142857142858,127.23333333333333,51.84868093101042,232.42857142857142,217.03333333333333,50.44091309924682,193.14285714285714,182.03333333333333,28.643955566160226,5909.714285714285,6483.933333333333,94.5510695968216,164.14285714285714,196.63333333333333,36.730680052825115,0.8566310751008042,0.8625012098802417,0.1846167180376636,0.027810828588434748,0.030286560070612336,0.006409001194244801,1.450942037503742,1.6505154939786386,0.7189420288840969,1.2169706708843069,1.2331594416371991,0.2702951977976047,38.26683244723216,34.70828004848671,12.102985102936012,-33.57142857142857,-69.4,63.02871605561244,0.8171452518554313
2024-08-05,172.0,259.0,138.0,5950,150.0,0.5328185328185329,0.025210084033613446,0.872093023255814,1.8768115942028984,45.04347826086956,39.666666666666664,False,34.0,-12.0,22.0,-19576.0,-31859.0,-51435.0,2024,8,2024-08,Monday,0,False,High Inflow (2023-2024),141.85714285714286,128.13333333333333,50.89672082242818,241.14285714285714,217.43333333333334,48.742276555466375,183.14285714285714,178.53333333333333,34.26090372143585,5909.142857142857,6434.566666666667,94.25042629686664,157.85714285714286,193.8,34.46461263106953,0.7826758582884443,0.8474683053736529,0.19726539695627834,0.02675753525228941,0.030072753649106852,0.0060919992730534556,1.2775236829150949,1.625562272914752,0.6858678949818139,1.3490976019242815,1.2618377979323026,0.3369703496831918,39.54911030682961,34.976459717517436,11.632898147559803,-16.0,-65.66666666666667,58.04595880277368,0.8207971191632457
2024-08-06,163.0,283.0,200.0,5998,143.0,0.7067137809187279,0.023841280426808935,0.8773006134969326,1.415,33.96,41.94405594405595,False,-37.0,57.0,20.0,-19613.0,-31802.0,-51415.0,2024,8,2024-08,Tuesday,1,False,High Inflow (2023-2024),143.42857142857142,130.16666666666666,51.429100526378875,240.14285714285714,219.3,47.632022041999946,183.28571428571428,178.5,34.34003633134462,5945.571428571428,6392.933333333333,63.641855050621835,148.71428571428572,188.76666666666668,26.917864487577592,0.7856054131980165,0.8415100129020746,0.19574035591138456,0.02501430681247855,0.029515179293065665,0.004540028739300101,1.208303469805634,1.5587271953254342,0.7002401326006557,1.3430566830441666,1.271359356804608,0.33508132186367484,41.57769524845803,35.55293958685445,10.40443848065381,-5.285714285714286,-58.6,56.55001999915408,0.8467372604808433
2024-08-07,135.0,273.0,207.0,6038,174.0,0.7582417582417582,0.028817489234845974,1.288888888888889,1.318840579710145,31.65217391304348,34.701149425287355,False,-72.0,33.0,-39.0,-19685.0,-31769.0,-51454.0,2024,8,2024-08,Wednesday,2,False,High Inflow (2023-2024),146.42857142857142,130.8,50.01951999922013,249.14285714285714,222.56666666666666,46.93409766693674,181.57142857142858,179.66666666666666,32.51080406499283,5976.857142857143,6352.9,40.769386273794105,150.28571428571428,187.83333333333334,28.18223013244793,0.7449460725386757,0.8340228334148951,0.15962652500648689,0.02512942158078849,0.029545615378026982,0.004637857286435407,1.1881698023035454,1.543644181276903,0.6948144025090466,1.394476178775753,1.2814059807794422,0.29102761087535417,41.43508995163229,35.51509011225182,10.504792996877747,-3.857142857142857,-57.03333333333333,55.375772594846524,0.8420879994761686
2024-08-08,119.0,230.0,213.0,6084,174.0,0.9260869565217391,0.028599605522682446,1.4621848739495797,1.07981220657277,25.91549295774648,34.96551724137931,False,-94.0,39.0,-55.0,-19779.0,-31730.0,-51509.0,2024,8,2024-08,Thursday,3,False,High Inflow (2023-2024),145.57142857142858,129.03333333333333,50.49705319077919,253.0,221.46666666666667,43.49329450233327,182.28571428571428,180.4,33.235093328760215,5998.857142857143,6314.4,51.4277116330167,162.0,186.9,12.714820748513008,0.7308684174886497,0.8406845405841242,0.13296936976604376,0.026998746098965,0.02956878867258285,0.002007899714047514,1.2919104985820569,1.5532363902535167,0.6698126763664998,1.4093119885059289,1.2715009426390231,0.2678620989251972,37.22208930909642,35.486052898185584,2.8788737396267345,-16.428571428571427,-57.86666666666667,55.60232951611842,0.9272252880777934
2024-08-11,95.0,211.0,140.0,5894,249.0,0.6635071090047393,0.04224635222259925,2.6210526315789475,1.5071428571428571,36.17142857142857,23.670682730923694,False,-45.0,-109.0,-154.0,-19824.0,-31839.0,-51663.0,2024,8,2024-08,Sunday,6,True,High Inflow (2023-2024),139.14285714285714,127.8,54.06301437960641,245.85714285714286,220.66666666666666,45.994306065818925,179.0,178.5,36.441734316576834,5989.0,6268.6,64.41790641324633,175.57142857142858,188.96666666666667,34.606633000325026,0.7364378512326217,0.8348581818062679,0.12851444652123742,0.029344521195473452,0.030119359613482923,0.006010897447502466,1.5092037316647637,1.5933825890839262,0.8257490392328933,1.3958713975456185,1.281975924509944,0.2588357224902853,35.07207552483134,34.979531983868775,5.755636627691265,-36.42857142857143,-61.166666666666664,76.01503610658672,0.8353461215622139
2024-08-12,109.0,219.0,155.0,5903,148.0,0.7077625570776256,0.025071997289513807,1.3577981651376148,1.4129032258064516,33.909677419354836,39.88513513513514,False,-46.0,7.0,-39.0,-19870.0,-31832.0,-51702.0,2024,8,2024-08,Monday,0,False,High Inflow (2023-2024),122.28571428571429,125.63333333333334,38.16068782448908,234.57142857142858,221.03333333333333,40.422176845791405,170.85714285714286,175.13333333333333,34.134188977370364,5972.857142857143,6223.766666666666,70.4046129440994,172.57142857142858,184.96666666666667,36.14718588796627,0.7359168742475463,0.8174246260165478,0.12864014847047006,0.028913127191239864,0.029722568941823593,0.006220499195191151,1.5968186992457822,1.5873015317532644,0.7610930647263979,1.3969060901810413,1.301989365370159,0.25889584532155946,35.68457581040855,35.40754395105985,6.041900277104929,-50.285714285714285,-59.333333333333336,63.790579988255836,0.8268137895530228
2024-08-13,162.0,239.0,189.0,5981,123.0,0.7907949790794979,0.02056512288914897,0.7592592592592593,1.2645502645502646,30.34920634920635,48.6260162601626,False,-27.0,66.0,39.0,-19897.0,-31766.0,-51663.0,2024,8,2024-08,Tuesday,1,False,High Inflow (2023-2024),136.42857142857142,126.93333333333334,29.999206338708156,244.85714285714286,221.33333333333334,27.437374579386464,177.42857142857142,175.86666666666667,32.253460500939866,5978.285714285715,6194.0,69.17300602043936,165.85714285714286,179.96666666666667,40.77347410359261,0.7265608105232315,0.8195815601018065,0.1205539382445274,0.02776456165988755,0.02908424411755829,0.0069824485403560425,1.3197967793667194,1.5386264338911744,0.6359224778361136,1.4107229611407697,1.2982328572224335,0.2469376485285545,37.63703191480153,36.18909492041569,7.7383991067809905,-29.428571428571427,-53.03333333333333,65.987011709015,0.8026745759979002
2024-08-14,109.0,226.0,191.0,5987,178.0,0.8451327433628318,0.029731084015366626,1.6330275229357798,1.1832460732984293,28.397905759162306,33.63483146067416,False,-82.0,13.0,-69.0,-19979.0,-31753.0,-51732.0,2024,8,2024-08,Wednesday,2,False,High Inflow (2023-2024),127.42857142857143,126.46666666666667,26.831928386763263,240.14285714285714,221.1,27.43737457938659,185.0,176.93333333333334,27.294688127911854,5983.571428571428,6166.066666666667,68.05599935066765,169.85714285714286,178.26666666666668,40.32959447448404,0.7711771263152742,0.8250058704313544,0.09109375737915962,0.028410418800138,0.028956843132966727,0.006915555651626967,1.4285017078924291,1.5310010640594944,0.6111930821466989,1.311642172440131,1.2888274328313327,0.14813131301360127,36.775341171088314,36.316806187445444,7.810223418693007,-42.42857142857143,-51.8,63.06572535288629,0.8081249322080055
2024-08-15,124.0,241.0,156.0,5895,220.0,0.6473029045643154,0.037319762510602206,1.7741935483870968,1.544871794871795,37.07692307692308,26.795454545454547,False,-32.0,-64.0,-96.0,-20011.0,-31817.0,-51828.0,2024,8,2024-08,Thursday,3,False,High Inflow (2023-2024),121.85714285714286,125.9,21.790124456035993,234.14285714285714,221.4,20.119878821940706,178.71428571428572,175.86666666666667,28.3120368142492,5968.857142857143,6135.133333333333,75.17851770159099,180.85714285714286,179.46666666666667,42.23911525047595,0.762689858264644,0.8195711396639579,0.10039380764657725,0.0303359162406799,0.02930191489812301,0.007297214730593273,1.5566292700195952,1.5466420310388282,0.5689325383073592,1.3301952859932447,1.2991884075540097,0.1697846702320907,34.6112552570024,35.97393728098959,8.226959633331518,-59.0,-53.56666666666667,59.039534776847965,0.8106686521380366
2024-08-18,86.0,244.0,235.0,5821,178.0,0.9631147540983607,0.030578938326747983,2.0697674418604652,1.0382978723404255,24.91914893617021,32.70224719101124,False,-149.0,57.0,-92.0,-20160.0,-31760.0,-51920.0,2024,8,2024-08,Sunday,6,True,High Inflow (2023-2024),114.85714285714286,123.5,24.55896693965108,230.0,222.0,12.220201853218041,182.71428571428572,177.33333333333334,34.315760643928634,5937.857142857143,6102.833333333333,85.89223591498158,181.42857142857142,177.9,42.157866576545906,0.7919574291013014,0.8235038733551423,0.12558378215362778,0.03058755182523733,0.029216647304792717,0.0072664325593407835,1.6681833490155349,1.5681659246704638,0.5840406782061325,1.2901177563689992,1.2943568008554098,0.20281055098780926,34.32569779496295,36.0580862614307,8.25795190746915,-66.57142857142857,-54.4,59.44425159440585,0.8114471210656301
2024-08-19,176.0,254.0,162.0,5865,158.0,0.6377952755905512,0.026939471440750214,0.8977272727272727,1.5679012345679013,37.62962962962963,37.120253164556964,False,14.0,4.0,18.0,-20146.0,-31756.0,-51902.0,2024,8,2024-08,Monday,0,False,High Inflow (2023-2024),123.0,126.16666666666667,33.85262175962171,233.42857142857142,225.13333333333333,15.219035699383284,175.42857142857142,174.96666666666667,32.16031272058294,5906.571428571428,6078.366666666667,59.67092296602656,179.14285714285714,176.06666666666666,43.0520172637279,0.7507729032539888,0.7962220492081606,0.12147002463174847,0.030350389813532722,0.029038709092121653,0.007368503829226512,1.5875465488409195,1.524131833761373,0.6522106282687207,1.3598447603683037,1.3237303327086742,0.2023589914113137,34.63351721255976,36.262720678340024,8.325658327015418,-56.142857142857146,-49.9,67.64965772623069,0.8062420774614772
2024-08-20,136.0,274.0,245.0,5995,112.0,0.8941605839416058,0.018682235195996665,0.8235294117647058,1.1183673469387756,26.840816326530614,53.526785714285715,False,-109.0,133.0,24.0,-20255.0,-31623.0,-51878.0,2024,8,2024-08,Tuesday,1,False,High Inflow (2023-2024),128.85714285714286,126.0,31.677692316142622,242.42857142857142,228.5,18.1002499325034,190.42857142857142,178.83333333333334,37.003860802430935,5921.0,6057.633333333333,67.783970573176,159.57142857142858,175.7,36.66904754175106,0.7837233996735412,0.8011719106767343,0.12508288114365254,0.026984087381160923,0.02904183412507672,0.006338730921425462,1.3307575174388848,1.5225047999691326,0.517409466784761,1.3043054017677205,1.3163064018960393,0.20845352712970408,38.898674781611476,36.2537219365669,9.357086357888477,-30.714285714285715,-49.7,57.41577682633404,0.8131422820203382
2024-08-21,134.0,245.0,167.0,6028,156.0,0.6816326530612244,0.025879230258792303,1.164179104477612,1.467065868263473,35.20958083832335,38.64102564102564,False,-33.0,11.0,-22.0,-20288.0,-31612.0,-51900.0,2024,8,2024-08,Wednesday,2,False,High Inflow (2023-2024),132.42857142857142,126.6,30.451366377975937,246.14285714285714,230.63333333333333,14.870872776770476,192.14285714285714,178.33333333333334,35.32906533072772,5938.857142857143,6036.866666666667,77.95389357696112,160.71428571428572,176.56666666666666,36.37175775110289,0.7799905562426267,0.79037550371616,0.12808154630716284,0.02709940637677214,0.029252944035622643,0.006305402308238598,1.3030976516303132,1.5239544482793057,0.5208865890178394,1.3120429221187233,1.3320584143546386,0.2140855107025298,38.720944853881555,35.83637150921648,9.347036555454267,-28.285714285714285,-49.96666666666667,57.36640795713751,0.8154523927134885
2024-08-22,182.0,307.0,205.0,6054,171.0,0.6677524429967426,0.028245787908820614,0.9395604395604396,1.497560975609756,35.94146341463414,35.40350877192982,False,-23.0,34.0,11.0,-20311.0,-31578.0,-51889.0,2024,8,2024-08,Thursday,3,False,High Inflow (2023-2024),135.28571428571428,127.66666666666667,34.37399349175821,255.85714285714286,235.63333333333333,26.829266180973818,194.42857142857142,178.46666666666667,35.60831898520836,5949.285714285715,6017.033333333334,88.67678066196451,167.57142857142858,176.36666666666667,32.38238792336341,0.7624130510879475,0.7699587592470494,0.13462737012863935,0.028196644236725226,0.029307118817824218,0.005608600584275905,1.3288549631019104,1.5159397962646537,0.4932362627914615,1.3453301665557937,1.355940629296191,0.22338335752291827,36.832015212705436,35.76432274323372,8.287753118136648,-32.285714285714285,-48.7,52.67736479651133,0.8380506634430414
2024-08-27,149.0,285.0,222.0,6152,97.0,0.7789473684210526,0.015767230169050715,0.6510067114093959,1.2837837837837838,30.81081081081081,63.422680412371136,False,-73.0,125.0,52.0,-20384.0,-31453.0,-51837.0,2024,8,2024-08,Tuesday,1,False,High Inflow (2023-2024),141.0,129.96666666666667,32.55252166371557,264.2857142857143,239.26666666666668,25.097903536048012,198.85714285714286,181.7,37.010937894215715,5972.857142857143,6000.766666666666,117.58887216544673,156.0,173.03333333333333,41.283572196861655,0.7529579975248362,0.7722494291035088,0.13009754200917417,0.026201807972965813,0.0288437373334994,0.0072228645019433504,1.188566275740998,1.4555566866449672,0.5305473527643414,1.35969269662513,1.3518000887556503,0.21427143010855026,41.08742220580501,36.754892631767916,12.794550803376662,-15.0,-43.06666666666667,58.18648182066547,0.7907399397874529
2024-08-28,170.0,285.0,178.0,6227,134.0,0.624561403508772,0.021519190621487074,0.788235294117647,1.601123595505618,38.426966292134836,46.47014925373134,False,-8.0,44.0,36.0,-20392.0,-31409.0,-51801.0,2024,8,2024-08,Wednesday,2,False,High Inflow (2023-2024),147.57142857142858,131.76666666666668,33.18562511518678,270.57142857142856,242.5,23.768726952707866,202.0,182.16666666666666,33.536050254414796,6020.285714285715,5998.066666666667,144.76614968713295,143.71428571428572,169.6,30.43416000546526,0.7497092116597585,0.7639901283694039,0.1334172821390485,0.023944583417377936,0.028308665754765205,0.005410963915662,1.0477150965596482,1.4137277481730266,0.4773739224120991,1.3677286681442475,1.3669594931586835,0.22324090769225816,43.89809287841598,37.416696481716485,11.192389564788849,3.857142857142857,-37.833333333333336,48.07088020631083,0.8252401284451224
2024-08-29,145.0,295.0,188.0,6250,169.0,0.6372881355932203,0.02704,1.1655172413793105,1.5691489361702127,37.659574468085104,36.98224852071006,False,-43.0,19.0,-24.0,-20435.0,-31390.0,-51825.0,2024,8,2024-08,Thursday,3,False,High Inflow (2023-2024),156.0,133.1,19.68925256749641,277.85714285714283,246.16666666666666,22.01839058172768,195.28571428571428,183.16666666666666,30.384833309367767,6081.571428571428,5996.966666666666,136.9341169356713,142.42857142857142,169.53333333333333,28.895542579307072,0.7031625518733098,0.7567645977540428,0.09893723522157807,0.02343902079927108,0.02830278915653718,0.0048209433172751075,0.918536496490912,1.3982926085999559,0.19139476855174725,1.4435645344056458,1.3802349218327115,0.17832878907137356,44.50952163980153,37.42468176379084,10.578929779141598,13.571428571428571,-36.43333333333333,28.259848683583012,0.8313398977917477
2024-09-02,133.0,270.0,198.0,6192,129.0,0.7333333333333333,0.020833333333333332,0.9699248120300752,1.3636363636363635,32.72727272727273,48.0,False,-65.0,69.0,4.0,-20500.0,-31321.0,-51821.0,2024,9,2024-09,Monday,0,False,High Inflow (2023-2024),149.85714285714286,133.0,19.10871155109254,280.14285714285717,246.96666666666667,19.853031434590644,200.42857142857142,185.66666666666666,26.62615971093746,6128.285714285715,5995.4,102.079567471841,138.28571428571428,168.06666666666666,28.364968333696392,0.7168108458365644,0.7645423755318207,0.09492534156577068,0.02256671535535439,0.028072940177890318,0.004630676728344417,0.9288504306770266,1.3882214748833115,0.19203074366942743,1.4143838385582832,1.3590228006205902,0.17116037726564418,46.06377118772196,37.82256230328987,10.100782483017083,11.571428571428571,-35.06666666666667,28.3893004660619,0.829793866500535
2024-09-03,131.0,263.0,177.0,6272,112.0,0.6730038022813688,0.017857142857142856,0.8549618320610687,1.4858757062146892,35.66101694915254,56.0,False,-46.0,65.0,19.0,-20546.0,-31256.0,-51802.0,2024,9,2024-09,Tuesday,1,False,High Inflow (2023-2024),149.14285714285714,133.1,19.794179038533642,278.57142857142856,248.13333333333333,20.831523730931693,190.71428571428572,185.66666666666666,18.953577373099407,6167.857142857143,5996.866666666667,95.26179467031821,138.28571428571428,165.56666666666666,28.364968333696392,0.6852170198851021,0.76109864262541,0.05407380977212252,0.022448845021232417,0.02766732192545126,0.004754868292469444,0.9333407764336498,1.3680222859520135,0.1895084451200889,1.4668850327405565,1.3656141377204019,0.11102998436655974,46.41708751425257,38.57906854214905,10.442805105393854,10.857142857142858,-32.46666666666667,28.085753039743928,0.829793866500535
2024-09-04,121.0,231.0,219.0,6375,114.0,0.948051948051948,0.01788235294117647,0.9421487603305785,1.0547945205479452,25.315068493150683,55.921052631578945,False,-98.0,105.0,7.0,-20644.0,-31151.0,-51795.0,2024,9,2024-09,Wednesday,2,False,High Inflow (2023-2024),147.28571428571428,134.13333333333333,21.944735782675313,276.57142857142856,249.3,24.87205354648144,198.14285714285714,186.13333333333333,18.288690234026042,6217.428571428572,6007.433333333333,100.49520244412898,132.28571428571428,160.63333333333333,28.43539042411066,0.7232769191694911,0.7578364286489104,0.11289620724645599,0.02130643397585872,0.02682178046026829,0.004753984660881674,0.9016221558412164,1.3023902075926626,0.1608464357035371,1.4079891259240527,1.368904036372813,0.19126918519464725,48.88566279861733,39.67236571638235,10.34016632658382,15.0,-26.5,24.317346346451828,0.8230761885599932
2024-09-05,126.0,230.0,175.0,6448,121.0,0.7608695652173914,0.018765508684863524,0.9603174603174603,1.3142857142857143,31.542857142857144,53.289256198347104,False,-49.0,54.0,5.0,-20693.0,-31097.0,-51790.0,2024,9,2024-09,Thursday,3,False,High Inflow (2023-2024),139.28571428571428,134.93333333333334,16.78009024324465,265.57142857142856,250.66666666666666,26.165225923332958,193.85714285714286,186.8,19.861424683948538,6273.714285714285,6022.3,103.98191234651983,125.14285714285714,156.86666666666667,22.813947279600086,0.7365793652010124,0.7558618868192961,0.11072855379521757,0.019952108372436283,0.026147730605367424,0.0036756973121276704,0.9045874445207909,1.2579302013679505,0.16185061533634382,1.381806945734904,1.3720683988920144,0.18950025259899264,51.4407695738198,40.59368850134149,8.499386263828374,14.142857142857142,-21.933333333333334,24.586097503999113,0.8458067044050235
2024-09-08,123.0,255.0,164.0,6312,221.0,0.6431372549019608,0.03501267427122941,1.7967479674796747,1.5548780487804879,37.31707317073171,28.56108597285068,False,-41.0,-57.0,-98.0,-20734.0,-31154.0,-51888.0,2024,9,2024-09,Sunday,6,True,High Inflow (2023-2024),135.57142857142858,135.03333333333333,17.145039543622772,261.2857142857143,250.6,24.877796564502564,185.57142857142858,188.06666666666666,18.192096661802125,6296.571428571428,6033.866666666667,89.31938412771233,142.85714285714286,158.56666666666666,39.41839068010882,0.7171779204125706,0.7609573828646662,0.11391981362243092,0.022701457529890383,0.02636483371812453,0.006290992217314376,1.068264766816545,1.2705995780617172,0.34187938413815755,1.4205346978772901,1.3559082491952792,0.19378177990504195,46.46054179674545,40.376116857299266,10.325796615977433,-7.285714285714286,-23.533333333333335,43.88513144454197,0.7837428319909272
2024-09-09,144.0,275.0,190.0,6353,141.0,0.6909090909090909,0.022194238942232016,0.9791666666666666,1.4473684210526316,34.73684210526316,45.05673758865248,False,-46.0,49.0,3.0,-20780.0,-31105.0,-51885.0,2024,9,2024-09,Monday,0,False,High Inflow (2023-2024),131.85714285714286,135.26666666666668,9.599107101333258,259.85714285714283,250.7,23.54023910547369,187.28571428571428,188.86666666666667,17.923116225647423,6314.571428571428,6048.066666666667,85.58009336845798,143.85714285714286,157.36666666666667,39.24465386703038,0.726656161469759,0.7636445486400674,0.10750946969138771,0.02279789300428251,0.026109197107194934,0.006275002198110802,1.0955406771806906,1.2601727735199495,0.3229043250095038,1.398569672955435,1.3495353893347846,0.1779694411282964,46.25862584459133,40.76181225338052,10.339387781009052,-12.0,-22.1,40.06661120351082,0.7856675654245544
2024-09-10,131.0,251.0,180.0,6396,148.0,0.7171314741035857,0.023139462163852407,1.1297709923664123,1.3944444444444444,33.46666666666667,43.21621621621622,False,-49.0,32.0,-17.0,-20829.0,-31073.0,-51902.0,2024,9,2024-09,Tuesday,1,False,High Inflow (2023-2024),129.85714285714286,136.53333333333333,7.668736780561335,253.57142857142858,252.46666666666667,17.75628661307704,186.14285714285714,187.93333333333334,18.12391211841862,6335.428571428572,6062.8,85.00952327604743,140.85714285714286,155.83333333333334,37.77754435035482,0.7380623526855256,0.7525320960933519,0.10045155024018607,0.02224067331340429,0.025794407933102323,0.006002800134910779,1.090434070178848,1.2282977564196182,0.32189430759029974,1.3736118884231823,1.3642861015854968,0.16155402979765632,47.14919265823506,41.179328738938246,9.652900716549247,-11.0,-19.3,39.80368492154085,0.7885206678450231
2024-09-11,93.0,248.0,175.0,6410,162.0,0.7056451612903226,0.02527301092043682,1.7419354838709677,1.417142857142857,34.01142857142857,39.5679012345679,False,-82.0,13.0,-69.0,-20911.0,-31060.0,-51971.0,2024,9,2024-09,Wednesday,2,False,High Inflow (2023-2024),124.14285714285714,134.56666666666666,15.667679805133996,250.42857142857142,251.06666666666666,16.246611368294932,182.85714285714286,187.13333333333333,17.69584293394436,6366.571428571428,6085.033333333334,59.944021505800094,145.57142857142858,154.33333333333334,38.10886660983082,0.734106899536524,0.7531800382513051,0.10121106253811217,0.022874912968704784,0.025435378980267386,0.006063556474533424,1.2007213090132611,1.2409675357065453,0.39717426002311623,1.381255673209824,1.3629479824182318,0.16226761295517428,45.944607120316185,41.57346006833527,10.047104688681602,-21.428571428571427,-19.766666666666666,44.50414640928432,0.7925261031825748
2024-09-12,184.0,280.0,210.0,6360,220.0,0.75,0.03459119496855346,1.1956521739130435,1.3333333333333333,32.0,28.90909090909091,False,-26.0,-10.0,-36.0,-20937.0,-31070.0,-52007.0,2024,9,2024-09,Thursday,3,False,High Inflow (2023-2024),131.71428571428572,136.9,27.71109456345547,252.85714285714286,253.4,19.402994368813697,187.57142857142858,186.83333333333334,20.106857394572753,6379.142857142857,6103.066666666667,43.880248295541996,161.0,156.23333333333332,43.70354676682604,0.7451063563534712,0.7434181334894003,0.09758258116150982,0.02526549184176344,0.025654695950663286,0.006984381126108349,1.2493913578492577,1.2331617894568632,0.3675094152086405,1.3594639056553448,1.3754289565430418,0.15599770335183424,42.07447725018631,41.34711688186939,10.723171373932786,-29.285714285714285,-19.333333333333332,40.884855736218476,0.7865032264604193
2024-09-13,81.0,200.0,212.0,6326,279.0,1.06,0.0441036990199178,3.4444444444444446,0.9433962264150944,22.641509433962263,22.67383512544803,False,-131.0,-67.0,-198.0,-21068.0,-31137.0,-52205.0,2024,9,2024-09,Friday,4,False,High Inflow (2023-2024),126.0,135.43333333333334,33.75401210720506,248.42857142857142,253.3,27.195938072055537,186.57142857142858,186.96666666666667,18.383481197867606,6372.142857142857,6116.266666666666,48.333661739464944,184.57142857142858,162.46666666666667,56.69467095138522,0.761098935203193,0.744597115427003,0.1374256868566585,0.029011398424440775,0.026607674788145647,0.009081428623543773,1.606862169865524,1.3234432709383446,0.8793692238131097,1.343549863636366,1.3743434461414936,0.19344585076072998,37.324874749310474,39.954360661413304,10.92904862841598,-58.57142857142857,-27.033333333333335,72.08064266929797,0.7650118642299174
2024-09-15,98.0,220.0,167.0,6234,210.0,0.759090909090909,0.03368623676612127,2.142857142857143,1.3173652694610778,31.616766467065865,29.685714285714287,False,-69.0,-43.0,-112.0,-21137.0,-31180.0,-52317.0,2024,9,2024-09,Sunday,6,True,High Inflow (2023-2024),122.0,134.03333333333333,35.37419021452431,247.0,251.93333333333334,28.55404232912334,185.42857142857142,187.1,19.440997426890217,6341.571428571428,6125.3,58.88366254138409,197.28571428571428,164.33333333333334,49.59742696859263,0.7608448414708384,0.7490827766368021,0.137427825943323,0.031142931007477597,0.026869685128781687,0.007957238988960095,1.7757964102283361,1.3582051757002491,0.8474707957010473,1.3439898000899895,1.364881388661362,0.19337169337210844,33.95294019036292,39.65319183024448,8.569036530664144,-75.28571428571429,-30.3,68.35133328549442,0.7991056549401897
2024-09-16,113.0,209.0,160.0,6229,164.0,0.7655502392344498,0.026328463637823086,1.4513274336283186,1.30625,31.349999999999998,37.98170731707317,False,-47.0,-4.0,-51.0,-21184.0,-31184.0,-52368.0,2024,9,2024-09,Monday,0,False,High Inflow (2023-2024),120.57142857142857,130.23333333333332,35.52866046286756,240.42857142857142,248.96666666666667,31.54286576949572,184.85714285714286,185.36666666666667,20.219038647015218,6329.714285714285,6132.4,72.59181378484217,189.14285714285714,164.16666666666666,49.734054635393605,0.7783324106611941,0.7508874714121786,0.12737399221713291,0.029902329488419553,0.026810908739404164,0.007930284275979131,1.7264506196781422,1.3817663104188438,0.8560604142530324,1.3084715074070625,1.3615677094160787,0.16954609307151908,35.29874323953757,39.73266096961043,8.317159913008386,-68.57142857142857,-33.93333333333333,68.05599935067461,0.7918004956395213
2024-09-17,159.0,304.0,139.0,6227,160.0,0.45723684210526316,0.025694555965954713,1.0062893081761006,2.1870503597122304,52.489208633093526,38.91875,False,20.0,-21.0,-1.0,-21164.0,-31205.0,-52369.0,2024,9,2024-09,Tuesday,1,False,High Inflow (2023-2024),122.71428571428571,133.43333333333334,37.57088538444952,244.57142857142858,253.53333333333333,38.06948534306384,177.57142857142858,185.23333333333332,26.32398869761862,6311.714285714285,6141.866666666667,80.99118117778646,191.85714285714286,163.83333333333334,47.118391920172535,0.7449506608320757,0.7375857853106974,0.17559610005074264,0.030402374777522796,0.026713891217982146,0.007459633964401353,1.7303252827509186,1.3253621974109573,0.8521668962283573,1.4141403557870054,1.3955416491454142,0.3757043107123149,34.42188786973007,39.86465851863003,7.388671079912761,-69.14285714285714,-30.4,67.36821350218636,0.8028317335325607
2024-09-18,116.0,213.0,217.0,6245,149.0,1.0187793427230047,0.02385908726981585,1.2844827586206897,0.9815668202764977,23.557603686635943,41.91275167785235,False,-101.0,68.0,-33.0,-21265.0,-31137.0,-52402.0,2024,9,2024-09,Wednesday,2,False,High Inflow (2023-2024),120.57142857142857,131.56666666666666,37.447105552842515,239.14285714285714,252.0,39.67546921137673,182.85714285714286,187.86666666666667,30.30637211010519,6290.142857142857,6151.7,74.66241484493787,192.0,163.8,46.96452561952254,0.7880432134919928,0.7537844789741798,0.20257237609096557,0.030505178364089,0.02666885799252223,0.0073469672317894395,1.752426963644387,1.3391085219231198,0.8358450040428338,1.3551578380487272,1.3657001566812008,0.4101426067918566,34.23567864996381,39.939528019002886,7.142418759008042,-71.42857142857143,-32.233333333333334,65.55114324672267,0.8034665375634077
2024-09-19,93.0,196.0,169.0,6270,188.0,0.8622448979591837,0.029984051036682616,2.021505376344086,1.1597633136094674,27.83431952662722,33.351063829787236,False,-76.0,-19.0,-95.0,-21341.0,-31156.0,-52497.0,2024,9,2024-09,Thursday,3,False,High Inflow (2023-2024),120.57142857142857,129.23333333333332,37.447105552842515,231.71428571428572,249.1,42.50770238327189,182.0,186.83333333333334,30.64854537059312,6270.142857142857,6160.766666666666,52.73654195284414,195.71428571428572,165.3,45.19112850149036,0.8104146044446873,0.7589688495421949,0.20059349539548427,0.03117818409498126,0.026873617012851347,0.006995153150172222,1.7923655197119752,1.3772486806846915,0.841917328473922,1.3183893318296713,1.3571922671348498,0.41516566245251163,33.347559020709426,39.65309494852727,6.744300368106208,-75.14285714285714,-36.06666666666667,66.124701817673,0.8124113206479735
2024-09-22,124.0,234.0,161.0,5989,197.0,0.688034188034188,0.032893638336951074,1.5887096774193548,1.453416149068323,34.881987577639755,30.401015228426395,False,-37.0,-36.0,-73.0,-21378.0,-31192.0,-52570.0,2024,9,2024-09,Sunday,6,True,High Inflow (2023-2024),112.0,128.86666666666667,25.455844122716076,225.14285714285714,247.8,36.99742590788703,175.0,185.3,28.72281323268966,6217.142857142857,6159.133333333333,106.45097239485551,192.42857142857142,166.06666666666666,43.95018825464994,0.8015623455924283,0.7566285972019426,0.20502235928997123,0.03093567600475235,0.027009488649588187,0.006885679273954155,1.848516591641448,1.3872427069690403,0.8079074836474732,1.335544019791813,1.3616781194467888,0.4183547335768427,33.56069106632878,39.50975714196523,6.602747773860556,-80.42857142857143,-37.2,63.91623983218734,0.8140687923333342
2024-09-23,92.0,203.0,173.0,6002,165.0,0.8522167487684729,0.02749083638787071,1.7934782608695652,1.1734104046242775,28.161849710982658,36.375757575757575,False,-81.0,8.0,-73.0,-21459.0,-31184.0,-52643.0,2024,9,2024-09,Monday,0,False,High Inflow (2023-2024),113.57142857142857,127.96666666666667,23.486571644645487,225.57142857142858,246.9,36.673592419511436,169.42857142857142,183.96666666666667,23.69146923020366,6170.857142857143,6156.4,120.7137503510261,176.14285714285714,165.76666666666668,22.326580357867773,0.7718790239879245,0.7541662569435004,0.17407525055181125,0.028562409914459904,0.02697252967842779,0.0037309252805293037,1.6126642797021797,1.3982858198663732,0.40475225508402957,1.3684031881074106,1.3647980593818392,0.3905281554845996,35.51810855923015,39.55676515311118,4.548960567641193,-62.57142857142857,-37.8,37.6645595702249,0.8875062042850491
2024-09-24,186.0,259.0,172.0,6023,143.0,0.6640926640926641,0.023742321102440643,0.7688172043010753,1.505813953488372,36.13953488372093,42.11888111888112,False,14.0,29.0,43.0,-21445.0,-31155.0,-52600.0,2024,9,2024-09,Tuesday,1,False,High Inflow (2023-2024),126.14285714285714,131.0,34.65750794767086,231.14285714285714,248.5,38.598050777333064,170.14285714285714,185.03333333333333,23.681417267754398,6140.714285714285,6160.7,128.41691774024483,166.57142857142858,162.23333333333332,19.586195332917338,0.7583078461310324,0.7541857754464313,0.17887532089230132,0.027141850533934097,0.026355728641089173,0.003325972353265118,1.4163728599084557,1.336544638957111,0.43669354092310075,1.3953244286827382,1.3647537625933566,0.3929115715402239,37.29427524968255,40.17170509937643,4.313317596164995,-40.42857142857143,-31.233333333333334,47.92653107572411,0.8947870362645938
2024-09-25,154.0,225.0,220.0,6050,169.0,0.9777777777777777,0.02793388429752066,1.0974025974025974,1.0227272727272727,24.545454545454547,35.798816568047336,False,-66.0,51.0,-15.0,-21511.0,-31104.0,-52615.0,2024,9,2024-09,Wednesday,2,False,High Inflow (2023-2024),132.0,132.5,35.5199474474087,233.42857142857142,248.7,37.527133041117985,178.71428571428572,187.2,29.533677306391542,6115.142857142857,6165.6,125.69994506950272,167.28571428571428,162.93333333333334,19.56795241983449,0.7886260659229363,0.763186282803103,0.19734002805042455,0.027371196342462323,0.026451124874689404,0.0033158728189516275,1.365812169019067,1.3278647866992768,0.45218598938938986,1.3548211819294915,1.3517478974907173,0.4174701215055826,36.98243371410744,40.0354944804735,4.334192926223436,-35.285714285714285,-30.433333333333334,48.530795328719485,0.895276593899169
2024-09-26,91.0,199.0,172.0,6090,185.0,0.864321608040201,0.030377668308702793,2.032967032967033,1.1569767441860466,27.76744186046512,32.91891891891892,False,-81.0,-13.0,-94.0,-21592.0,-31117.0,-52709.0,2024,9,2024-09,Thursday,3,False,High Inflow (2023-2024),122.28571428571429,130.13333333333333,36.19721115276851,218.42857142857142,247.36666666666667,22.65580972478782,183.42857142857142,186.63333333333333,24.3095121496165,6095.571428571428,6169.233333333334,115.64436453030764,170.85714285714286,165.0,20.284875904878785,0.8467810324850704,0.7656371704351265,0.13285049021908096,0.028040212391426338,0.026778209722007864,0.003392755731555789,1.5124804154177716,1.370321712489536,0.48167951266192655,1.2076678082828938,1.3481621134785766,0.20026899562978492,36.125314988238706,39.51192456909871,4.478311327766504,-48.57142857142857,-34.86666666666667,50.27874681167332,0.8938753705948134
2024-09-29,81.0,213.0,153.0,5925,177.0,0.7183098591549296,0.029873417721518986,2.185185185185185,1.392156862745098,33.41176470588235,33.47457627118644,False,-72.0,-24.0,-96.0,-21664.0,-31141.0,-52805.0,2024,9,2024-09,Sunday,6,True,High Inflow (2023-2024),117.28571428571429,129.2,39.47874654255685,218.42857142857142,246.93333333333334,22.65580972478782,174.28571428571428,185.36666666666667,21.445390225051487,6049.857142857143,6167.166666666667,109.83233975993637,174.85714285714286,164.96666666666667,17.873896902363743,0.8038568205467739,0.7614097409615296,0.1154119609393182,0.02889940245595535,0.026782954178879607,0.002880281532965384,1.641152190641271,1.3887269678978496,0.5286373541313689,1.266323528635551,1.3551258064601324,0.18233537021636906,34.919861358715,39.50658272944913,3.734786857588196,-57.57142857142857,-35.766666666666666,52.61133319877336,0.9072598948012364
2024-09-30,209.0,285.0,184.0,5967,138.0,0.6456140350877193,0.023127199597787834,0.6602870813397129,1.548913043478261,37.173913043478265,43.23913043478261,False,25.0,46.0,71.0,-21639.0,-31095.0,-52734.0,2024,9,2024-09,Monday,0,False,High Inflow (2023-2024),133.85714285714286,132.03333333333333,50.41636166771192,231.14285714285714,248.4,31.296584326029073,176.42857142857142,186.3,21.578207701730456,6006.571428571428,6169.566666666667,54.261272693188836,167.71428571428572,162.23333333333332,21.39091930169372,0.7729095544222789,0.7613534453123099,0.12572920833350054,0.027919852250398954,0.026309868748452467,0.0035402769032608313,1.4466924342120746,1.351596752329603,0.6095723024896842,1.3219163471882358,1.3552605147470145,0.20262648212160084,36.33244230228577,40.05470525909338,4.769228013140621,-33.857142857142854,-30.2,68.06964220910932,0.8868834979984491
2024-10-01,184.0,314.0,217.0,6040,137.0,0.6910828025477707,0.022682119205298012,0.7445652173913043,1.4470046082949308,34.72811059907834,44.08759124087591,False,-33.0,80.0,47.0,-21672.0,-31015.0,-52687.0,2024,10,2024-10,Tuesday,1,False,High Inflow (2023-2024),142.42857142857142,135.3,53.46917224861804,242.57142857142858,250.73333333333332,44.38414560349701,184.42857142857142,185.7,25.012377888138086,6013.857142857143,6176.866666666667,54.92852498603809,159.14285714285714,160.86666666666667,19.650517986633574,0.773345070781362,0.7522857135939567,0.1253910315442185,0.026461063803019946,0.026046641444404127,0.0032403759192437764,1.3261003684937818,1.3074233448472978,0.6583422310126528,1.321000412792037,1.3688840726121645,0.20194634195057856,38.28766744692142,40.43421672742222,4.737674982021728,-16.714285714285715,-25.566666666666666,71.58844014158097,0.8900937018924683
2024-10-02,107.0,215.0,230.0,6091,173.0,1.069767441860465,0.028402561155803644,1.6168224299065421,0.9347826086956522,22.434782608695652,35.20809248554913,False,-123.0,57.0,-66.0,-21795.0,-30958.0,-52753.0,2024,10,2024-10,Wednesday,2,False,High Inflow (2023-2024),144.57142857142858,133.0,51.37073467405722,244.28571428571428,249.43333333333334,42.80465039266335,192.57142857142858,187.96666666666667,29.540126059633174,6026.571428571428,6184.4,61.61941561676363,160.28571428571428,161.36666666666667,20.270785922230868,0.8044237412230754,0.7666847858029541,0.16793935360868711,0.02659131019843894,0.02609541110157258,0.003306318398607131,1.3008638212133499,1.3313931834199404,0.6405864498369568,1.2869107276593763,1.3477801184164229,0.24628593999194207,38.12085814832021,40.37047803812195,4.835752106346471,-15.714285714285714,-28.366666666666667,70.71471861339327,0.8877316191946277
2024-10-03,101.0,162.0,178.0,6118,193.0,1.0987654320987654,0.03154625694671461,1.9108910891089108,0.9101123595505618,21.842696629213485,31.699481865284973,False,-77.0,-15.0,-92.0,-21872.0,-30973.0,-52845.0,2024,10,2024-10,Thursday,3,False,High Inflow (2023-2024),132.42857142857142,131.83333333333334,49.97284977150816,230.42857142857142,245.7,51.96748067415916,193.42857142857142,185.73333333333332,28.924367713383447,6040.142857142857,6188.5,70.52051373282846,167.42857142857142,164.06666666666666,21.90781552214929,0.8665198509382327,0.7735049474081926,0.18671479624894183,0.027706158176192357,0.026524211826596512,0.0034958309558776072,1.464017233328755,1.3676385726647473,0.627804695228052,1.2018104999539747,1.3408382855034826,0.2605457835866967,36.63237254066361,39.64290124315526,5.000795777840337,-35.0,-32.233333333333334,70.44146506142505,0.8842915729249058
2024-10-07,99.0,190.0,176.0,5968,153.0,0.9263157894736842,0.025636729222520107,1.5454545454545454,1.0795454545454546,25.90909090909091,39.00653594771242,False,-77.0,23.0,-54.0,-21949.0,-30950.0,-52899.0,2024,10,2024-10,Monday,0,False,High Inflow (2023-2024),124.57142857142857,130.66666666666666,50.33837880735128,225.42857142857142,243.86666666666667,54.21210548348446,187.14285714285714,186.03333333333333,26.897512719137463,6028.428571428572,6186.5,75.26144905783309,165.14285714285714,163.96666666666667,22.542024246793005,0.8591681383233623,0.7816610519552747,0.18257116651770047,0.027377993165478,0.02651612845872077,0.0035777515173777887,1.5280246544790332,1.380347754030645,0.6066821665003244,1.209927383070858,1.3279209383795485,0.25485989111108337,37.09061816633006,39.655084920044814,5.058320923979007,-40.57142857142857,-33.3,70.13761982193066,0.8798942989979368
2024-10-08,167.0,239.0,166.0,6013,123.0,0.694560669456067,0.02045567936138367,0.7365269461077845,1.4397590361445782,34.554216867469876,48.886178861788615,False,1.0,43.0,44.0,-21948.0,-30907.0,-52855.0,2024,10,2024-10,Tuesday,1,False,High Inflow (2023-2024),135.42857142857142,130.16666666666666,50.08611631599175,231.14285714285714,241.6,53.057919834299135,186.28571428571428,184.73333333333332,27.548226111761405,6017.428571428572,6185.133333333333,70.22074039022502,156.28571428571428,162.36666666666667,25.43432251712077,0.8349165756684859,0.7825546595039188,0.19276301407866722,0.025960566173003834,0.026256458173806205,0.004116198043605845,1.342818927784855,1.3735799709155565,0.6244695342527069,1.2503248533506481,1.3259942070640425,0.2671817464898387,39.37165530102573,40.104507256373445,6.309119432220787,-20.857142857142858,-32.2,71.98710201933969,0.8600356737506232
2024-10-09,115.0,216.0,169.0,6047,137.0,0.7824074074074074,0.022655862411112948,1.191304347826087,1.2781065088757397,30.674556213017752,44.13868613138686,False,-54.0,32.0,-22.0,-22002.0,-30875.0,-52877.0,2024,10,2024-10,Wednesday,2,False,High Inflow (2023-2024),140.28571428571428,129.03333333333333,45.35311193187042,231.57142857142858,239.3,52.8988252637596,188.57142857142858,182.96666666666667,24.858648011353154,6034.857142857143,6181.633333333333,57.432361874428665,150.57142857142858,163.7,24.480312789788336,0.8440733682759828,0.7826699941367973,0.18775810503568827,0.024929486842945832,0.026486079248541614,0.0038692657706627708,1.2008359510192697,1.391589892129446,0.5020017914565784,1.2340319456550255,1.3258049645671077,0.26048474157192775,40.89509956676864,39.46170744700729,5.92357989870181,-10.285714285714286,-34.666666666666664,64.1163377143823,0.8601538459461906
2024-10-10,84.0,158.0,193.0,6075,159.0,1.2215189873417722,0.02617283950617284,1.8928571428571428,0.8186528497409327,19.647668393782382,38.20754716981132,False,-109.0,34.0,-75.0,-22111.0,-30841.0,-52952.0,2024,10,2024-10,Thursday,3,False,High Inflow (2023-2024),122.42857142857143,126.16666666666667,37.76178466323319,213.42857142857142,235.06666666666666,53.297458172216146,189.85714285714286,183.46666666666667,24.81550974309202,6050.285714285715,6176.566666666667,50.21856989106743,153.57142857142858,164.53333333333333,23.964259101542687,0.926345504312276,0.8025685802645639,0.21103585551834644,0.02536457825842941,0.026641200878031138,0.0038035040943941324,1.3769173883789025,1.4284106204207627,0.49694103156479663,1.1297090608354072,1.2997226063749516,0.2595896251866257,40.176301957487034,39.1862873775433,5.89695627777939,-31.142857142857142,-38.36666666666667,56.569805171511966,0.8650172288419784
2024-10-13,130.0,227.0,192.0,5889,210.0,0.8458149779735683,0.03565970453387672,1.6153846153846154,1.1822916666666667,28.375,28.042857142857144,False,-62.0,-18.0,-80.0,-22173.0,-30859.0,-53032.0,2024,10,2024-10,Sunday,6,True,High Inflow (2023-2024),114.71428571428571,125.66666666666667,27.09682813980469,201.0,232.8,31.706991868252544,186.28571428571428,183.6,21.88389275025659,6028.714285714285,6164.533333333334,79.35303876918557,164.0,165.9,30.534133905082033,0.9484501008016757,0.8095194750105754,0.1892675039969016,0.027218519019654934,0.026928524362493697,0.005188677166182519,1.5013201595208039,1.4434061995542729,0.41440063888397466,1.0918929263170838,1.2868273640581667,0.22226061535061664,37.884197086341494,38.8883076649482,7.115600772027407,-49.285714285714285,-40.233333333333334,46.86403840086836,0.8430397108613321
2024-10-14,88.0,214.0,160.0,5935,106.0,0.7476635514018691,0.017860151642796966,1.2045454545454546,1.3375,32.099999999999994,55.990566037735846,False,-72.0,54.0,-18.0,-22245.0,-30805.0,-53050.0,2024,10,2024-10,Monday,0,False,High Inflow (2023-2024),112.0,124.16666666666667,28.890598240027565,200.85714285714286,230.93333333333334,31.635573707609975,176.28571428571428,182.33333333333334,12.605743211121382,6006.428571428572,6155.966666666666,80.83699058981587,154.42857142857142,165.13333333333333,37.04887376991646,0.9024352593075905,0.8099971489461933,0.1939539937414405,0.025712460517796836,0.026829418306142484,0.00621602529907058,1.4424234487549346,1.4512268876381187,0.4244251073158364,1.1494239822177048,1.2859561519369545,0.22688804610971447,40.85312187951103,39.15465986620607,9.684765578460684,-42.42857142857143,-40.96666666666667,47.517916420570764,0.8065105071173728
2024-10-15,113.0,208.0,159.0,6013,107.0,0.7644230769230769,0.017794777981041076,0.9469026548672567,1.3081761006289307,31.39622641509434,56.19626168224299,False,-46.0,52.0,6.0,-22291.0,-30753.0,-53044.0,2024,10,2024-10,Tuesday,1,False,High Inflow (2023-2024),113.71428571428571,123.56666666666666,28.48224175232897,207.42857142857142,229.1,26.594843753739273,173.57142857142858,181.73333333333332,14.128660503353405,5991.428571428572,6147.333333333333,64.8430339174368,142.14285714285714,164.96666666666667,36.37961229145192,0.8546720657110635,0.813044458100917,0.17806435036716203,0.02374796352270062,0.02682733947693909,0.006237996473023353,1.304710815291841,1.4542915817316586,0.4029362173531577,1.206290230943186,1.2800328317507628,0.20581743668140118,44.35266185336217,39.16120192228083,10.236075575747488,-28.428571428571427,-41.4,44.839926935924105,0.7962183001012176
2024-10-16,174.0,285.0,150.0,6036,129.0,0.5263157894736842,0.021371769383697812,0.7413793103448276,1.9,45.599999999999994,46.7906976744186,False,24.0,21.0,45.0,-22267.0,-30732.0,-52999.0,2024,10,2024-10,Wednesday,2,False,High Inflow (2023-2024),124.42857142857143,125.33333333333333,35.3122129149731,221.0,230.9,38.00877091760188,169.85714285714286,179.43333333333334,16.587430697453666,6001.142857142857,6136.033333333334,65.83420734801736,138.71428571428572,165.46666666666667,36.316728403105564,0.7975292085682064,0.7989865861483081,0.21215927796620035,0.023138683545726006,0.026943653358356467,0.006231050046203179,1.1898429245618813,1.4475992667321333,0.4361131325197612,1.3234980231509783,1.3082063477324977,0.3222758246476109,45.46468495717734,38.85685675704215,9.978061334215932,-14.285714285714286,-40.13333333333333,50.66463028489129,0.7925126093439169
2024-10-17,104.0,230.0,206.0,6076,160.0,0.8956521739130435,0.026333113890717578,1.5384615384615385,1.116504854368932,26.796116504854368,37.975,False,-102.0,46.0,-56.0,-22369.0,-30686.0,-53055.0,2024,10,2024-10,Thursday,3,False,High Inflow (2023-2024),115.42857142857143,124.6,30.330716789294588,219.71428571428572,230.9,37.44646972997814,175.57142857142858,180.46666666666667,21.267009998720678,6010.142857142857,6123.633333333333,71.76449579800449,144.0,166.76666666666668,36.34097778908589,0.8262565663477746,0.8034793397714967,0.20949070148379922,0.023978317049916563,0.02719590686521827,0.006205197967511077,1.304405009183846,1.4668707360036028,0.40111017795243464,1.277318854325886,1.3016136524019386,0.325978573493281,43.90594511977896,38.346381550430586,10.204176587635386,-28.571428571428573,-42.166666666666664,45.30583900138052,0.7984874084935497
2024-10-20,147.0,276.0,214.0,5918,195.0,0.7753623188405797,0.03295032105441027,1.3265306122448979,1.2897196261682242,30.95327102803738,30.348717948717947,False,-67.0,19.0,-48.0,-22436.0,-30667.0,-53103.0,2024,10,2024-10,Sunday,6,True,High Inflow (2023-2024),120.0,125.4,32.583226768794404,228.28571428571428,231.6,42.921301182957606,182.0,182.13333333333333,25.357444666211354,5991.714285714285,6110.5,77.08807578718152,152.28571428571428,165.9,40.81549659020359,0.8252501251239419,0.8078868419027838,0.20975323170773497,0.02544895399895904,0.027127161757990965,0.007007560788531171,1.323723046957962,1.4511968241624436,0.3979995238207704,1.278977871081955,1.2927750383148628,0.32601280001627336,41.93594966511198,38.40596928295949,11.411466342669604,-32.285714285714285,-40.5,45.74098922452444,0.7886315864874062
2024-10-21,108.0,220.0,213.0,5966,154.0,0.9681818181818181,0.025812939993295342,1.4259259259259258,1.0328638497652582,24.7887323943662,38.74025974025974,False,-105.0,59.0,-46.0,-22541.0,-30608.0,-53149.0,2024,10,2024-10,Monday,0,False,High Inflow (2023-2024),123.42857142857143,124.2,29.256663872567447,237.14285714285714,229.76666666666668,30.639998756683635,184.85714285714286,182.9,27.811439920941908,5976.142857142857,6097.6,67.92502869935514,151.57142857142858,166.33333333333334,40.72205439667643,0.7890591009582343,0.8171292661452081,0.14036288408791786,0.025397539782833684,0.027247785126359746,0.007002683067402783,1.2570185873963595,1.4660887994710852,0.31775439693938806,1.3095794425140015,1.2789582192719504,0.2827908142202146,42.012051460890326,38.1954200213464,11.384201722012838,-28.142857142857142,-42.13333333333333,42.420233267582994,0.7882296697312886
2024-10-22,180.0,280.0,146.0,6043,109.0,0.5214285714285715,0.018037398643058082,0.6055555555555555,1.917808219178082,46.02739726027397,55.440366972477065,False,34.0,37.0,71.0,-22507.0,-30571.0,-53078.0,2024,10,2024-10,Tuesday,1,False,High Inflow (2023-2024),130.57142857142858,125.83333333333333,36.36782984478256,244.71428571428572,230.73333333333332,34.07205250501946,178.28571428571428,181.76666666666668,31.08437059420805,5998.142857142857,6085.833333333333,59.40097802625001,137.14285714285714,165.03333333333333,33.88917512239512,0.7427181857375205,0.810605836056041,0.16910694011628832,0.022880067512716734,0.027077716342333268,0.005755018196599512,1.1127572931350653,1.4486149515773903,0.35498961612311386,1.4146532357299182,1.2964036784297384,0.35503061379282125,45.925981436550316,38.602891713221766,10.452668125794833,-6.571428571428571,-39.2,49.46331011587283,0.8018548065321666
2024-10-23,134.0,294.0,186.0,6077,138.0,0.6326530612244898,0.022708573309198617,1.0298507462686568,1.5806451612903225,37.935483870967744,44.03623188405797,False,-52.0,48.0,-4.0,-22559.0,-30523.0,-53082.0,2024,10,2024-10,Wednesday,2,False,High Inflow (2023-2024),137.14285714285714,127.2,31.179205524561777,256.14285714285717,232.26666666666668,35.44210570977524,182.0,182.13333333333333,30.072135496723607,6018.428571428572,6074.733333333334,58.48320882342806,141.71428571428572,164.23333333333332,31.02533526928594,0.7262881157121805,0.8081727660538466,0.17406090301874955,0.02357269917934554,0.026992235088625326,0.005325928576323544,1.0878009062383798,1.4248787936573133,0.35359921887665136,1.4493882587713927,1.3018537552346539,0.3581050742376358,44.21821941459633,38.75183606820476,9.464052673136111,-4.571428571428571,-37.03333333333333,49.206561699489576,0.8203924780393227
2024-10-27,202.0,313.0,158.0,5974,192.0,0.5047923322683706,0.03213927017073987,0.9504950495049505,1.981012658227848,47.54430379746835,31.114583333333332,False,44.0,-34.0,10.0,-22515.0,-30557.0,-53072.0,2024,10,2024-10,Sunday,6,True,High Inflow (2023-2024),149.85714285714286,127.8,37.24884146488574,271.14285714285717,233.36666666666667,33.854731680266816,181.85714285714286,180.4,30.201702884818065,6012.857142857143,6061.866666666667,60.89452239029225,153.85714285714286,163.3,31.79847255990473,0.6891980093329367,0.799999177129459,0.1913807560146701,0.02562191234930251,0.02691050426203154,0.0054893826924634955,1.088314105472336,1.4167068895103765,0.35336317082683094,1.5455077669998096,1.323443066064471,0.40154833138410023,40.63512250760924,38.825352482346176,8.90478762492394,-4.0,-35.5,49.37273201542149,0.8287233462425888
2024-10-28,110.0,272.0,193.0,6008,156.0,0.7095588235294118,0.02596537949400799,1.4181818181818182,1.4093264248704662,33.82383419689119,38.51282051282051,False,-83.0,37.0,-46.0,-22598.0,-30520.0,-53118.0,2024,10,2024-10,Monday,0,False,High Inflow (2023-2024),140.71428571428572,128.76666666666668,38.17815381303073,269.2857142857143,235.76666666666668,33.320235521948256,188.0,179.76666666666668,26.826603710992504,6008.857142857143,6051.266666666666,60.034513882780644,157.71428571428572,159.2,29.859193367731518,0.7153755856266122,0.7883178045804392,0.17741037612489835,0.026278142365061107,0.02630589361116788,0.005161390698933805,1.1850001780204775,1.3491648019682891,0.3347149937945412,1.4754115419813048,1.3389740726796502,0.37101945680739035,39.452568627380934,39.353318661925265,8.491127528537596,-17.0,-30.433333333333334,46.1988455844223,0.8408133521121317
2024-10-29,166.0,277.0,229.0,6106,126.0,0.8267148014440433,0.020635440550278415,0.7590361445783133,1.2096069868995634,29.03056768558952,48.46031746031746,False,-63.0,103.0,40.0,-22661.0,-30417.0,-53078.0,2024,10,2024-10,Tuesday,1,False,High Inflow (2023-2024),149.57142857142858,131.03333333333333,35.3263694844571,276.0,237.66666666666666,28.466354408904046,191.28571428571428,181.83333333333334,30.54894589405771,6013.142857142857,6047.0,66.36371642050946,152.85714285714286,156.4,32.106222509190985,0.7055273895596121,0.7905719343255437,0.16736413060295302,0.025464189030712656,0.025870867070639784,0.005583295701923163,1.073653693180017,1.3030374353589949,0.3270904332348226,1.4887118466285378,1.3353821299275994,0.357428871325298,40.950471121712,39.97913876774536,9.090707957820822,-3.2857142857142856,-25.366666666666667,46.93511224983617,0.8264184778126079
2024-10-30,136.0,276.0,178.0,6149,160.0,0.644927536231884,0.026020491136770206,1.1764705882352942,1.550561797752809,37.21348314606742,38.43125,False,-42.0,18.0,-24.0,-22703.0,-30399.0,-53102.0,2024,10,2024-10,Wednesday,2,False,High Inflow (2023-2024),148.0,131.8,35.702474237322384,276.0,239.9,28.466354408904046,186.14285714285714,182.43333333333334,29.08280460700952,6046.142857142857,6044.333333333333,68.56488063974128,147.85714285714286,156.26666666666668,26.723451445182377,0.6868938491869414,0.7865511775587916,0.16554429234237109,0.024474213328192645,0.02586060132060469,0.004554230295132109,1.0522165468929305,1.2938755405125606,0.3123397263955249,1.5259750139977641,1.34352585651936,0.3466602793069169,42.105118557609444,39.99412352384293,7.963067424645899,0.14285714285714285,-24.466666666666665,43.90303167750662,0.8469277095087397
2024-10-31,87.0,246.0,173.0,6148,177.0,0.7032520325203252,0.028789850357839947,2.0344827586206895,1.4219653179190752,34.127167630057805,34.73446327683616,False,-86.0,-4.0,-90.0,-22789.0,-30403.0,-53192.0,2024,10,2024-10,Thursday,3,False,High Inflow (2023-2024),145.0,129.4,40.220227083728275,279.7142857142857,237.96666666666667,20.53220466904177,180.42857142857142,183.56666666666666,26.763514610112118,6072.142857142857,6041.7,67.61022745962404,151.14285714285714,156.83333333333334,28.927660185533213,0.6490467369495851,0.7947516839059603,0.11221060384427048,0.024899486237413306,0.0259637778003342,0.0048306765579157725,1.139153237277897,1.3281486555273803,0.47567827395697504,1.5815609380197382,1.3180230217929214,0.2790074453716555,41.5328619199775,39.85464729973747,8.378291369653263,-6.142857142857143,-27.433333333333334,53.67317322284462,0.8393537120083988
2024-11-03,84.0,171.0,157.0,5990,184.0,0.9181286549707602,0.030717863105175294,2.1904761904761907,1.089171974522293,26.14012738853503,32.55434782608695,False,-73.0,-27.0,-100.0,-22862.0,-30430.0,-53292.0,2024,11,2024-11,Sunday,6,True,High Inflow (2023-2024),131.28571428571428,128.33333333333334,42.59387391677476,264.14285714285717,236.56666666666666,45.91814663590209,182.0,181.56666666666666,24.64413385236543,6064.571428571428,6033.2,74.07621557750451,161.85714285714286,158.0,24.224151663364246,0.7057181774556122,0.7913966609808855,0.1348977606327496,0.026710981160572907,0.02619240366151284,0.004159472768461886,1.3655704708379874,1.3583484365892304,0.550654011501961,1.4631843316403397,1.3216098602677813,0.28820260181548635,38.26343061335034,39.54270050467862,6.23892817606319,-30.571428571428573,-29.666666666666668,51.58441994393605,0.8698195230972309
2024-11-04,167.0,209.0,157.0,6007,132.0,0.7511961722488039,0.021974363242883304,0.7904191616766467,1.3312101910828025,31.94904458598726,45.50757575757576,False,10.0,25.0,35.0,-22852.0,-30405.0,-53257.0,2024,11,2024-11,Monday,0,False,High Inflow (2023-2024),136.0,130.8,44.71763261473794,252.0,237.0,47.90267911783955,177.85714285714286,181.16666666666666,26.24518096355014,6054.571428571428,6024.433333333333,76.79378695106057,161.0,156.13333333333333,25.291632344845134,0.7226529076019428,0.7876950367905395,0.1315970340009117,0.026606094008242147,0.025925414068386204,0.004284595542090741,1.3313659587534148,1.317312229433649,0.5815526196793808,1.427550764467837,1.327324756183559,0.2866752831070585,38.47362259528146,39.94791756893824,6.485734196309816,-25.0,-25.333333333333332,56.777342898964825,0.8642363479964161
2024-11-05,109.0,245.0,159.0,6045,126.0,0.6489795918367347,0.020843672456575684,1.1559633027522935,1.5408805031446542,36.9811320754717,47.976190476190474,False,-50.0,33.0,-17.0,-22902.0,-30372.0,-53274.0,2024,11,2024-11,Tuesday,1,False,High Inflow (2023-2024),122.71428571428571,130.3,34.485331595304544,242.28571428571428,237.36666666666667,39.655660738051985,178.0,181.1,26.121510931286196,6064.714285714285,6026.3,68.63360276548681,151.57142857142858,153.76666666666668,24.08220050062992,0.7432510875402805,0.786393216917291,0.09908010917163851,0.024992437191932976,0.025523748539040356,0.003968811728211854,1.3607185663601782,1.3028873502780804,0.5640468523599468,1.364674742313095,1.3302402346527702,0.16928580879545427,40.88242361568962,40.533756743863705,6.428006033134094,-28.857142857142858,-23.466666666666665,54.88906561246501,0.8628994992710872
2024-11-06,156.0,256.0,176.0,6086,137.0,0.6875,0.022510680249753532,0.8782051282051282,1.4545454545454546,34.90909090909091,44.42335766423358,False,-20.0,39.0,19.0,-22922.0,-30333.0,-53255.0,2024,11,2024-11,Wednesday,2,False,High Inflow (2023-2024),129.28571428571428,132.43333333333334,36.00793563329394,240.0,239.13333333333333,38.08761828556256,175.57142857142858,181.2,25.270913074501653,6075.857142857143,6029.1,64.0713887561531,148.85714285714286,152.83333333333334,24.565752389787537,0.7400998270360787,0.7809026586250086,0.10066835832671171,0.024498908728468057,0.02535774333443645,0.0040417881272008386,1.283579039220651,1.2723782458559325,0.5911509615574947,1.3711346036952359,1.3396114029834763,0.1721128379172602,41.72678606589148,40.80201008014624,6.4530112972147196,-19.571428571428573,-20.4,56.964483504657046,0.8583476976623573
2024-11-07,125.0,232.0,192.0,6084,177.0,0.8275862068965517,0.029092702169625246,1.416,1.2083333333333333,29.0,34.3728813559322,False,-67.0,15.0,-52.0,-22989.0,-30318.0,-53307.0,2024,11,2024-11,Thursday,3,False,High Inflow (2023-2024),123.42857142857143,130.4,32.17067579259713,233.57142857142858,238.23333333333332,34.423137290962366,170.28571428571428,181.86666666666667,13.237752650584856,6072.714285714285,6031.133333333333,62.87478107506482,156.14285714285714,153.96666666666667,24.217270500127484,0.7402243135292943,0.7863524433851382,0.10079377841279112,0.025707088959803316,0.025536089370009268,0.0039575868722303564,1.377431018566606,1.2939510057125634,0.544286912765377,1.3709526531857745,1.3296953823116413,0.17231261549745513,39.71429519383645,40.54381008804794,6.1945777591453774,-32.714285714285715,-23.566666666666666,51.25659074926913,0.8657282470543347
2024-11-11,118.0,139.0,168.0,5963,145.0,1.20863309352518,0.024316619151433842,1.228813559322034,0.8273809523809523,19.857142857142854,41.12413793103448,False,-50.0,23.0,-27.0,-23039.0,-30295.0,-53334.0,2024,11,2024-11,Monday,0,False,High Inflow (2023-2024),120.85714285714286,129.2,31.71450021377508,214.0,235.36666666666667,43.91658760271294,168.85714285714286,180.13333333333333,12.798809468442565,6046.142857142857,6028.233333333334,64.54308269527122,154.0,153.16666666666666,24.481285369307916,0.820753678856908,0.7940476205767183,0.19403039850061526,0.025463678676183838,0.025415513865139707,0.003987384449898572,1.3849085858647119,1.2983313711098778,0.5414179095964091,1.267641103846938,1.3231838383000973,0.24720020235754062,40.09899346969852,40.72132080014752,6.185227884708264,-33.142857142857146,-23.966666666666665,51.18407490430486,0.8628355610581131
2024-11-12,142.0,235.0,139.0,5975,138.0,0.5914893617021276,0.02309623430962343,0.971830985915493,1.6906474820143884,40.57553956834532,43.29710144927536,False,3.0,1.0,4.0,-23036.0,-30294.0,-53330.0,2024,11,2024-11,Tuesday,1,False,High Inflow (2023-2024),128.71428571428572,130.9,28.587376501492866,212.42857142857142,236.56666666666666,42.762355496618085,164.0,179.03333333333333,16.792855623745822,6021.428571428572,6024.4,50.671678950060716,148.42857142857142,151.6,22.751242770873194,0.8047875830257369,0.7849532123654491,0.2093075289177206,0.024650304955010048,0.02517279939850373,0.003770626508698344,1.2331011897639694,1.2629601695414931,0.47366799485195926,1.3060242701462683,1.3409728628943753,0.2919626691345089,41.32222749433269,41.06726021782606,5.780972582826909,-19.714285714285715,-20.7,45.83199132234375,0.8670915558748923
2024-11-13,148.0,245.0,175.0,5966,151.0,0.7142857142857143,0.02531009051290647,1.0202702702702702,1.4,33.599999999999994,39.50993377483444,False,-27.0,24.0,-3.0,-23063.0,-30270.0,-53333.0,2024,11,2024-11,Wednesday,2,False,High Inflow (2023-2024),137.85714285714286,133.13333333333333,21.17725644355748,223.0,237.63333333333333,39.862262855990494,166.57142857142858,179.76666666666668,16.919979736562507,6018.0,6025.766666666666,53.86402633792145,143.71428571428572,150.73333333333332,16.79001971127279,0.7756671629278732,0.784819074203142,0.20504724966005244,0.02387776601325736,0.02502068849154998,0.0027309365234199083,1.065928915448838,1.224129672377663,0.21574380612523142,1.3504282737859408,1.341234300802872,0.27672420443418894,42.31588262986804,41.26843880128099,4.472417410652471,-5.857142857142857,-17.6,29.134335822350327,0.895392091403679
2024-11-14,119.0,219.0,210.0,6025,172.0,0.958904109589041,0.028547717842323652,1.4453781512605042,1.042857142857143,25.028571428571432,35.02906976744186,False,-91.0,38.0,-53.0,-23154.0,-30232.0,-53386.0,2024,11,2024-11,Thursday,3,False,High Inflow (2023-2024),131.0,130.13333333333333,17.644640357155016,224.42857142857142,235.43333333333334,39.454011806394604,174.14285714285714,180.63333333333333,22.770072254522198,6020.571428571428,6027.7,53.680713926120816,149.42857142857142,151.86666666666667,18.82247896229069,0.8053397254050498,0.7952620766865194,0.21566948866574767,0.024816816670320267,0.025201372433034504,0.003075735163976074,1.1594944853893892,1.2502993747083557,0.2183524773826143,1.309234981182275,1.3243657707821683,0.30050240329258765,40.818953202706055,40.994770112369636,4.9537907651932285,-18.428571428571427,-21.733333333333334,27.506709138299545,0.8881286094882356
2024-11-17,105.0,210.0,149.0,5816,195.0,0.7095238095238096,0.03352819807427786,1.8571428571428572,1.4093959731543624,33.8255033557047,29.825641025641026,False,-44.0,-46.0,-90.0,-23198.0,-30278.0,-53476.0,2024,11,2024-11,Sunday,6,True,High Inflow (2023-2024),130.42857142857142,127.5,18.51897353938364,219.42857142857142,231.96666666666667,38.62148427519498,172.71428571428572,178.36666666666667,24.150322880617278,5987.857142857143,6020.233333333334,92.24140171568862,159.28571428571428,153.8,22.261433659393536,0.8139888993603464,0.795876776919054,0.20947892135167487,0.026628891758563433,0.025562908395333834,0.003955541659863632,1.2596629931594696,1.2873852960334076,0.3421820904119144,1.2904514768979476,1.3231121496108158,0.28743492090759737,38.22601756691328,40.5193717718618,5.319835812406634,-28.857142857142858,-26.3,38.51159380164398,0.8773793259141451
2024-11-18,143.0,203.0,163.0,5819,138.0,0.8029556650246306,0.023715415019762844,0.965034965034965,1.2453987730061349,29.889570552147237,42.166666666666664,False,-20.0,25.0,5.0,-23218.0,-30253.0,-53471.0,2024,11,2024-11,Monday,0,False,High Inflow (2023-2024),128.57142857142858,128.7,16.008926081587298,211.85714285714286,231.56666666666666,35.31019008458636,170.85714285714286,176.13333333333333,24.35452436700065,5949.714285714285,6011.166666666667,99.78930184094627,159.42857142857142,152.63333333333333,22.097187927106585,0.8304825657924365,0.7869830510245261,0.20228136934967214,0.026800996725707623,0.02540667019079914,0.0037682710176712886,1.2720672555637318,1.2656590472043547,0.32729955956087536,1.2605733795351877,1.333466021754499,0.27825857586562475,37.90363313868943,40.75132424456572,4.9362281051154415,-30.857142857142858,-23.933333333333334,35.88606308595985,0.878269684668776
2024-11-19,119.0,209.0,152.0,5844,146.0,0.7272727272727273,0.024982888432580425,1.226890756302521,1.375,33.0,40.02739726027397,False,-33.0,6.0,-27.0,-23251.0,-30247.0,-53498.0,2024,11,2024-11,Tuesday,1,False,High Inflow (2023-2024),127.71428571428571,129.3,16.388149028228927,208.57142857142858,233.13333333333333,34.17531830067546,165.14285714285714,175.26666666666668,23.233801320694276,5915.428571428572,6002.033333333334,86.27641072516683,155.0,151.06666666666666,21.071307505709164,0.8161520687033185,0.7745999608636581,0.20603917676036473,0.02621388047755836,0.025187891240328,0.0036706008653829025,1.245051649321235,1.2428590361108085,0.3211867033446572,1.2843829033447116,1.3489622764361466,0.28016756454312775,38.71142112502397,41.028921424398696,4.7200742104161,-27.285714285714285,-21.766666666666666,34.65407280399704,0.8803251489171459
2024-11-20,155.0,212.0,181.0,5879,148.0,0.8537735849056604,0.025174349379146112,0.9548387096774194,1.171270718232044,28.110497237569056,39.722972972972975,False,-26.0,33.0,7.0,-23277.0,-30214.0,-53491.0,2024,11,2024-11,Wednesday,2,False,High Inflow (2023-2024),133.0,131.16666666666666,18.55622087962261,219.0,233.86666666666667,15.373136743469725,167.0,175.43333333333334,24.006943440040523,5903.428571428572,5999.066666666667,84.37783504936388,155.42857142857142,150.9,20.86350196601398,0.7654578531862445,0.7721818873780574,0.11839028210994633,0.026336413367231543,0.0251724785788822,0.0036105352437760785,1.2059123850862898,1.2231718415849042,0.3396572024773326,1.3335100127520103,1.3520197852256997,0.20736942012482146,38.51125470244376,41.052802658574045,4.629545908059713,-22.428571428571427,-19.733333333333334,37.00386080243086,0.8816537716967212
2024-11-21,109.0,214.0,173.0,5850,210.0,0.8084112149532711,0.035897435897435895,1.926605504587156,1.2369942196531791,29.687861271676297,27.857142857142858,False,-64.0,-37.0,-101.0,-23341.0,-30251.0,-53592.0,2024,11,2024-11,Thursday,3,False,High Inflow (2023-2024),128.28571428571428,129.23333333333332,20.022606271531536,216.0,233.03333333333333,13.686976778435175,171.85714285714286,175.66666666666666,20.5947288679125,5885.571428571428,5993.633333333333,79.80989316881477,165.71428571428572,153.8,27.524015487780357,0.7964466893649791,0.7759769055612975,0.09032843117597668,0.028165156451204747,0.02568720379675061,0.0047560500261377685,1.3423087448965276,1.2628411268675501,0.4136380852549141,1.2687024038432662,1.3452609580093196,0.13563455900353988,36.305546332139116,40.351834791752516,5.554966188213823,-37.42857142857143,-24.566666666666666,44.93646308161871,0.8575643890648834
2024-11-24,191.0,283.0,192.0,5664,207.0,0.6784452296819788,0.036546610169491525,1.0837696335078535,1.4739583333333333,35.375,27.36231884057971,False,-1.0,-15.0,-16.0,-23342.0,-30266.0,-53608.0,2024,11,2024-11,Sunday,6,True,High Inflow (2023-2024),134.42857142857142,131.76666666666668,30.78342163598867,221.42857142857142,235.26666666666668,27.585365340202816,174.28571428571428,176.43333333333334,21.982677162667574,5842.428571428572,5980.866666666667,106.31220867936172,173.71428571428572,156.13333333333333,30.510731913621775,0.7913266201358742,0.7725114996371166,0.09656238550909826,0.029770373545002615,0.026150228722029895,0.005473883182880893,1.3513800825018965,1.2592566363902757,0.4060247246692607,1.2792678800337425,1.351789352157906,0.14971636205443184,34.57017277010273,39.79262254872562,6.242041137819274,-39.285714285714285,-24.366666666666667,43.52284567026911,0.8506023783569381
2024-11-25,170.0,297.0,196.0,5715,129.0,0.6599326599326599,0.02257217847769029,0.7588235294117647,1.5153061224489797,36.36734693877551,44.30232558139535,False,-26.0,67.0,41.0,-23368.0,-30199.0,-53567.0,2024,11,2024-11,Monday,0,False,High Inflow (2023-2024),141.71428571428572,134.63333333333333,32.5100716994713,232.57142857142858,239.9,39.58474934810685,172.28571428571428,176.53333333333333,18.56263528089156,5798.142857142857,5968.866666666667,78.51842367967619,167.57142857142858,155.13333333333333,34.92304464990403,0.7486164130421054,0.7537919553901463,0.07343794551383179,0.028916725064340704,0.026030206687747144,0.006123703914012995,1.2533008508092196,1.2214555159420966,0.45900024402866146,1.3467605914040048,1.3750111279148411,0.1306567302860218,35.894923600667504,39.99578182911174,7.257156513217128,-25.857142857142858,-20.5,52.218861762867725,0.8275358132281859
2024-11-26,152.0,272.0,214.0,5826,112.0,0.7867647058823529,0.01922416752488843,0.7368421052631579,1.2710280373831775,30.504672897196258,52.017857142857146,False,-62.0,102.0,40.0,-23430.0,-30097.0,-53527.0,2024,11,2024-11,Tuesday,1,False,High Inflow (2023-2024),148.42857142857142,135.36666666666667,28.236248233179147,241.42857142857142,241.4,40.61550255283195,181.57142857142858,177.26666666666668,21.06226596591684,5799.571428571428,5966.766666666666,78.98703932260446,155.71428571428572,151.86666666666667,38.011902897709774,0.7596508268076115,0.7518236129871058,0.07238041129396718,0.026873292128713644,0.025482355454114203,0.0066889107104765,1.0932578862549767,1.1921707656047145,0.4055645361355435,1.3269937434366927,1.3779690069387247,0.13006678909683958,39.065240188841244,40.794948495778414,8.838875947479377,-7.285714285714286,-16.5,48.59600218712842,0.8037854191523794
2024-11-27,239.0,367.0,224.0,5862,211.0,0.6103542234332425,0.03599454111224838,0.8828451882845189,1.6383928571428572,39.32142857142857,27.781990521327014,False,15.0,13.0,28.0,-23415.0,-30084.0,-53499.0,2024,11,2024-11,Wednesday,2,False,High Inflow (2023-2024),162.14285714285714,140.4,44.04705276341251,264.85714285714283,246.5,58.23352004767419,190.28571428571428,179.4,24.445274156192223,5805.714285714285,5964.333333333333,82.35029707639025,166.14285714285714,155.36666666666667,42.132444234141005,0.732136335151699,0.7472466353881515,0.08807986872061192,0.02862745299906872,0.026086835103095913,0.00730450308174312,1.0815164895763416,1.1814474233960166,0.4110480347020061,1.3831357554562245,1.3879987688434867,0.1682024613266118,37.010286453792716,39.85466264523145,9.634031701727563,-4.0,-14.966666666666667,50.31235766025375,0.7977079185309771
2024-11-28,113.0,280.0,237.0,5963,143.0,0.8464285714285714,0.02398121750796579,1.2654867256637168,1.1814345991561181,28.354430379746837,41.6993006993007,False,-124.0,94.0,-30.0,-23539.0,-29990.0,-53529.0,2024,11,2024-11,Thursday,3,False,High Inflow (2023-2024),161.28571428571428,140.4,45.072956732074026,275.0,248.9,52.81413952090229,202.42857142857142,182.0,23.344215149632923,5822.714285714285,5962.666666666667,101.60333702805455,165.71428571428572,156.56666666666666,42.385981510065015,0.749158598602534,0.749980151871668,0.09794482976288418,0.028484357152695202,0.0262930497539934,0.0073970254160924415,1.0870301994850837,1.1920668924225652,0.4135741538417376,1.3554835553356699,1.3837740521277262,0.18484996831366987,37.249129802225106,39.37143061246671,9.74142336399656,-4.428571428571429,-16.166666666666668,50.55313093784606,0.7963194277671487
2024-12-01,196.0,306.0,187.0,5986,149.0,0.6111111111111112,0.02489141329769462,0.7602040816326531,1.6363636363636365,39.27272727272727,40.1744966442953,False,9.0,38.0,47.0,-23530.0,-29952.0,-53482.0,2024,12,2024-12,Sunday,6,True,High Inflow (2023-2024),167.14285714285714,141.13333333333333,46.75264189122908,288.42857142857144,249.6,45.580906612517346,203.28571428571428,183.23333333333332,22.52194696819228,5838.0,5961.0,118.17924239616579,165.85714285714286,157.23333333333332,42.31795746263834,0.7144925309175981,0.7528066625929156,0.0976898133260042,0.028443937712487845,0.026410371217793296,0.007418867478756553,1.0592252526215458,1.192694384798826,0.43015315105936164,1.4219254007830402,1.3749861733398476,0.1910823049075675,37.31363318384258,39.150890578129264,9.762007318026825,1.2857142857142858,-16.1,54.190141433395326,0.796719408816746
2024-12-02,236.0,330.0,222.0,6061,115.0,0.6727272727272727,0.018973766705164163,0.4872881355932203,1.4864864864864864,35.67567567567568,52.70434782608696,False,14.0,107.0,121.0,-23516.0,-29845.0,-53361.0,2024,12,2024-12,Monday,0,False,High Inflow (2023-2024),185.28571428571428,145.53333333333333,45.03966505838382,305.0,252.93333333333334,33.49626844888778,210.28571428571428,183.76666666666668,18.856601723836626,5868.142857142857,5960.5,145.50077728477822,152.28571428571428,155.73333333333332,41.0150959433018,0.6951091105995985,0.7453758325533898,0.08902564842425974,0.026026270685020458,0.02616505964494152,0.007342243920504562,0.8536084856224121,1.1576552713698822,0.2546259283845965,1.4575671531877983,1.3873188944104327,0.17327768365857082,40.86323389369174,39.64186883899883,10.255339688570007,33.0,-10.2,49.07137658554072,0.7878172580098938
2024-12-03,81.0,230.0,242.0,6192,107.0,1.0521739130434782,0.01728036175710594,1.3209876543209877,0.9504132231404959,22.8099173553719,57.86915887850467,False,-161.0,135.0,-26.0,-23677.0,-29710.0,-53387.0,2024,12,2024-12,Tuesday,1,False,High Inflow (2023-2024),169.57142857142858,143.33333333333334,59.56189257922409,297.42857142857144,251.4,43.72587770362475,217.42857142857142,184.7,20.197831095252536,5943.571428571428,5969.633333333333,158.3275688173658,138.0,152.8,35.874782229306554,0.748498922508384,0.7546028856934865,0.16063295664942767,0.023273949483251087,0.025642727668364708,0.006274787524317788,0.8874967743100027,1.157470506105752,0.3017825931031915,1.3827749945888215,1.376008680976175,0.257530031577251,45.221353899109594,40.55921686999172,10.041632173225384,31.571428571428573,-9.466666666666667,50.848982758940245,0.793674610145623
2024-12-04,118.0,245.0,160.0,6269,115.0,0.6530612244897959,0.01834423353006859,0.9745762711864406,1.53125,36.75,54.51304347826087,False,-42.0,45.0,3.0,-23719.0,-29665.0,-53384.0,2024,12,2024-12,Wednesday,2,False,High Inflow (2023-2024),162.14285714285714,143.66666666666666,62.661600605763155,290.0,252.23333333333332,48.01735797257742,212.28571428571428,182.93333333333334,29.158842487966922,6022.714285714285,5979.733333333334,163.4112544937985,136.0,151.5,36.83748091279005,0.7475172888736894,0.7440988659037525,0.1612840696183431,0.02266995734787656,0.025393770786257146,0.006551001478014142,0.9183185945635278,1.1424255176144358,0.29743698032747085,1.3850526913818244,1.3926215526506664,0.258964062837001,46.680027884376095,41.0849763279251,10.61133854134047,26.142857142857142,-7.833333333333333,51.69599781874943,0.7868663630235538
2024-12-05,218.0,283.0,208.0,6310,150.0,0.734982332155477,0.02377179080824089,0.6880733944954128,1.3605769230769231,32.65384615384615,42.06666666666667,False,10.0,58.0,68.0,-23709.0,-29607.0,-53316.0,2024,12,2024-12,Thursday,3,False,High Inflow (2023-2024),171.57142857142858,144.93333333333334,65.76943855332071,291.57142857142856,252.33333333333334,47.50739290839223,211.42857142857142,185.0,29.188223326409418,6091.857142857143,5988.633333333333,168.61734644990904,141.42857142857142,152.86666666666667,35.48641591209065,0.7401198069127071,0.7512173245946492,0.1603688523885178,0.02331961781692691,0.025584917191763243,0.006375472277728451,0.9113516358824215,1.1451761122457642,0.3029169055452653,1.3978453893380738,1.3740471761139612,0.2545670130220732,45.258429244920315,40.63918631773141,10.442278770492555,30.142857142857142,-7.933333333333334,53.97971400266473,0.7994154342404067
2024-12-08,132.0,243.0,183.0,6286,172.0,0.7530864197530864,0.02736239261851734,1.303030303030303,1.3278688524590163,31.86885245901639,36.54651162790697,False,-51.0,11.0,-40.0,-23760.0,-29596.0,-53356.0,2024,12,2024-12,Sunday,6,True,High Inflow (2023-2024),156.28571428571428,144.86666666666667,59.63420239458298,273.85714285714283,250.63333333333333,36.54872807375824,205.57142857142858,184.9,30.33621127111434,6152.428571428572,5995.6,147.0633164579746,135.85714285714286,154.0,23.91950787836213,0.7605101206726846,0.7552317698789358,0.14984863753392152,0.022086453746393904,0.025740044502073862,0.003849791612642173,0.9713780808461049,1.1542820974711523,0.3361371872886516,1.3534848172403822,1.3656212991529175,0.23169117148420318,46.51050368871745,40.38952897585971,8.304064072694807,20.428571428571427,-9.133333333333333,60.190965941346526,0.8502940963635632
2024-12-09,224.0,315.0,152.0,6268,174.0,0.48253968253968255,0.027760051052967454,0.7767857142857143,2.0723684210526314,49.73684210526315,36.02298850574713,False,72.0,-22.0,50.0,-23688.0,-29618.0,-53306.0,2024,12,2024-12,Monday,0,False,High Inflow (2023-2024),172.14285714285714,145.6,60.94923727012098,278.85714285714283,250.7,39.78034930058035,193.42857142857142,184.7,32.5876108506339,6196.0,6005.4,125.13326229797111,140.28571428571428,153.4,27.986391250717954,0.7085259936885577,0.7544900148879795,0.1759246160111786,0.02262628710996557,0.025594070531481453,0.004387197454462195,0.9015636506492475,1.148491786297178,0.3149542727632842,1.4807610775113127,1.368666491247077,0.34055895890670196,45.69960194678122,40.55314248160684,9.091958441416402,31.857142857142858,-7.8,56.502001650172936,0.8336837162552847
2024-12-10,167.0,326.0,213.0,6310,149.0,0.6533742331288344,0.023613312202852614,0.8922155688622755,1.5305164319248827,36.732394366197184,42.348993288590606,False,-46.0,64.0,18.0,-23734.0,-29554.0,-53288.0,2024,12,2024-12,Tuesday,1,False,High Inflow (2023-2024),168.0,147.5,60.03610025087669,281.7142857142857,252.5,42.668154735955206,197.14285714285714,185.36666666666667,33.2085760581434,6242.285714285715,6015.466666666666,89.30232226490219,140.28571428571428,153.16666666666666,27.986391250717954,0.7145635825482325,0.7526171952079603,0.1727202521915491,0.022443701239273858,0.025515668288442938,0.004303004138836344,0.9204224345391934,1.1309595779865265,0.30897476875493135,1.4656400483057763,1.3727061581488909,0.3347997777905194,46.0102443245377,40.681014907465844,8.906987414117024,27.714285714285715,-5.666666666666667,56.2693353011927,0.8336837162552847
2024-12-11,209.0,353.0,232.0,6402,152.0,0.6572237960339944,0.023742580443611373,0.7272727272727273,1.521551724137931,36.51724137931035,42.11842105263158,False,-23.0,80.0,57.0,-23757.0,-29474.0,-53231.0,2024,12,2024-12,Wednesday,2,False,High Inflow (2023-2024),164.14285714285714,148.93333333333334,55.645989886749035,285.0,255.03333333333333,47.60602202803042,198.57142857142858,185.46666666666667,34.64032882280929,6291.0,6025.333333333333,63.08988297130685,145.57142857142858,154.03333333333333,25.82542121539441,0.7123488001634785,0.7469674950276254,0.17344401141466095,0.023124960344766316,0.025619239618220706,0.004030982333703854,0.9547059476362659,1.1299007974096738,0.2627630174272188,1.4706493679702688,1.3831043160568366,0.33542541043092255,44.49796907118692,40.46961836054298,8.468893870792199,18.571428571428573,-5.1,41.967674635195976,0.849323828019505
2024-12-12,153.0,253.0,286.0,6481,194.0,1.1304347826086956,0.02993365221416448,1.2679738562091503,0.8846153846153846,21.23076923076923,33.40721649484536,False,-133.0,92.0,-41.0,-23890.0,-29382.0,-53272.0,2024,12,2024-12,Thursday,3,False,High Inflow (2023-2024),174.42857142857142,149.5,42.91408915052289,288.2857142857143,254.26666666666668,43.820521393955076,204.85714285714286,189.06666666666666,45.972559102971,6332.285714285715,6036.4,79.8430007070424,158.0,155.16666666666666,25.093159758524223,0.7235289243870808,0.7631510699068524,0.19955649396572134,0.02493257326720325,0.025749678320800513,0.003803936829737421,0.9471325479060033,1.1329509063421355,0.25094468818519133,1.4612496767523955,1.360906102285589,0.35290058554570913,41.00340587352132,40.30215057703783,6.94100440159067,16.428571428571427,-5.666666666666667,44.90307021001651,0.8629486771017618
2024-12-15,180.0,337.0,219.0,6408,224.0,0.6498516320474778,0.03495630461922597,1.2444444444444445,1.538812785388128,36.93150684931507,28.607142857142858,False,-39.0,-5.0,-44.0,-23929.0,-29387.0,-53316.0,2024,12,2024-12,Sunday,6,True,High Inflow (2023-2024),183.28571428571428,152.6,34.99387701543516,301.42857142857144,257.3,42.44940966553409,213.28571428571428,190.6,41.57609203101463,6352.142857142857,6045.066666666667,78.75791721350679,173.57142857142858,156.73333333333332,27.65174583311492,0.7230704111810355,0.7613710565577575,0.19974898445319922,0.027305726279940018,0.025955226796180047,0.0041726409622760245,0.9856851440857183,1.106616295869594,0.27540167826304035,1.4623300746649852,1.3648010178678907,0.35316208729608106,37.302562927647315,40.09790656304805,5.233682763393723,9.714285714285714,-4.133333333333334,50.42061180943815,0.862581703549099
2024-12-16,133.0,287.0,189.0,6454,149.0,0.6585365853658537,0.0230864580105361,1.1203007518796992,1.5185185185185186,36.44444444444444,43.31543624161074,False,-56.0,40.0,-16.0,-23985.0,-29347.0,-53332.0,2024,12,2024-12,Monday,0,False,High Inflow (2023-2024),171.14285714285714,154.23333333333332,35.68112746456925,302.0,261.1666666666667,42.18609565563782,210.57142857142858,191.66666666666666,42.58660643464113,6372.714285714285,6060.533333333334,84.51176305839455,173.42857142857142,155.56666666666666,27.796025752239984,0.7121495902110893,0.7527179875709272,0.20107453478703946,0.027207821594553618,0.025700846626358742,0.004276135777379381,1.0474319094263305,1.070943781249711,0.24424593940600595,1.4848931597280703,1.3791125693344315,0.35061387763264085,37.48095858121075,40.45660951023218,5.440340026080331,-2.2857142857142856,-1.3333333333333333,43.797695090473155,0.8618656658198514
2024-12-17,187.0,310.0,247.0,6506,151.0,0.7967741935483871,0.02320934521979711,0.8074866310160428,1.2550607287449393,30.121457489878544,43.086092715231786,False,-60.0,96.0,36.0,-24045.0,-29251.0,-53296.0,2024,12,2024-12,Tuesday,1,False,High Inflow (2023-2024),179.0,154.9,31.427164470671585,311.57142857142856,264.53333333333336,33.21574497562349,219.71428571428572,194.66666666666666,42.55080996375273,6404.142857142857,6077.166666666667,87.73526195593429,170.42857142857142,156.2,29.079529700791085,0.718390700753275,0.75423725494758,0.20322346095304059,0.026614529109022157,0.025742012692255865,0.004531592296015155,0.9766399562814362,1.0715126968943574,0.22916484856463476,1.474491999197488,1.3765742539231696,0.3570689875937113,38.415184450828576,40.37589340882071,5.802566807310612,8.571428571428571,-1.3,42.2841859440659,0.8542438651053287
2024-12-18,168.0,285.0,210.0,6598,134.0,0.7368421052631579,0.020309184601394362,0.7976190476190477,1.3571428571428572,32.57142857142857,49.23880597014925,False,-42.0,76.0,34.0,-24087.0,-29175.0,-53262.0,2024,12,2024-12,Wednesday,2,False,High Inflow (2023-2024),171.0,156.86666666666667,24.40628334398025,307.2857142857143,265.8666666666667,34.60594498885094,228.0,196.36666666666667,31.33687923198431,6451.285714285715,6095.6,90.98848697447997,164.71428571428572,156.46666666666667,32.04015337933912,0.7547196182852002,0.7571660053951275,0.17477360130709166,0.025550119615940288,0.025724196430416495,0.005061724809405304,0.9796161467576266,1.059567888389916,0.22625351954252576,1.3723169186389488,1.3704496657231098,0.2409100617546692,40.3031583743146,40.41798059195267,6.934163635259271,6.285714285714286,0.4,40.04461797259887,0.837156642935548
2024-12-19,269.0,412.0,204.0,6600,238.0,0.49514563106796117,0.036060606060606064,0.8847583643122676,2.019607843137255,48.470588235294116,27.73109243697479,False,65.0,-34.0,31.0,-24022.0,-29209.0,-53231.0,2024,12,2024-12,Thursday,3,False,High Inflow (2023-2024),185.57142857142858,160.63333333333333,44.11295026352638,319.57142857142856,271.06666666666666,52.82631018364786,226.71428571428572,197.3,32.226874322084015,6492.714285714285,6112.733333333334,81.45901686475165,177.42857142857142,159.83333333333334,41.13334876900395,0.7321155322765039,0.7507541930973929,0.19866471969142918,0.02732830445276221,0.026175860624111577,0.006302272889305941,0.9785508318219114,1.0597863295934873,0.2267506428638092,1.4421871202407164,1.3892850786761697,0.3435140672904807,38.21488682408376,39.86157175104404,8.28493619857889,8.142857142857142,0.8,40.96921027401127,0.8118000211023939
2024-12-22,100.0,255.0,236.0,6595,268.0,0.9254901960784314,0.04063684609552692,2.68,1.0805084745762712,25.93220338983051,24.60820895522388,False,-136.0,-32.0,-168.0,-24158.0,-29241.0,-53399.0,2024,12,2024-12,Sunday,6,True,High Inflow (2023-2024),170.0,159.8,52.839379254491455,305.57142857142856,271.8333333333333,55.41316673516322,227.28571428571428,198.76666666666668,32.37135712176323,6520.285714285715,6129.766666666666,78.2362113212629,194.0,162.86666666666667,51.29327441292986,0.7704393037114236,0.7540176594034554,0.20748896892146823,0.029741770974464427,0.026560665421641632,0.007765285794863412,1.2575118707829505,1.1019196629268206,0.6577168693664756,1.3791809417319076,1.3850242500509344,0.3662275565875706,35.71342795302552,39.53608267102043,9.468755943060332,-24.0,-3.066666666666667,72.43157690768095,0.7908900089670535
2024-12-23,205.0,294.0,177.0,6548,231.0,0.6020408163265306,0.03527794746487477,1.1268292682926828,1.6610169491525424,39.86440677966102,28.346320346320347,False,28.0,-54.0,-26.0,-24130.0,-29295.0,-53425.0,2024,12,2024-12,Monday,0,False,High Inflow (2023-2024),177.42857142857142,162.7,53.69933935924188,311.42857142857144,277.0,50.91449414740028,211.71428571428572,199.06666666666666,24.736708792899922,6529.857142857143,6149.266666666666,76.71251217246174,199.28571428571428,165.73333333333332,53.16550976499284,0.6949544513854,0.7337979168301672,0.13975311478749244,0.0305052417245659,0.02692604303208966,0.008044979795649429,1.237348358223455,1.0985201865591754,0.6595037781391447,1.4900954509515019,1.4128121166099872,0.30371532326875705,34.99044278895052,39.11015541819663,9.85935042672746,-21.857142857142858,-3.033333333333333,72.06577683253096,0.789402844193324
2024-12-24,161.0,304.0,211.0,6622,155.0,0.694078947368421,0.023406825732407127,0.9627329192546584,1.4407582938388626,34.5781990521327,42.72258064516129,False,-50.0,56.0,6.0,-24180.0,-29239.0,-53419.0,2024,12,2024-12,Tuesday,1,False,High Inflow (2023-2024),174.71428571428572,163.33333333333334,54.02688924882444,306.7142857142857,279.3,49.664589282217754,210.57142857142858,201.46666666666667,24.527923834255073,6560.428571428572,6170.833333333333,61.1115295801018,189.42857142857142,166.3,54.205956446555234,0.7012726392883918,0.7372175696857103,0.13836706271318583,0.028855316169306065,0.026936396079515788,0.008163434406084486,1.197103854624914,1.098216917670481,0.6675449229165475,1.4760876664444638,1.4044824770041364,0.30335491747545806,37.00693390152458,39.09100472472616,9.779370531723627,-14.714285714285714,-2.966666666666667,71.98313294495726,0.77751118891351
2024-12-25,57.0,162.0,193.0,6689,107.0,1.191358024691358,0.015996412019733893,1.8771929824561404,0.8393782383419689,20.145077720207254,62.51401869158879,False,-136.0,86.0,-50.0,-24316.0,-29153.0,-53469.0,2024,12,2024-12,Wednesday,2,False,High Inflow (2023-2024),163.85714285714286,160.3,69.28787429131819,288.85714285714283,276.53333333333336,74.29766387406023,211.14285714285714,202.06666666666666,23.982136208912408,6594.0,6194.933333333333,57.332364332902436,183.42857142857142,164.83333333333334,61.288544723185,0.7773899877634639,0.7531199800325651,0.22828090289955766,0.02784245245633432,0.026625940129743363,0.00935183056036942,1.3052313161358344,1.1267810080766767,0.7127971911588098,1.3790676264192425,1.3857950849488687,0.3851089753131922,39.74958853723574,39.857807555284644,13.735450602592818,-19.571428571428573,-4.533333333333333,73.22080110382349,0.7495535020722534
2024-12-26,80.0,122.0,152.0,6707,135.0,1.2459016393442623,0.020128224243327865,1.6875,0.8026315789473685,19.263157894736842,49.681481481481484,False,-72.0,17.0,-55.0,-24388.0,-29136.0,-53524.0,2024,12,2024-12,Thursday,3,False,High Inflow (2023-2024),148.57142857142858,159.0,74.90629066341747,262.0,273.3,96.14745619793251,197.57142857142858,200.13333333333333,26.999118151383268,6622.714285714285,6217.666666666667,56.2367444698938,181.14285714285714,163.6,62.97467366973535,0.841551051448589,0.7626865643577391,0.28953524522138135,0.027402292316838713,0.026345290343110173,0.009673226423117935,1.430947511704971,1.134851736367993,0.6875350483966775,1.314434890733875,1.3777875661518764,0.4430035006821115,40.69178693241425,40.34622127908596,14.220124777656013,-32.57142857142857,-4.6,69.70379507328862,0.7420313344145668
2024-12-29,107.0,170.0,133.0,6465,216.0,0.7823529411764706,0.03341067285382831,2.0186915887850465,1.2781954887218046,30.67669172932331,29.930555555555557,False,-26.0,-83.0,-109.0,-24414.0,-29219.0,-53633.0,2024,12,2024-12,Sunday,6,True,High Inflow (2023-2024),139.85714285714286,159.06666666666666,75.81211110684228,245.57142857142858,271.96666666666664,101.25192531973121,186.57142857142858,199.6,35.453524238816584,6603.714285714285,6239.3,82.37255668752053,192.85714285714286,164.3,60.314256389427946,0.848052599436205,0.7651142020794945,0.28729442253470916,0.029273933495757846,0.026341372835761857,0.009333586585493645,1.6053864461572565,1.1402366940893995,0.6541613231706509,1.3031566952451532,1.373414216670791,0.4427398690180391,37.93346544461516,40.349718430083115,14.158424444226029,-53.0,-5.233333333333333,67.87242935586318,0.7617651260414049
2024-12-30,99.0,156.0,139.0,6454,177.0,0.8910256410256411,0.02742485280446235,1.7878787878787878,1.1223021582733812,26.935251798561147,36.463276836158194,False,-40.0,-38.0,-78.0,-24454.0,-29257.0,-53711.0,2024,12,2024-12,Monday,0,False,High Inflow (2023-2024),115.57142857142857,157.6,50.57620370245684,209.0,270.4,73.56856212631479,177.28571428571428,198.8,38.508502462504794,6582.857142857143,6260.466666666666,100.05569877395051,184.14285714285714,165.6,57.02171683206604,0.9046068865730164,0.7680498679461948,0.2415723333852012,0.028040254459165886,0.026465020761918503,0.008844974641348742,1.7344036495239021,1.167664821517527,0.5722823853492006,1.1749701688360283,1.3693109961796992,0.3110453254929709,39.18092035878423,40.15960543573283,13.478043439079965,-68.57142857142857,-8.0,57.025892197775875,0.7635568280522192
2025-01-01,25.0,66.0,94.0,6405,144.0,1.4242424242424243,0.022482435597189696,5.76,0.7021276595744681,16.851063829787236,44.479166666666664,False,-69.0,-50.0,-119.0,-24523.0,-29307.0,-53830.0,2025,1,2025-01,Wednesday,2,False,Stagnation Regime (2025),104.85714285714286,154.46666666666667,61.24385294712899,182.0,265.6333333333333,87.277335736911,157.0,196.86666666666667,39.80368492154103,6555.714285714285,6279.166666666667,119.99682535483466,166.42857142857142,165.53333333333333,44.519123766675015,0.9758572048821582,0.7912821911785181,0.3120341535585548,0.025446767245117716,0.026381672334072147,0.007006347795391104,2.174403649523902,1.3187684629741094,1.6289626704551672,1.1209157666929137,1.3468819181655147,0.3593278552174808,42.01962860327605,40.307997749279245,11.897097506538238,-61.57142857142857,-11.066666666666666,44.39540945809999,0.7889565765320662
2025-01-02,35.0,70.0,53.0,6292,170.0,0.7571428571428571,0.0270184361093452,4.857142857142857,1.320754716981132,31.698113207547166,37.01176470588236,False,-18.0,-117.0,-135.0,-24541.0,-29424.0,-53965.0,2025,1,2025-01,Thursday,3,False,Stagnation Regime (2025),80.57142857142857,150.46666666666667,46.95337099313642,150.0,260.9,80.14154145427243,139.28571428571428,192.6,54.35290328251177,6519.142857142857,6292.933333333333,156.2683893940486,157.71428571428572,166.26666666666668,34.64926303071369,0.9980146392844906,0.788061166919758,0.2854389859442303,0.02426683705147063,0.02644314189174545,0.005636279036328985,2.707305590788213,1.4488452678896242,1.827243028411915,1.0723068763827122,1.3518647181238177,0.2905126487346274,43.25754922607062,40.21762414037622,10.619461570839139,-77.14285714285714,-15.8,48.742276555465686,0.819876149838318
2025-01-05,43.0,73.0,64.0,5882,185.0,0.8767123287671232,0.031451887113226794,4.3023255813953485,1.140625,27.375,31.794594594594596,False,-21.0,-121.0,-142.0,-24562.0,-29545.0,-54107.0,2025,1,2025-01,Sunday,6,True,Stagnation Regime (2025),63.714285714285715,148.26666666666668,32.097322244046566,117.0,256.2,46.77249904235307,118.28571428571429,188.96666666666667,50.27164305289894,6413.428571428572,6294.0,277.9873241371852,162.0,165.43333333333334,36.08323710533952,1.0241051223414481,0.7903378707135531,0.2602642377644168,0.02541613153444487,0.026294956932271813,0.006221535562236356,3.184390256808311,1.5280359371165637,1.7291707561522938,1.029430691548589,1.3486524108020452,0.24577358918880562,41.696408361703945,40.348872531624615,11.479625402128216,-98.28571428571429,-17.166666666666668,37.45981974380117,0.8178380077353508
2025-01-06,41.0,60.0,71.0,5769,190.0,1.1833333333333333,0.03293465071936211,4.634146341463414,0.8450704225352113,20.281690140845072,30.36315789473684,False,-30.0,-119.0,-149.0,-24592.0,-29664.0,-54256.0,2025,1,2025-01,Monday,0,False,Stagnation Regime (2025),61.42857142857143,143.26666666666668,33.20570805778911,102.42857142857143,248.76666666666668,46.302833400912476,100.85714285714286,184.93333333333334,40.18883995766545,6282.0,6297.5,337.1686027296525,173.85714285714286,164.86666666666667,27.64916256374382,1.0229587378617302,0.8071674741685981,0.25942106416793326,0.027835879920106044,0.026174558283934165,0.005148717765324425,3.5782407366664932,1.6463818273817494,1.6954541973132584,1.0302438607190523,1.3276894804421076,0.24504832447520042,37.10342824786795,40.44890050009653,7.506577096748293,-112.42857142857143,-21.6,34.78436977943347,0.8627876060454142
2025-01-07,65.0,83.0,65.0,5703,133.0,0.7831325301204819,0.02332105909170612,2.046153846153846,1.2769230769230768,30.646153846153844,42.8796992481203,False,0.0,-68.0,-68.0,-24592.0,-29732.0,-54324.0,2025,1,2025-01,Tuesday,1,False,Stagnation Regime (2025),59.285714285714285,139.76666666666668,32.278549563213595,96.85714285714286,241.63333333333333,45.89999481274271,88.42857142857143,180.56666666666666,34.832251065438,6138.571428571428,6297.1,339.7817226509071,173.57142857142858,165.0,28.123875638903744,0.956848865115476,0.8112741365081922,0.2519970888987127,0.02829199918416008,0.026199520971068025,0.004445505321132398,3.629477000402757,1.6892928379398187,1.6330647688146496,1.0979997890012962,1.3197433789245774,0.23706515002583,36.1317450716735,40.40147962232069,5.868573143064694,-114.28571428571429,-25.233333333333334,31.388502596302345,0.8605625661489097
2025-01-08,38.0,80.0,82.0,5605,184.0,1.025,0.03282783229259589,4.842105263157895,0.975609756097561,23.414634146341463,30.46195652173913,False,-44.0,-102.0,-146.0,-24636.0,-29834.0,-54470.0,2025,1,2025-01,Wednesday,2,False,Stagnation Regime (2025),49.42857142857143,135.96666666666667,24.992379791030917,84.0,235.23333333333332,32.705758922045696,81.14285714285714,176.16666666666666,28.760091396635914,6015.714285714285,6289.733333333334,357.11702763739754,169.0,167.4,22.01514630128114,0.9915127306616943,0.8192153129787805,0.24041625762173116,0.028208736246841164,0.02665297646332494,0.004337809320290785,4.032821811027449,1.8261349432029768,1.513188225921728,1.0547732557692615,1.3098961028817235,0.22606356402208708,36.20765949541401,39.682949601616755,5.777720343426031,-119.57142857142857,-31.433333333333334,33.40088393469599,0.8847465935159013
2025-01-09,56.0,82.0,68.0,5507,164.0,0.8292682926829268,0.02978027964408934,2.9285714285714284,1.2058823529411764,28.941176470588232,33.579268292682926,False,-12.0,-96.0,-108.0,-24648.0,-29930.0,-54578.0,2025,1,2025-01,Thursday,3,False,Stagnation Regime (2025),43.285714285714285,129.86666666666667,13.350584078540663,73.42857142857143,225.73333333333332,8.715066319466677,71.0,170.96666666666667,13.341664064126181,5880.428571428572,6277.9,342.4849666495598,167.14285714285714,165.83333333333334,21.774821632863137,0.982690252327021,0.8265124486204366,0.2457914465479468,0.02854522579535931,0.026445834414386308,0.004358176933068361,4.19577790255497,1.8943258178792068,1.2735873584759059,1.0667132835789466,1.2954790860750012,0.23234466732143044,35.79565827491755,39.87619219399529,5.85871429654017,-123.85714285714286,-35.96666666666667,28.783262332059863,0.8847391002579815
2025-01-12,74.0,103.0,80.0,5092,235.0,0.7766990291262136,0.04615082482325216,3.175675675675676,1.2875,30.900000000000002,21.66808510638298,False,-6.0,-155.0,-161.0,-24654.0,-30085.0,-54739.0,2025,1,2025-01,Sunday,6,True,Stagnation Regime (2025),50.285714285714285,128.56666666666666,14.918827989205816,78.71428571428571,219.83333333333334,13.412858081150151,69.0,165.73333333333332,9.933109617167377,5692.857142857143,6248.866666666667,366.0461849600492,180.14285714285714,168.9,30.905385568586503,0.890184053024705,0.8241881305436913,0.15813648974004976,0.031926424256225376,0.027184821324895855,0.007154653590509653,3.8265887133657808,1.9579987828796055,1.1084419800834104,1.1503379036397365,1.299014599436464,0.17831471427007436,32.536932337734164,39.2084850075647,6.529384117943581,-129.85714285714286,-40.333333333333336,31.81943102062288,0.853562459599145
2025-01-13,68.0,107.0,102.0,5019,181.0,0.9532710280373832,0.03606296074915322,2.661764705882353,1.0490196078431373,25.176470588235297,27.7292817679558,False,-34.0,-79.0,-113.0,-24688.0,-30164.0,-54852.0,2025,1,2025-01,Monday,0,False,Stagnation Regime (2025),55.0,124.3,14.49137674619214,84.0,213.2,16.370705543754205,76.0,162.9,13.428824718988935,5511.0,6216.633333333333,333.5530942243873,181.71428571428572,169.96666666666667,30.58166272847557,0.9182023631524946,0.8355934611079003,0.14766387677282958,0.03321849920476938,0.027557206239944475,0.006933863651192595,3.5129632631857084,2.021384137021262,1.0784331538097665,1.111518602334309,1.279436465152447,0.16403849328135908,31.210863346601794,38.793644511686715,6.410633201321158,-126.71428571428571,-45.666666666666664,32.309515036669126,0.8559479681416485
2025-01-14,92.0,124.0,93.0,4957,139.0,0.75,0.0280411539237442,1.5108695652173914,1.3333333333333333,32.0,35.66187050359712,False,-1.0,-46.0,-47.0,-24689.0,-30210.0,-54899.0,2025,1,2025-01,Tuesday,1,False,Stagnation Regime (2025),62.0,119.5,18.894443627693096,91.28571428571429,206.33333333333334,21.273726250276926,80.14285714285714,158.6,13.58220123824502,5378.857142857143,6179.833333333333,345.1059878604521,175.14285714285714,170.76666666666668,34.45493951733188,0.9001006019000484,0.838169218683658,0.16078174581047686,0.03273125160627186,0.027859452480563807,0.007193665096472696,3.1141838323031434,2.055503518008735,1.2416534317853807,1.139048364239071,1.2743313600473418,0.18461723539866484,31.763331333602157,38.22556193427038,6.632137471640217,-113.14285714285714,-51.266666666666666,43.00166109748368,0.8356140185328759
2025-01-15,113.0,162.0,107.0,4903,164.0,0.6604938271604939,0.033448908831327756,1.4513274336283186,1.514018691588785,36.33644859813084,29.896341463414632,False,6.0,-57.0,-51.0,-24683.0,-30267.0,-54950.0,2025,1,2025-01,Wednesday,2,False,Stagnation Regime (2025),72.28571428571429,120.56666666666666,24.363321378077583,105.85714285714286,204.06666666666666,29.58281354339251,85.28571428571429,154.1,16.121562018140644,5255.142857142857,6136.866666666667,337.0659819537876,171.42857142857142,172.66666666666666,33.98459034551578,0.825409243875357,0.8251132158208918,0.1246619778414897,0.032804717050838386,0.028398404049704538,0.0071987126813746905,2.6594954168981295,2.0598481773189787,1.173160542837371,1.2346124026752956,1.2931182089956184,0.18016356444728468,31.696643271984698,37.29313468710072,6.650883639160896,-99.14285714285714,-52.1,45.27482218418428,0.8345549523117125
2025-01-16,106.0,196.0,131.0,4881,159.0,0.6683673469387755,0.032575291948371235,1.5,1.4961832061068703,35.908396946564885,30.69811320754717,False,-25.0,-28.0,-53.0,-24708.0,-30295.0,-55003.0,2025,1,2025-01,Thursday,3,False,Stagnation Regime (2025),78.14285714285714,120.16666666666667,27.09507071669893,122.0,202.43333333333334,42.875789594287106,94.71428571428571,153.13333333333333,20.878332354495015,5137.714285714285,6090.6,295.6804098378836,175.14285714285714,174.13333333333333,30.30637211010799,0.8090142177065419,0.8256234199025244,0.1379836409398518,0.03412675031607626,0.028872772663647957,0.005899254889743424,2.5814734388761518,2.077362301612764,1.2371650180719842,1.2659352782729805,1.2919493158658473,0.20595901454281534,29.956416694759962,36.49930367807693,4.474802055838088,-97.0,-53.96666666666667,47.30398150966415,0.8524872922604523
2025-01-19,86.0,152.0,168.0,4628,176.0,1.105263157894737,0.03802938634399308,2.046511627906977,0.9047619047619048,21.714285714285715,26.295454545454547,False,-82.0,-8.0,-90.0,-24790.0,-30303.0,-55093.0,2025,1,2025-01,Sunday,6,True,Stagnation Regime (2025),85.0,115.76666666666667,20.51828452868448,132.28571428571428,198.06666666666666,39.634640933216374,107.0,151.8,33.585711247493165,4998.142857142857,6034.533333333334,267.5982240669817,174.0,175.0,30.066592756748175,0.8204803831200758,0.8379661140938331,0.1604318010696891,0.034869829466275856,0.029348025848173028,0.00603442158365121,2.182102919554592,2.1226435760598164,0.7351546213738686,1.255814156653601,1.2767554819220133,0.22359000097491957,29.361202126719313,35.973596607369856,4.669229617069728,-89.0,-59.233333333333334,42.083250825001386,0.8526628374072566
2025-01-20,84.0,118.0,136.0,4638,127.0,1.152542372881356,0.02738249245364381,1.5119047619047619,0.8676470588235294,20.823529411764707,36.51968503937008,False,-52.0,9.0,-43.0,-24842.0,-30294.0,-55136.0,2025,1,2025-01,Monday,0,False,Stagnation Regime (2025),89.0,114.16666666666667,16.196707484343317,137.42857142857142,193.9,33.95024370485827,116.71428571428571,150.23333333333332,30.076093971315753,4874.0,5979.6,179.13681921925547,168.71428571428572,173.5,34.97005521735571,0.8666623945769941,0.8512813125314422,0.2039970045454398,0.03452728843906935,0.029348695842677245,0.006426777584922665,1.9797219671736397,2.1296060580222984,0.6889554763457987,1.2074948289225085,1.2614147554674973,0.2682635954942265,29.781261661960336,35.97270238775196,5.212594949411225,-79.71428571428571,-59.333333333333336,44.304681038291434,0.8283125003257269
2025-01-21,59.0,64.0,117.0,4728,54.0,1.828125,0.011421319796954314,0.9152542372881356,0.5470085470085471,13.12820512820513,87.55555555555556,False,-58.0,63.0,5.0,-24900.0,-30231.0,-55131.0,2025,1,2025-01,Tuesday,1,False,Stagnation Regime (2025),86.85714285714286,108.66666666666667,19.221763459064878,131.85714285714286,185.53333333333333,42.63186824989518,122.0,149.06666666666666,25.442746183014908,4822.0,5928.266666666666,156.73969928937981,142.85714285714286,169.5,43.63266578848566,1.0168661047018208,0.8961341564467861,0.40989379110890767,0.02956593057816966,0.028804071467476808,0.008890955205572565,1.6568046188325625,2.1342216754557124,0.5508803361274873,1.1017103356380153,1.2105694263326943,0.36131724934977716,39.193757440413556,37.69045462274558,21.659896661285927,-56.0,-60.833333333333336,37.43883901333803,0.7660319021968793
2025-01-22,62.0,97.0,52.0,4717,83.0,0.5360824742268041,0.017595929616281536,1.3387096774193548,1.8653846153846154,44.769230769230774,56.83132530120482,False,10.0,-31.0,-21.0,-24890.0,-30262.0,-55152.0,2025,1,2025-01,Wednesday,2,False,Stagnation Regime (2025),86.0,105.16666666666667,20.30599254735866,130.42857142857142,177.9,43.75636008192728,114.85714285714286,143.7,36.576078573427075,4778.857142857143,5875.166666666667,133.285943959348,128.85714285714286,167.3,45.053407460587216,0.957267739871738,0.8922244311500518,0.4491329294432479,0.026927783273473702,0.02860349204792444,0.009368789323964581,1.4677967576235627,2.149104812407615,0.3321612766888874,1.2183339081439406,1.2217316991146854,0.4598035118701523,43.35119223087771,38.17319902316604,21.88441793303484,-42.857142857142854,-62.13333333333333,29.37361952176642,0.740939193290598
2025-01-23,91.0,75.0,97.0,4621,174.0,1.2933333333333332,0.03765418740532352,1.9120879120879122,0.7731958762886598,18.556701030927837,26.557471264367816,False,-6.0,-77.0,-83.0,-24896.0,-30339.0,-55235.0,2025,1,2025-01,Thursday,3,False,Stagnation Regime (2025),85.85714285714286,101.23333333333333,20.260212004721044,123.42857142857143,168.63333333333333,48.606779852396016,115.42857142857143,139.2,36.20707639332909,4730.857142857143,5815.8,118.07261688102878,133.85714285714286,168.03333333333333,48.198992283480635,1.0348867874907857,0.913428082393363,0.45426304441108806,0.02830107377084218,0.02906721227998151,0.010224642978646737,1.5251136643193515,2.188598651901455,0.37294536039000453,1.138314271423273,1.1967865041863763,0.48453011962665143,42.05056376813066,37.654500696890594,22.673877936570648,-48.0,-66.8,33.131052906097636,0.7352520295663156
2025-01-26,29.0,51.0,11.0,4241,182.0,0.21568627450980393,0.042914406979485974,6.275862068965517,4.636363636363637,111.27272727272728,23.302197802197803,True,18.0,-171.0,-153.0,-24878.0,-30510.0,-55388.0,2025,1,2025-01,Sunday,6,True,Stagnation Regime (2025),73.85714285714286,97.1,25.660790916810278,107.57142857142857,161.9,51.91935137903127,101.71428571428571,130.03333333333333,53.825998320868,4636.285714285715,5741.133333333333,196.3701558160734,136.42857142857142,167.63333333333333,50.50035360555292,0.9713428513978298,0.8829364654567333,0.5386377957604265,0.029653287792007637,0.029499904105492226,0.011557896770811234,2.2143328979389514,2.355528258993333,1.8290951033907792,1.584363549248252,1.3218447792446513,1.4207446675038042,41.10854324509968,37.317666740469,23.388717835723142,-62.57142857142857,-70.53333333333333,51.826174670260556,0.7298419514458024
2025-01-27,33.0,53.0,34.0,4161,127.0,0.6415094339622641,0.030521509252583512,3.8484848484848486,1.5588235294117647,37.411764705882355,32.76377952755905,False,-1.0,-93.0,-94.0,-24879.0,-30603.0,-55482.0,2025,1,2025-01,Monday,0,False,Stagnation Regime (2025),63.42857142857143,92.2,25.251119730006405,87.14285714285714,152.43333333333334,37.44074683830205,87.85714285714286,123.86666666666666,57.39752773836329,4533.428571428572,5666.233333333334,232.13563358722556,131.85714285714286,164.4,49.55612498783268,0.9675060066868998,0.8826583921872262,0.5412450042022806,0.029359890264037965,0.02935207759327081,0.011497267733663505,2.5498307334367865,2.44232960579468,1.890582049198858,1.5933121668632368,1.3225118040454396,1.4202938919368737,41.40363843367282,37.45622129614954,23.24808663000397,-68.42857142857143,-72.2,52.870461642449186,0.726832962238571
2025-01-28,32.0,49.0,39.0,4096,101.0,0.7959183673469388,0.024658203125,3.15625,1.2564102564102564,30.153846153846153,40.554455445544555,False,-7.0,-62.0,-69.0,-24886.0,-30665.0,-55551.0,2025,1,2025-01,Tuesday,1,False,Stagnation Regime (2025),55.714285714285715,88.83333333333333,25.453973401118333,72.42857142857143,144.5,26.27963180144219,69.42857142857143,118.86666666666666,47.17646709556623,4457.428571428572,5587.633333333333,278.47492834055186,121.14285714285714,162.8,46.430695922091246,0.9233138937515,0.887237784919929,0.5407512694990579,0.027449721232753237,0.029404469097086276,0.010912740807680732,2.708364786592933,2.510194580732024,1.8878685420033288,1.6435476456701443,1.3137748619751641,1.3979237370322632,43.4406385622571,37.36418860294734,22.309413171787522,-65.42857142857143,-73.96666666666667,52.03158381488777,0.7229234859984405
2025-01-29,32.0,50.0,39.0,4036,99.0,0.78,0.024529236868186324,3.09375,1.2820512820512822,30.769230769230774,40.76767676767677,False,-7.0,-60.0,-67.0,-24893.0,-30725.0,-55618.0,2025,1,2025-01,Wednesday,2,False,Stagnation Regime (2025),48.285714285714285,83.66666666666667,23.321765840194132,62.714285714285715,135.83333333333334,17.83922910998216,55.57142857142857,111.93333333333334,37.646855304071714,4371.428571428572,5505.3,305.0993593038312,117.14285714285714,161.06666666666666,47.04405230359133,0.8700935547684493,0.8866786451349828,0.5327034756655259,0.027042113291973598,0.029448465485365914,0.010968813147548178,2.9343426777493953,2.5864033596981555,1.8140116184996344,1.7027482489883945,1.3146745470853751,1.3680441980894669,44.047494523443774,37.28690807136217,22.14695879950973,-68.85714285714286,-77.4,51.089557222027615,0.7134725754799879
2025-01-30,47.0,42.0,47.0,3923,159.0,1.119047619047619,0.04053020647463676,3.382978723404255,0.8936170212765957,21.4468085106383,24.67295597484277,False,0.0,-112.0,-112.0,-24893.0,-30837.0,-55730.0,2025,1,2025-01,Thursday,3,False,Stagnation Regime (2025),46.57142857142857,79.63333333333334,22.83898087960873,59.57142857142857,127.73333333333333,19.440997426899823,45.57142857142857,106.5,26.15248326550236,4256.428571428572,5416.133333333333,299.9676966735046,132.14285714285714,161.9,39.72584621053437,0.7687967860609662,0.8994188289277981,0.35938943281891556,0.03120052567449966,0.030122499547807328,0.009475951004895691,3.2868747471945556,2.6725820155576625,1.5810562431201658,1.7522637453124015,1.2992236858898332,1.3248311943948408,35.064266011913375,36.468046404851954,11.975386647674046,-85.57142857142857,-82.26666666666667,41.05223153844005,0.7688593360197102
2025-02-02,20.0,22.0,41.0,3483,168.0,1.8636363636363635,0.04823428079242033,8.4,0.5365853658536586,12.878048780487806,20.732142857142858,False,-21.0,-127.0,-148.0,-24914.0,-30964.0,-55878.0,2025,2,2025-02,Sunday,6,True,Stagnation Regime (2025),40.57142857142857,71.33333333333333,23.61395874518159,48.857142857142854,114.73333333333333,15.678313806334076,44.0,101.06666666666666,26.032031550892587,4080.1428571428573,5312.233333333334,343.611422283656,144.28571428571428,159.56666666666666,34.89849225833296,0.9584473416909033,0.9450351866800782,0.5272113749830694,0.035577432985376634,0.030528288705534472,0.009217053406024535,4.295630507563219,2.9230900700805864,2.2444011260134,1.5624352810936935,1.2497896033137132,1.3990413284397092,29.90723994847595,36.234748085524224,8.224959690427129,-103.71428571428571,-88.23333333333333,35.43874661870451,0.805236784360489
2025-02-03,23.0,45.0,11.0,3403,102.0,0.24444444444444444,0.02997355274757567,4.434782608695652,4.090909090909091,98.18181818181819,33.36274509803921,True,12.0,-91.0,-79.0,-24902.0,-31055.0,-55957.0,2025,2,2025-02,Monday,0,False,Stagnation Regime (2025),30.857142857142858,68.76666666666667,8.668497975021744,44.57142857142857,107.73333333333333,10.627905765142527,31.714285714285715,93.56666666666666,14.659630346798117,3906.1428571428573,5205.833333333333,332.2842300257352,134.0,154.03333333333333,35.289280714311865,0.8086060718496334,0.922333661625612,0.5639438019155403,0.03448019946284122,0.030172845593936095,0.009384273688065131,4.6560154642214675,2.981582823703775,1.985487566930213,2.0363943117537553,1.3501362905248073,1.6300163936655092,30.879421924714716,36.526565956951394,8.165000229557757,-103.14285714285714,-85.26666666666667,35.8581862872274,0.7915445055622563
2025-02-04,34.0,54.0,29.0,3359,74.0,0.5370370370370371,0.022030366180410838,2.176470588235294,1.8620689655172413,44.689655172413794,45.391891891891895,False,5.0,-45.0,-40.0,-24897.0,-31100.0,-55997.0,2025,2,2025-02,Tuesday,1,False,Stagnation Regime (2025),31.571428571428573,63.06666666666667,8.695921320892108,45.0,99.73333333333333,10.984838035539477,34.285714285714285,88.63333333333334,11.70063083362448,3780.1428571428573,5099.533333333334,350.8515491255452,118.57142857142857,148.8,34.4037650209861,0.8545133236392382,0.9201668689826289,0.5189154064869576,0.03149676506297335,0.029731259551120635,0.00957378262507691,4.070388109831436,3.0165708677018626,2.0320961776888637,1.6400665016328413,1.3568380244036307,1.1628083367155662,34.03509250895673,37.09475167513711,8.97675733755129,-87.0,-85.73333333333333,35.09985754956817,0.7751023272920242
2025-02-05,26.0,36.0,36.0,3290,104.0,1.0,0.031610942249240125,4.0,1.0,24.0,31.634615384615383,False,-10.0,-68.0,-78.0,-24907.0,-31168.0,-56075.0,2025,2,2025-02,Wednesday,2,False,Stagnation Regime (2025),30.571428571428573,58.56666666666667,8.904252595575525,42.57142857142857,90.8,10.79902993881486,34.57142857142857,82.8,11.716898663286127,3655.714285714286,4988.466666666666,347.7047187320815,115.28571428571429,147.1,34.56257265557078,0.905726261644629,0.9303642374036816,0.5120344316847125,0.03165239834821,0.030004730101681733,0.0095641365093004,4.092033131476457,3.1178131037267076,2.030144622604567,1.560234568859732,1.3421460812756687,1.1882208065813138,33.873783345679065,36.725152833118926,9.013480117657107,-84.71428571428571,-88.53333333333333,35.08900248280183,0.7693495644090118
2025-02-06,25.0,32.0,27.0,3181,145.0,0.84375,0.045583149952845015,5.8,1.1851851851851851,28.444444444444443,21.93793103448276,False,-2.0,-118.0,-120.0,-24909.0,-31286.0,-56195.0,2025,2,2025-02,Thursday,3,False,Stagnation Regime (2025),29.571428571428573,57.5,9.107819769433352,40.142857142857146,86.46666666666667,11.021623767692605,32.857142857142854,77.26666666666667,11.838194843085637,3525.0,4871.533333333334,325.90642828883216,121.57142857142857,148.36666666666667,35.519277126923974,0.9125593520236377,0.918777303247303,0.5106420796201218,0.03464167646647358,0.0309909546994521,0.010258596645273982,4.469711702905029,3.2485733376448356,2.0725144214916567,1.550059558684722,1.3536729795037759,1.1915564207295795,31.21427985838452,35.37261657788205,9.449686256561161,-92.0,-90.86666666666666,36.54677368341349,0.7738931977609896
2025-02-09,15.0,13.0,23.0,2878,99.0,1.7692307692307692,0.03439888811674774,6.6,0.5652173913043478,13.565217391304348,29.07070707070707,False,-8.0,-76.0,-84.0,-24917.0,-31362.0,-56279.0,2025,2,2025-02,Sunday,6,True,Stagnation Regime (2025),27.142857142857142,55.333333333333336,10.51076545624973,34.857142857142854,82.83333333333333,13.981280001365224,30.571428571428573,72.96666666666667,11.998015708957192,3359.5714285714284,4743.9,317.07299745369113,121.57142857142857,147.16666666666666,35.519277126923974,1.053878033342319,0.9362216075768531,0.597362138669636,0.0360516266448395,0.03146664349523277,0.009267457632292293,4.970604560047886,3.4123233376448354,2.1079412627912064,1.4476547171494456,1.3457591732490084,1.2478994764542477,29.54328418738885,34.68559076418957,8.461297656061566,-94.42857142857143,-91.83333333333333,35.14663162076407,0.7738931977609896
2025-02-10,16.0,18.0,15.0,2834,63.0,0.8333333333333334,0.022230063514467185,3.9375,1.2,28.799999999999997,44.98412698412698,False,1.0,-48.0,-47.0,-24916.0,-31410.0,-56326.0,2025,2,2025-02,Monday,0,False,Stagnation Regime (2025),22.714285714285715,52.3,6.524678426676253,31.428571428571427,77.76666666666667,14.853250405868673,26.0,69.03333333333333,10.723805294763762,3204.0,4622.866666666667,255.7889755247122,107.85714285714286,142.06666666666666,37.15475999756122,1.0130617068117067,0.937920953982082,0.6019108780260644,0.03343732050767241,0.031093956517254058,0.010315444568067088,5.049821885275849,3.4762836180186674,2.047898099139951,1.4914237141099318,1.3431526569582817,1.2304798274672157,32.44488004585802,35.18737647847529,9.876960293542558,-85.14285714285714,-89.76666666666667,38.185636791113424,0.7437813085261784
2025-02-11,11.0,22.0,12.0,2799,50.0,0.5454545454545454,0.01786352268667381,4.545454545454546,1.8333333333333333,44.0,55.98,False,-1.0,-38.0,-39.0,-24917.0,-31448.0,-56365.0,2025,2,2025-02,Tuesday,1,False,Stagnation Regime (2025),21.428571428571427,49.36666666666667,7.892129895397143,31.428571428571427,73.3,14.853250405868675,21.857142857142858,64.8,9.494359227607786,3106.285714285714,4501.033333333334,262.0163571774723,91.0,137.83333333333334,31.6859590355128,0.8247500185000185,0.9264019174630455,0.48660908289803073,0.029098640778280057,0.030775245513327776,0.009401015301218259,4.499172534626498,3.5682028099378593,1.4184210592694289,1.6766734237498855,1.3668536961269466,1.1582635974298916,37.48028820912332,35.837933917270014,11.722857864378232,-69.57142857142857,-88.46666666666667,29.52319507809113,0.7417311705054941
2025-02-12,16.0,20.0,20.0,2752,66.0,1.0,0.023982558139534885,4.125,1.0,24.0,41.696969696969695,False,-4.0,-46.0,-50.0,-24921.0,-31494.0,-56415.0,2025,2,2025-02,Wednesday,2,False,Stagnation Regime (2025),20.428571428571427,49.06666666666667,8.100558475756811,27.857142857142858,71.76666666666667,14.028881773324628,23.142857142857142,62.333333333333336,8.315218406203225,3013.285714285714,4379.266666666666,254.57527654615683,85.85714285714286,135.23333333333332,32.51373336212031,0.9326865264365265,0.9122605033216312,0.41495709936294534,0.0282427844057028,0.030825249598072615,0.009579108621209004,4.454917876241406,3.5137028099378593,1.425579385598479,1.235114982191444,1.3767827741411311,0.4679714078574522,38.670891723256254,35.74519401828012,11.658014864273548,-65.42857142857143,-86.16666666666667,30.010315686760514,0.7253232011065475
2025-02-13,15.0,10.0,23.0,2703,72.0,2.3,0.026637069922308545,4.8,0.43478260869565216,10.434782608695652,37.541666666666664,False,-8.0,-49.0,-57.0,-24929.0,-31543.0,-56472.0,2025,2,2025-02,Thursday,3,False,Stagnation Regime (2025),17.714285714285715,48.4,5.5891050480560365,21.571428571428573,69.76666666666667,9.484322904287232,22.285714285714285,61.333333333333336,7.910210399947177,2919.5714285714284,4259.633333333333,225.14207154801755,85.57142857142857,131.96666666666667,32.64382097149851,1.1845383782883783,0.9636890747502027,0.6194269523018759,0.028900884940259615,0.03081253739183806,0.009233168799340406,4.829707792207792,3.5117980480330977,1.0114467170019974,1.0312169312169313,1.347250370531615,0.4601490946695807,37.549430976795506,35.76285741697293,11.275012564474899,-67.85714285714286,-83.56666666666666,28.24552219041985,0.7238611676774858
2025-02-17,8.0,17.0,14.0,2532,15.0,0.8235294117647058,0.005924170616113744,1.875,1.2142857142857142,29.14285714285714,168.8,False,-6.0,-1.0,-7.0,-24935.0,-31544.0,-56479.0,2025,2,2025-02,Monday,0,False,Stagnation Regime (2025),15.142857142857142,47.233333333333334,5.273473599975283,18.857142857142858,67.9,7.0811621322540015,19.142857142857142,59.666666666666664,5.580578567035996,2811.285714285714,4147.966666666666,197.92567147429625,72.85714285714286,126.3,40.62605309990619,1.159328294254765,0.9619163108501222,0.6316595493774388,0.025231346135527275,0.029961613508600958,0.012502231945417277,4.526136363636364,3.430887195319919,1.5019398900074499,1.0618291761148904,1.3497057276744722,0.4648302650300147,57.144485921850446,40.32970426381977,50.44257300353512,-57.714285714285715,-79.06666666666666,35.74779380471944,0.6420082043223185
2025-02-18,18.0,19.0,11.0,2536,9.0,0.5789473684210527,0.003548895899053628,0.5,1.7272727272727273,41.45454545454545,281.77777777777777,False,7.0,2.0,9.0,-24928.0,-31542.0,-56470.0,2025,2,2025-02,Tuesday,1,False,Stagnation Regime (2025),14.142857142857142,46.46666666666667,3.436498771953387,17.0,66.53333333333333,4.163331998981977,16.857142857142858,57.666666666666664,5.080307452263942,2719.1428571428573,4040.2,138.26837258433997,53.42857142857143,120.26666666666667,31.973203065785157,1.121499346886344,0.9417701120197127,0.6609586311275572,0.019226452699271365,0.02898208834792401,0.01111572710978393,3.7689935064935063,3.2930823172711383,2.0045418807823174,1.1392702535559678,1.3791124711657228,0.529468542220152,94.26446402803546,48.710191593254464,95.60516365767876,-39.285714285714285,-73.8,31.255475710741248,0.6256143006970193
2025-02-19,12.0,17.0,17.0,2528,19.0,1.0,0.007515822784810127,1.5833333333333333,1.0,24.0,133.05263157894737,False,-5.0,-2.0,-7.0,-24933.0,-31544.0,-56477.0,2025,2,2025-02,Wednesday,2,False,Stagnation Regime (2025),13.714285714285714,44.7,3.498298906355622,17.571428571428573,64.33333333333333,3.7796447301469063,16.0,56.06666666666667,4.320493798939136,2669.1428571428573,3934.366666666667,134.479773660533,42.0,116.46666666666667,26.857649437982467,1.011609236996234,0.9489990276823633,0.5960806872692007,0.015386014794708846,0.028455247137694144,0.00953108640606699,3.05232683982684,3.2776549668437887,1.6968777091738585,1.201382054798204,1.3698817019349536,0.47344059942365474,109.1190246720698,51.715956004282035,91.7894094293423,-28.285714285714285,-71.76666666666667,26.004578351476273,0.6099540188026291
2025-02-20,13.0,25.0,15.0,2520,32.0,0.6,0.012698412698412698,2.4615384615384617,1.6666666666666667,40.0,78.75,False,-2.0,-17.0,-19.0,-24935.0,-31561.0,-56496.0,2025,2,2025-02,Thursday,3,False,Stagnation Regime (2025),13.285714285714286,43.86666666666667,3.3523268394071173,18.571428571428573,62.5,4.720774754860229,16.0,53.833333333333336,4.320493798939136,2624.285714285714,3831.5333333333333,122.12659318053183,37.57142857142857,111.4,25.330200307523764,0.9782759036629006,0.9348323610156968,0.6139673176410336,0.01402435039241535,0.027784266484554707,0.009059552426562121,2.8414751914751912,3.1983027401231405,1.6598521129148904,1.2680487214648706,1.3929169322872572,0.5050169561428582,113.94272081719451,53.3255574535574,88.6922491417289,-24.285714285714285,-67.53333333333333,24.770374009517926,0.5973045410911518
2025-02-23,7.0,16.0,8.0,2423,35.0,0.5,0.014444903012794058,5.0,2.0,48.0,69.22857142857143,False,-1.0,-27.0,-28.0,-24936.0,-31588.0,-56524.0,2025,2,2025-02,Sunday,6,True,Stagnation Regime (2025),12.714285714285714,42.233333333333334,4.070801956806931,17.714285714285715,60.3,4.53557367615623,15.428571428571429,51.833333333333336,5.126959555693729,2570.5714285714284,3728.733333333333,114.9519568381956,35.42857142857143,107.1,24.730933011499552,0.9717823971693941,0.9238567512595991,0.6195231439455573,0.013535976153289669,0.027273087263511527,0.008908993544327178,2.9064102564102563,3.2673503591707598,1.7443633983065987,1.2918582452743943,1.4193875205225512,0.538901735587677,115.83537387841899,54.513867558087014,87.38086513329257,-22.714285714285715,-64.86666666666666,24.01884181022754,0.5889106261482634
2025-02-24,20.0,22.0,14.0,2413,24.0,0.6363636363636364,0.009946125155408206,1.2,1.5714285714285714,37.714285714285715,100.54166666666667,False,6.0,-10.0,-4.0,-24930.0,-31598.0,-56528.0,2025,2,2025-02,Monday,0,False,Stagnation Regime (2025),13.285714285714286,40.43333333333333,4.820590756142789,18.0,57.6,4.760952285738534,14.571428571428571,49.63333333333333,4.720774754817197,2522.1428571428573,3639.4333333333334,95.55003675450467,29.428571428571427,100.06666666666666,20.87148886925133,0.9198343452213421,0.9191789048341799,0.6318851249222055,0.011530771441271572,0.026066263941250063,0.00765757826458132,2.4885531135531136,3.201494503314904,1.754112541488969,1.3734908983356189,1.4288518062368367,0.5305377123458592,124.24175915980426,57.14298694342981,81.7059941292245,-16.142857142857142,-59.63333333333333,21.46647441499176,0.5850603608490156
2025-02-25,11.0,7.0,7.0,2413,23.0,1.0,0.009531703273932863,2.090909090909091,1.0,24.0,104.91304347826087,False,4.0,-16.0,-12.0,-24926.0,-31614.0,-56540.0,2025,2,2025-02,Tuesday,1,False,Stagnation Regime (2025),12.714285714285714,38.53333333333333,4.820590756142841,17.571428571428573,54.266666666666666,5.652643713590478,12.285714285714286,46.46666666666667,3.7289089429439453,2480.714285714286,3552.5666666666666,60.50816552512122,22.428571428571427,94.8,9.126100716404206,0.7341200595070564,0.9207365372329338,0.20648389474509596,0.00908714763436076,0.02518188869207605,0.003782150354862218,2.1015401265401263,3.182465982815795,1.427605544511266,1.4542362399505255,1.4272178193087324,0.3876220478937923,133.86624156146058,59.71577900043997,73.32972957919819,-9.714285714285714,-56.266666666666666,11.714866419983911,0.7107844862252092
2025-02-26,12.0,21.0,1.0,2411,23.0,0.047619047619047616,0.00953961012028204,1.9166666666666667,21.0,504.0,104.82608695652173,True,11.0,-22.0,-11.0,-24915.0,-31636.0,-56551.0,2025,2,2025-02,Wednesday,2,False,Stagnation Regime (2025),13.285714285714286,35.86666666666667,4.386125310363273,18.142857142857142,50.833333333333336,5.785861256252395,10.428571428571429,43.4,5.533448076837201,2463.4285714285716,3467.7,60.69831722760492,23.571428571428573,90.93333333333334,8.521681032477451,0.6232757217719624,0.8973238388202354,0.32483275936272915,0.00960363899209909,0.02456517056529398,0.0035157010506579683,2.1074925074925073,3.195992552864104,1.426590065837392,4.280766852195424,2.082773374864288,7.381913513302565,124.72711112667798,62.02125288220413,72.22856383968274,-10.285714285714286,-55.06666666666667,11.657819774929331,0.7344700735562164
2025-02-27,10.0,15.0,17.0,2391,37.0,1.1333333333333333,0.01547469677959013,3.7,0.8823529411764706,21.176470588235293,64.62162162162163,False,-7.0,-20.0,-27.0,-24922.0,-31656.0,-56578.0,2025,2,2025-02,Thursday,3,False,Stagnation Regime (2025),12.142857142857142,32.43333333333333,3.976119189566489,17.571428571428573,45.93333333333333,5.883795341398324,11.285714285714286,40.4,6.074928962940017,2442.714285714286,3383.9666666666667,56.39359977174001,27.571428571428573,86.7,6.972736021052522,0.7024737167594309,0.9130851556926634,0.3758070064678302,0.01130732483217573,0.02396603016356939,0.0029340674496655074,2.5646353646353646,3.2709483050764936,1.335424158889003,4.160064025610245,2.061717849850544,7.437324601466208,93.70480310436996,63.17876222081103,24.196643754625658,-15.428571428571429,-54.266666666666666,9.466733735508756,0.7981501042705716
2025-03-02,12.0,24.0,4.0,2297,31.0,0.16666666666666666,0.013495864170657379,2.5833333333333335,6.0,144.0,74.09677419354838,True,8.0,-27.0,-19.0,-24914.0,-31683.0,-56597.0,2025,3,2025-03,Sunday,6,True,Stagnation Regime (2025),12.142857142857142,29.3,3.976119189566489,18.571428571428573,40.2,6.347102826181851,9.428571428571429,36.166666666666664,6.023762469231348,2409.714285714286,3297.8333333333335,65.08638947748564,29.285714285714285,82.43333333333334,5.908025211946588,0.583426097711812,0.8963617996835931,0.3972292354895518,0.012161616458725337,0.023330049237645596,0.0024818685223595488,2.7074925074925074,3.307059416187605,1.2645608525890981,4.874349739895959,2.2118450763136486,7.322462183103849,85.28253776359868,64.62538425367774,17.571505018731948,-17.142857142857142,-53.13333333333333,8.745066636462102,0.8321285178479183
2025-03-03,8.0,29.0,18.0,2287,25.0,0.6206896551724138,0.010931351114997814,3.125,1.6111111111111112,38.66666666666667,91.48,False,-10.0,-7.0,-17.0,-24924.0,-31690.0,-56614.0,2025,3,2025-03,Monday,0,False,Stagnation Regime (2025),11.428571428571429,26.7,4.2370250120216,19.142857142857142,36.1,7.151423434762311,9.857142857142858,31.166666666666668,6.5683222471848115,2376.4285714285716,3219.8,58.53448312116831,28.285714285714285,77.4,5.9641787843477525,0.5863817627364425,0.880209349592849,0.3974500220055094,0.01190917908966607,0.022426781396679085,0.0025078994666728055,2.8022727272727272,3.3430090285907057,1.2679130479225051,4.86641323195945,2.2353900498586223,7.326547268562915,87.10110919217011,66.79820243549592,17.440999617725453,-16.857142857142858,-50.7,8.706866474771271,0.8258628494942348
2025-03-04,4.0,25.0,10.0,2272,30.0,0.4,0.013204225352112676,7.5,2.5,60.0,75.73333333333333,False,-6.0,-20.0,-26.0,-24930.0,-31710.0,-56640.0,2025,3,2025-03,Tuesday,1,False,Stagnation Regime (2025),11.0,24.033333333333335,4.864839839787402,20.428571428571427,33.0,7.299706452051522,10.142857142857142,26.966666666666665,6.517376042257822,2354.8571428571427,3140.9333333333334,65.87470068586777,27.571428571428573,74.16666666666667,5.287001130377853,0.5720960484507283,0.8551246038301371,0.40283307152214554,0.011731939423854445,0.02195417249329472,0.0023368322619599304,3.1594155844155845,3.5426122031938805,2.081321703602947,4.9378418033880225,2.2898018145645045,7.296319183365068,88.03036089285037,68.1053240452947,16.476675265335786,-16.571428571428573,-50.13333333333333,8.303757038374437,0.839097571662495
2025-03-05,5.0,20.0,4.0,2238,40.0,0.2,0.017873100983020553,8.0,5.0,120.0,55.95,True,1.0,-36.0,-35.0,-24929.0,-31746.0,-56675.0,2025,3,2025-03,Wednesday,2,False,Stagnation Regime (2025),8.857142857142858,22.233333333333334,3.2877840272198116,20.142857142857142,31.533333333333335,7.267016155887684,8.714285714285714,23.2,6.626066850309305,2329.8571428571427,3057.9333333333334,72.95758715709992,29.857142857142858,73.7,6.743603671363312,0.5097583861130659,0.8008537704968037,0.4244153151627597,0.01286436454208478,0.02216923186616359,0.003117497294273659,4.130844155844156,3.7787703952842757,2.5487785953787676,5.427637721755368,2.438234862997553,7.146204902543211,81.66012279761229,67.05180552677618,19.224299796158157,-21.0,-51.46666666666667,8.736894948052523,0.8157522916612886
2025-03-06,7.0,27.0,6.0,2218,33.0,0.2222222222222222,0.014878268710550046,4.714285714285714,4.5,108.0,67.21212121212122,True,1.0,-27.0,-26.0,-24928.0,-31773.0,-56701.0,2025,3,2025-03,Thursday,3,False,Stagnation Regime (2025),8.285714285714286,20.4,3.1997023671294254,23.0,29.2,4.7258156262953674,8.571428571428571,21.666666666666668,6.6797490685693885,2302.0,2974.633333333333,73.14825128902791,31.285714285714285,72.03333333333333,6.074928962958763,0.39864727500195485,0.790391762096651,0.37342795176142596,0.013628159604458663,0.022078643169305873,0.0028041111149285985,4.50561224489796,3.891289596513154,2.386543704066601,5.927637721755368,2.526055375818066,6.903091131303765,76.27427675959233,67.39783205714006,16.745334090090218,-23.0,-51.63333333333333,7.895146188216268,0.8373976346573068
2025-03-09,12.0,25.0,15.0,2137,30.0,0.6,0.014038371548900327,2.5,1.6666666666666667,40.0,71.23333333333333,False,-3.0,-15.0,-18.0,-24931.0,-31788.0,-56719.0,2025,3,2025-03,Sunday,6,True,Stagnation Regime (2025),8.285714285714286,17.766666666666666,3.1997023671294254,23.571428571428573,27.533333333333335,4.6853368024918085,10.571428571428571,18.933333333333334,6.106202935189755,2262.8571428571427,2891.8333333333335,78.23347231493688,32.285714285714285,67.23333333333333,4.956957592279891,0.47755883962780515,0.7672806509855399,0.34409869445723906,0.014270839808546988,0.0212914493074251,0.002150155301015469,4.588945578231292,3.9108866661102235,2.2892784622834674,3.165732959850607,2.5558377354973323,1.9790126869786557,71.4753119562797,68.88702745943891,11.04107547262833,-24.0,-49.46666666666667,6.429100507326506,0.8669011286698568
2025-03-10,6.0,28.0,8.0,2125,23.0,0.2857142857142857,0.010823529411764706,3.8333333333333335,3.5,84.0,92.3913043478261,True,-2.0,-15.0,-17.0,-24933.0,-31803.0,-56736.0,2025,3,2025-03,Monday,0,False,Stagnation Regime (2025),7.714285714285714,17.0,3.199702367129503,25.428571428571427,26.766666666666666,2.9920529662392576,9.285714285714286,18.833333333333332,5.437961803050335,2224.8571428571427,2821.3,69.76013324565606,30.285714285714285,61.93333333333333,5.529143565839338,0.35647040425365545,0.7696149180256894,0.18909907066802975,0.013606387327429071,0.02022175338850106,0.0024180985842288355,4.607993197278911,3.829469041589151,2.2811897922024826,3.53968253968254,2.517958947618544,1.7038187216753944,75.44240948859462,71.18999767762652,12.98571466559311,-22.571428571428573,-44.93333333333333,6.754187413673099,0.8456187209019039
2025-03-11,3.0,11.0,7.0,2116,20.0,0.6363636363636364,0.00945179584120983,6.666666666666667,1.5714285714285714,37.714285714285715,105.8,False,-4.0,-13.0,-17.0,-24937.0,-31816.0,-56753.0,2025,3,2025-03,Tuesday,1,False,Stagnation Regime (2025),6.428571428571429,16.0,2.992052966192439,23.571428571428573,25.366666666666667,6.267831705312253,9.714285714285714,17.933333333333334,5.056820005837106,2199.0,2753.133333333333,72.06941098673762,28.714285714285715,58.36666666666667,6.725927091362961,0.42356997135322266,0.7694433914390684,0.19379931648030982,0.013028663280365135,0.019519429608121933,0.002886614629214986,5.191326530612245,3.9234084355285446,2.1977225201230954,2.9070294784580497,2.518379115685772,1.4397396654058083,79.97144174665914,73.62453836004121,17.262485081847167,-22.285714285714285,-42.36666666666667,6.969320524369722,0.8102176437752389
2025-03-12,6.0,18.0,2.0,2113,8.0,0.1111111111111111,0.003786086133459536,1.3333333333333333,9.0,216.0,264.125,True,4.0,-6.0,-2.0,-24933.0,-31822.0,-56755.0,2025,3,2025-03,Wednesday,2,False,Stagnation Regime (2025),6.142857142857143,15.133333333333333,2.911389784331659,22.0,24.333333333333332,6.055300708228489,7.428571428571429,16.7,4.237025012008676,2174.1428571428573,2687.0333333333333,66.44654134804881,26.285714285714285,55.266666666666666,10.37166469626092,0.3507730364873222,0.7466164828978742,0.20290706572350695,0.012007911140145381,0.018823692375070585,0.004541076112933821,4.935374149659864,3.862644546639656,2.5539423930683207,3.962585034013606,2.7764987738054296,2.584653570286213,104.63501317523057,81.07688984518973,72.23803725902343,-20.142857142857142,-40.13333333333333,10.350983390133978,0.7170647497367236
2025-03-13,4.0,20.0,9.0,2116,6.0,0.45,0.002835538752362949,1.5,2.2222222222222223,53.333333333333336,352.6666666666667,False,-5.0,3.0,-2.0,-24938.0,-31819.0,-56757.0,2025,3,2025-03,Thursday,3,False,Stagnation Regime (2025),6.142857142857143,14.2,2.911389784331659,21.285714285714285,23.333333333333332,5.936168397080913,7.285714285714286,15.7,4.151878519188805,2151.8571428571427,2623.0333333333333,52.94471510092186,22.857142857142858,52.166666666666664,12.65475630516431,0.35791589363017934,0.7356164828978742,0.20578840970653423,0.010526670197323992,0.018100569104543142,0.005643151572072619,4.078231292517007,3.8095195466396556,2.5566046212287925,3.922902494331066,2.8078378051444606,2.6128301793781596,144.19691793713534,91.47352284182274,116.21702976149015,-16.714285714285715,-37.96666666666667,11.940327825122754,0.6436474363895399
2025-03-16,1.0,9.0,8.0,2117,5.0,0.8888888888888888,0.0023618327822390174,5.0,1.125,27.0,423.4,False,-7.0,3.0,-4.0,-24945.0,-31816.0,-56761.0,2025,3,2025-03,Sunday,6,True,Stagnation Regime (2025),5.571428571428571,12.666666666666666,3.505098327555883,19.714285714285715,22.233333333333334,7.56558624552683,7.857142857142857,14.4,3.8913824205368512,2134.5714285714284,2562.8333333333335,37.68667820676826,17.857142857142858,47.03333333333333,11.625096005758364,0.4563285920428778,0.7279445252259165,0.27181264846341424,0.008310774740069488,0.016828289981463216,0.00531341280747265,3.6496598639455784,3.863420255859514,1.974885507445865,3.3693310657596376,2.8155505711019075,2.7533107138790602,196.68977507999244,104.76442430932796,148.27717861624052,-12.285714285714286,-34.36666666666667,9.534398874849618,0.6056915467031669
2025-03-17,5.0,14.0,0.0,2111,8.0,0.0,0.0037896731406916154,1.6,,,263.875,False,5.0,-8.0,-3.0,-24940.0,-31824.0,-56764.0,2025,3,2025-03,Monday,0,False,Stagnation Regime (2025),5.285714285714286,12.166666666666666,3.4503277967293076,17.857142857142858,21.966666666666665,7.0575862594754275,7.0,13.033333333333333,4.898979485566992,2119.285714285714,2517.1,8.957571948511832,14.285714285714286,41.7,9.911513266819526,0.424582560296846,0.6658233131047043,0.31349322507088373,0.0067266896586611405,0.015346803059738925,0.004639275047161659,3.204761904761905,3.6367535891928475,2.044634221695682,3.1808862433862437,2.8941355781794336,2.9662379667732344,224.7844720496894,112.86918621408988,137.9256670590147,-9.0,-29.533333333333335,7.83156008297867,0.59038640913299
2025-03-18,19.0,34.0,6.0,2109,8.0,0.17647058823529413,0.003793266951161688,0.42105263157894735,5.666666666666667,136.0,263.625,True,13.0,-2.0,11.0,-24927.0,-31826.0,-56753.0,2025,3,2025-03,Tuesday,1,False,Stagnation Regime (2025),6.285714285714286,12.033333333333333,5.879747322083553,19.142857142857142,21.6,9.09997383567306,5.714285714285714,12.866666666666667,3.401680257083989,2115.285714285714,2473.9666666666667,5.186980034606052,11.142857142857142,38.56666666666667,7.221001117788543,0.3640783586161737,0.6635575178977327,0.31486266227600895,0.005263103287555621,0.014474126866525126,0.0033982083278379024,2.9077694235588973,3.502962589955624,2.2992060528632483,3.8475529100529102,2.9484720463090053,3.007072167315303,252.26899585921322,120.5445947108219,120.26621780392054,-4.857142857142857,-26.533333333333335,9.719886340701814,0.606781918303989
2025-03-19,6.0,22.0,14.0,2119,9.0,0.6363636363636364,0.004247286455875413,1.5,1.5714285714285714,37.714285714285715,235.44444444444446,False,-8.0,5.0,-3.0,-24935.0,-31821.0,-56756.0,2025,3,2025-03,Wednesday,2,False,Stagnation Regime (2025),6.285714285714286,11.1,5.879747322083553,18.285714285714285,20.533333333333335,8.38081709849983,6.571428571428571,12.366666666666667,4.613644360559294,2114.4285714285716,2432.633333333333,3.552329882440656,9.142857142857142,36.4,4.980915960922381,0.4141711229946524,0.6668684045419526,0.32793910151833394,0.004323640008142864,0.013881357542373943,0.002353094608365191,2.574436090225564,3.4804135703477805,2.311761927700408,3.5261243386243386,2.9384499637542234,3.151268510223143,272.70515873015876,126.87967979590698,98.81169877283727,-2.857142857142857,-25.3,8.112306935113766,0.6473381493512178
2025-03-20,9.0,20.0,11.0,2124,7.0,0.55,0.003295668549905838,0.7777777777777778,1.8181818181818181,43.63636363636363,303.42857142857144,False,-2.0,4.0,2.0,-24937.0,-31817.0,-56754.0,2025,3,2025-03,Thursday,3,False,Stagnation Regime (2025),7.142857142857143,10.533333333333333,5.756983337041765,19.571428571428573,20.0,7.742892286012422,7.142857142857143,11.533333333333333,4.913538149120585,2115.5714285714284,2393.766666666667,5.09434793933647,7.285714285714286,33.166666666666664,1.380131118774813,0.40183346065699005,0.6518684045419526,0.31970788001849265,0.0034441932522422942,0.012937515085729469,0.0006541001848578675,1.7331662489557227,3.373006162940373,1.5051547341446112,3.5672498797498804,2.966663129898424,3.1221322959690614,300.93781179138324,135.93947833070553,65.94129721605024,-0.14285714285714285,-22.633333333333333,5.273473599961861,0.8407390099458877
2025-03-23,15.0,29.0,9.0,2136,2.0,0.3103448275862069,0.0009363295880149813,0.13333333333333333,3.2222222222222223,77.33333333333334,1068.0,True,6.0,7.0,13.0,-24931.0,-31810.0,-56741.0,2025,3,2025-03,Sunday,6,True,Stagnation Regime (2025),8.428571428571429,10.2,6.425396041166067,21.142857142857142,19.9,8.454359258784642,8.142857142857142,10.933333333333334,4.375255094604565,2118.8571428571427,2358.9333333333334,9.044861733834644,6.428571428571429,28.4,2.370453040938985,0.4302954201534323,0.6340882321281595,0.2976180087412269,0.003037085174321643,0.011449287740235134,0.0011239374847200722,1.5617376775271512,3.1841172740514847,1.62207836607273,2.6042869167869167,3.036905786347977,1.6600623226141904,415.7770975056689,170.80821396288943,294.6190519792877,2.0,-18.2,7.118052168018819,0.7306004717735625
2025-03-24,7.0,13.0,11.0,2139,7.0,0.8461538461538461,0.0032725572697522207,1.0,1.1818181818181819,28.363636363636367,305.57142857142856,False,-4.0,4.0,0.0,-24935.0,-31806.0,-56741.0,2025,3,2025-03,Monday,0,False,Stagnation Regime (2025),8.857142857142858,9.933333333333334,6.1759903775002,20.142857142857142,19.9,9.007933011699517,8.428571428571429,10.533333333333333,4.503966505839081,2122.1428571428573,2334.3,11.639423974186858,6.571428571428571,25.333333333333332,2.3704530409389655,0.4868888267468389,0.6033190013589288,0.3370433055959437,0.003099516391091539,0.010411743378668618,0.001123013458444425,1.4903091060985798,2.997450607384818,1.636197458840667,2.4308862433862437,3.058167882572592,1.759322124270141,409.0492063492064,180.02490467958015,296.82986880358243,2.2857142857142856,-15.4,6.969320524369595,0.7349044481129803
2025-03-25,12.0,19.0,7.0,2145,6.0,0.3684210526315789,0.002797202797202797,0.5,2.7142857142857144,65.14285714285714,357.5,False,5.0,1.0,6.0,-24930.0,-31805.0,-56735.0,2025,3,2025-03,Tuesday,1,False,Stagnation Regime (2025),10.428571428571429,9.8,5.159365040309143,21.571428571428573,19.933333333333334,7.634508123390839,8.285714285714286,10.266666666666667,4.535573676111392,2126.1428571428573,2311.3333333333335,14.123604017774793,6.714285714285714,23.433333333333334,2.288688541139732,0.4125362787100803,0.5878219253355369,0.28732142071988126,0.0031617121075149363,0.009763981354759803,0.0010868220967093453,0.847451963241437,2.8828672740514847,0.5526870057470791,2.6957671957671963,3.1103846313410646,1.6389067423479118,399.6349206349206,190.4421004467759,297.3434602307477,3.7142857142857144,-13.633333333333333,6.473388749699227,0.7457852842619755
2025-03-26,9.0,21.0,15.0,2159,2.0,0.7142857142857143,0.0009263547938860583,0.2222222222222222,1.4,33.599999999999994,1079.5,False,-6.0,13.0,7.0,-24936.0,-31792.0,-56728.0,2025,3,2025-03,Wednesday,2,False,Stagnation Regime (2025),11.0,9.733333333333333,4.654746681268779,22.571428571428573,19.9,6.900655593452871,10.428571428571429,10.366666666666667,3.3594217189450917,2133.0,2290.0,16.92138686125025,5.857142857142857,21.833333333333332,2.794552524067751,0.514577095036611,0.5934496309632425,0.23920069539653183,0.002752666629399857,0.00919940909166688,0.0013240313099026424,0.65062656641604,2.738759529943741,0.4806557294480633,2.5106575963718822,3.095442102605433,1.5742315707287982,516.1527777777777,224.55943378010926,382.80318983978975,5.142857142857143,-12.1,5.814595756326859,0.6769936525808753
2025-03-27,1.0,19.0,13.0,2159,2.0,0.6842105263157895,0.0009263547938860583,2.0,1.4615384615384615,35.07692307692307,1079.5,False,-12.0,11.0,-1.0,-24948.0,-31781.0,-56729.0,2025,3,2025-03,Thursday,3,False,Stagnation Regime (2025),8.428571428571429,9.233333333333333,4.466808810828962,20.428571428571427,19.866666666666667,4.755948656099635,11.428571428571429,10.133333333333333,2.8199966227615434,2140.1428571428573,2270.233333333333,15.60372360851712,5.0,19.7,2.9439202888184397,0.5871113719052532,0.5829233151737689,0.19189093164662932,0.002343107749789052,0.00843086898014525,0.001390248779740843,0.8761904761904761,2.6679261966104075,0.6829019587349224,1.9099249956392814,3.1113572219688277,0.7619416353288438,632.7063492063492,259.15286812354356,415.8778590836365,3.4285714285714284,-10.466666666666667,5.563486402639228,0.6294121564937918
2025-03-30,9.0,20.0,5.0,2188,2.0,0.25,0.0009140767824497258,0.2222222222222222,4.0,96.0,1094.0,True,4.0,3.0,7.0,-24944.0,-31778.0,-56722.0,2025,3,2025-03,Sunday,6,True,Stagnation Regime (2025),8.857142857142858,9.033333333333333,4.336994790133108,20.142857142857142,20.2,4.7056197406150355,10.142857142857142,9.533333333333333,3.436498771937735,2150.0,2253.0666666666666,20.91251618787641,4.0,17.366666666666667,2.516611478473416,0.531916566710448,0.5145899818404356,0.22760558127287633,0.0018669349392996684,0.007573435875483291,0.0011850315860897091,0.6936507936507936,2.5153336040178145,0.6587135842882161,2.2568637711494857,3.2342957527034604,1.0719606981965284,755.3571428571429,294.3681459013214,405.66789640896025,4.857142857142857,-8.333333333333334,4.879500364739646,0.6138159399579612
2025-03-31,9.0,25.0,8.0,2193,5.0,0.32,0.002279981760145919,0.5555555555555556,3.125,75.0,438.6,True,1.0,3.0,4.0,-24943.0,-31775.0,-56718.0,2025,3,2025-03,Monday,0,False,Stagnation Regime (2025),8.857142857142858,9.066666666666666,4.336994790133108,20.857142857142858,20.466666666666665,5.047394424512323,9.714285714285714,9.333333333333334,3.498298906340202,2159.8571428571427,2241.766666666667,22.79202032403227,3.7142857142857144,17.033333333333335,2.2146697056249516,0.49905942385330515,0.4978056681149453,0.24078008001391588,0.001721836826476823,0.007451962913617697,0.001033420926656049,0.661904761904762,2.471352122536333,0.6593380251383343,2.443552082837797,3.3001824522108496,1.0963461593557005,774.6673469387755,303.3614792346547,383.1631765247143,5.142857142857143,-7.966666666666667,4.7409060817697055,0.626465448165181
2025-04-01,17.0,36.0,7.0,2191,12.0,0.19444444444444445,0.005476951163852123,0.7058823529411765,5.142857142857143,123.42857142857144,182.58333333333334,True,10.0,-5.0,5.0,-24933.0,-31780.0,-56713.0,2025,4,2025-04,Tuesday,1,False,Stagnation Regime (2025),9.142857142857142,9.033333333333333,4.845223470213541,21.857142857142858,21.033333333333335,7.17469096732371,9.428571428571429,9.2,3.6449573777645385,2167.714285714286,2230.266666666667,22.676818454382854,5.142857142857143,17.133333333333333,3.670993118549879,0.48250222626162476,0.48498890398239175,0.25920017453711436,0.0023704970515964147,0.007516231422444313,0.001680589892538944,0.7436974789915966,2.4782148676343723,0.6169921287709844,2.717928500071357,3.417961225162036,1.492469603238403,648.1792517006803,300.05499775317315,415.0118241736249,4.0,-8.1,3.265986323706401,0.583497222022938
2025-04-02,5.0,31.0,16.0,2208,3.0,0.5161290322580645,0.001358695652173913,0.6,1.9375,46.5,736.0,False,-11.0,13.0,2.0,-24944.0,-31767.0,-56711.0,2025,4,2025-04,Wednesday,2,False,Stagnation Regime (2025),8.857142857142858,8.8,5.047394424483626,24.428571428571427,21.5,6.679749068599011,10.142857142857142,9.166666666666666,4.413183712037856,2177.5714285714284,2219.6,23.107409654207476,4.571428571428571,16.6,3.6449573777980913,0.4353558242765131,0.4688598717243273,0.20673540326172005,0.0020970882490852277,0.00731099385135644,0.001664985342432182,0.6865546218487395,2.4454370898565947,0.6077522195391039,2.8258830455259027,3.4502888113689325,1.3864010690893915,709.6690476190477,320.1532433672083,386.7114091005999,4.285714285714286,-7.8,2.9277002188405725,0.5563794835926421
2025-04-03,12.0,26.0,18.0,2223,8.0,0.6923076923076923,0.003598740440845704,0.6666666666666666,1.4444444444444444,34.666666666666664,277.875,False,-6.0,10.0,4.0,-24950.0,-31757.0,-56707.0,2025,4,2025-04,Thursday,3,False,Stagnation Regime (2025),8.857142857142858,8.766666666666667,5.047394424483626,25.428571428571427,21.533333333333335,6.241184258839107,11.714285714285714,9.266666666666667,5.023753102820716,2188.714285714286,2209.7,23.584700447813972,4.857142857142857,15.8,3.8483144115020123,0.4816253442302436,0.4719367948012503,0.224720226527353,0.0022115936267485003,0.007007671442770872,0.001746714806764431,0.7103641456582633,2.3856080300275346,0.6024673175075123,2.6444771498342923,3.442625976119891,1.4831390976298375,698.2940476190477,326.7907433672083,399.74817294866244,4.0,-7.033333333333333,2.82842712474099,0.5579423007034002
2025-04-06,7.0,14.0,7.0,2234,11.0,0.5,0.004923903312444047,1.5714285714285714,2.0,48.0,203.0909090909091,False,0.0,-4.0,-4.0,-24950.0,-31761.0,-56711.0,2025,4,2025-04,Sunday,6,True,Stagnation Regime (2025),8.571428571428571,8.766666666666667,5.094347941837023,24.428571428571427,21.466666666666665,7.502380574598707,10.571428571428571,9.233333333333333,5.061526214399498,2199.4285714285716,2203.4,24.838526142415233,6.142857142857143,15.0,4.220133150716131,0.4510130993322844,0.4719367948012503,0.20109785954417347,0.0027826719865424983,0.0066903047860925385,0.0019029778076944785,0.903107909830599,2.2713223157418203,0.635203315155634,2.7301914355485786,3.442625976119891,1.4150034361724926,573.092748917749,331.25282128928626,397.695910748562,2.4285714285714284,-6.233333333333333,3.7796447300883957,0.5927687828354626
2025-04-07,12.0,22.0,9.0,2237,5.0,0.4090909090909091,0.002235136343316942,0.4166666666666667,2.4444444444444446,58.66666666666667,447.4,False,3.0,4.0,7.0,-24947.0,-31757.0,-56704.0,2025,4,2025-04,Monday,0,False,Stagnation Regime (2025),10.142857142857142,8.5,3.9339789623620596,24.857142857142858,21.466666666666665,7.221001117799262,10.0,9.066666666666666,4.966554808584361,2210.5714285714284,2197.5333333333333,20.85551200348454,6.571428571428571,14.366666666666667,3.866830866824941,0.4117102968715872,0.46436103722549277,0.17282242948256796,0.002969640779318339,0.006433271825689497,0.0017481956256863024,0.6769174336401227,2.245211204630709,0.42743760060153935,2.870606575963719,3.472729971741128,1.313238010868269,482.79274891774895,342.81476573373067,329.45509500248716,3.5714285714285716,-5.866666666666666,3.7796447300883846,0.6295521404024497
2025-04-08,12.0,34.0,12.0,2243,9.0,0.35294117647058826,0.004012483281319661,0.75,2.8333333333333335,68.0,249.22222222222223,False,0.0,3.0,3.0,-24947.0,-31754.0,-56701.0,2025,4,2025-04,Tuesday,1,False,Stagnation Regime (2025),10.571428571428571,8.533333333333333,3.9520940802521434,26.857142857142858,22.366666666666667,7.581305328014974,11.0,9.233333333333333,4.472135955000208,2218.4285714285716,2191.866666666667,21.290507609280873,7.571428571428571,13.9,3.3594217189812325,0.42641617922452835,0.44279240977451234,0.16072507653417767,0.003412270279156901,0.0062492978259357235,0.0015181051069166833,0.7523142590369483,2.2005142349337397,0.3774956890941373,2.7039399092970524,3.5359483625457258,1.2164826196217542,362.11020923520925,347.62507169186273,195.90597966639342,3.0,-5.366666666666666,3.464101615133519,0.6926660205081553
2025-04-09,6.0,19.0,10.0,2251,5.0,0.5263157894736842,0.002221235006663705,0.8333333333333334,1.9,45.599999999999994,450.2,False,-4.0,5.0,1.0,-24951.0,-31749.0,-56700.0,2025,4,2025-04,Wednesday,2,False,Stagnation Regime (2025),10.142857142857142,8.333333333333334,4.298393941498065,26.0,22.3,8.144527815271582,11.285714285714286,9.533333333333333,4.30945803685732,2226.714285714286,2186.5333333333333,21.02945779646381,7.571428571428571,13.3,3.3594217189812325,0.45588986343505467,0.4587489678363336,0.15682790135585858,0.003403877885802299,0.006005351988815113,0.001525551998351985,0.7919967987194878,2.1644031238226287,0.3678417112070794,2.528939909297052,2.8773276728905532,1.2338039120830488,363.76735209235216,359.13753545997866,196.70825160750815,2.5714285714285716,-4.966666666666667,3.5050983275344745,0.6926660205081553
2025-04-10,18.0,25.0,17.0,2265,6.0,0.68,0.0026490066225165563,0.3333333333333333,1.4705882352941178,35.294117647058826,377.5,False,1.0,11.0,12.0,-24950.0,-31738.0,-56688.0,2025,4,2025-04,Thursday,3,False,Stagnation Regime (2025),10.285714285714286,8.6,4.572172558519481,24.428571428571427,22.633333333333333,6.852180744316564,12.714285714285714,9.533333333333333,4.309458036857297,2237.285714285714,2182.3333333333335,18.535679878186787,6.714285714285714,12.266666666666667,2.7516228977964357,0.5252549428001341,0.44363785672522243,0.12633354688734022,0.002999885808468647,0.0055778289835793264,0.0012310959897713154,0.7387755102040817,2.0521809016004062,0.4072210875499462,2.004330065359477,2.8976116485497827,0.4991107265757012,391.6125901875902,369.56681473925795,179.8602482835493,3.5714285714285716,-3.6666666666666665,4.9952358254992895,0.7093123322272197
2025-04-11,8.0,22.0,8.0,2267,9.0,0.36363636363636365,0.003970004411116012,1.125,2.75,66.0,251.88888888888889,False,0.0,-1.0,-1.0,-24950.0,-31739.0,-56689.0,2025,4,2025-04,Friday,4,False,Stagnation Regime (2025),10.714285714285714,8.466666666666667,4.11154008917318,23.142857142857142,22.566666666666666,6.229729031822144,11.571428571428571,9.666666666666666,4.353433237387073,2245.714285714286,2181.3333333333335,16.2758951176265,7.571428571428571,11.533333333333333,2.2990681342584907,0.5034702758541768,0.45020351329087904,0.140520622036343,0.0033729299168889465,0.005260300324927947,0.0010301355608592102,0.8137755102040816,2.003569790489295,0.42534491869498836,2.1204014939309057,2.785542683032541,0.5703680774105597,322.45386002886005,375.4932185624359,101.27336639252812,3.142857142857143,-3.066666666666667,5.273473599961837,0.7670767538037025
2025-04-13,5.0,26.0,10.0,2283,3.0,0.38461538461538464,0.001314060446780552,0.6,2.6,62.400000000000006,761.0,False,-5.0,7.0,2.0,-24955.0,-31732.0,-56687.0,2025,4,2025-04,Sunday,6,True,Stagnation Regime (2025),9.714285714285714,8.366666666666667,4.572172558519535,23.142857142857142,22.466666666666665,6.229729031822144,10.428571428571429,9.4,3.3094381626473495,2254.285714285714,2181.2,18.025114753587594,6.857142857142857,10.8,2.8535691936776533,0.4595142318981328,0.44233437093897804,0.11791116007512537,0.003046547060593925,0.004939723969320705,0.0012786287161455365,0.8042517006802722,1.9194031238226286,0.42990964853851504,2.285480859010271,2.8196422998907784,0.5056772487173892,391.47171717171716,397.8105518957693,190.84415908135742,2.857142857142857,-2.433333333333333,5.2734735999618385,0.7061421264739757
2025-04-14,5.0,26.0,9.0,2282,13.0,0.34615384615384615,0.0056967572304995615,2.6,2.888888888888889,69.33333333333333,175.53846153846155,False,-4.0,-4.0,-8.0,-24959.0,-31736.0,-56695.0,2025,4,2025-04,Monday,0,False,Stagnation Regime (2025),9.428571428571429,8.4,4.825527358313463,24.857142857142858,22.5,4.7759317216565025,10.714285714285714,9.366666666666667,3.0394235042357796,2261.1428571428573,2181.5333333333333,18.151479015535998,7.142857142857143,10.233333333333333,3.3876526499095627,0.43753620992011083,0.44053949914410634,0.12332105491250683,0.003156954763173284,0.004689475031933602,0.0014845407137843735,0.9511904761904761,1.7560697904892952,0.7739453482749421,2.4124649859943976,2.833052261576602,0.5329140064059171,387.5356532356532,401.13738950260694,195.60178602322796,2.2857142857142856,-1.8333333333333333,6.264031867580651,0.678301172822943
2025-04-15,4.0,19.0,12.0,2286,7.0,0.631578947368421,0.0030621172353455816,1.75,1.5833333333333333,38.0,326.57142857142856,False,-8.0,5.0,-3.0,-24967.0,-31731.0,-56698.0,2025,4,2025-04,Tuesday,1,False,Stagnation Regime (2025),8.285714285714286,8.366666666666667,5.056820005848239,24.428571428571427,22.466666666666665,5.1915682556220615,11.142857142857142,9.633333333333333,2.9680841985242625,2268.1428571428573,2183.133333333333,16.677615450600857,7.428571428571429,9.133333333333333,3.258688021166838,0.46932021538832686,0.45492546405638695,0.14202135009705788,0.0032750948906059467,0.004195775573677769,0.0014308920361572788,1.1416666666666668,1.547736457155962,0.7844702151889114,2.2894491129785246,2.7152361696225795,0.6170481215602698,370.27442874585734,410.15810378832117,194.76806709179257,0.8571428571428571,-0.7666666666666667,6.148944934661117,0.6950866556115428
2025-04-16,11.0,30.0,5.0,2291,8.0,0.16666666666666666,0.003491924923614142,0.7272727272727273,6.0,144.0,286.375,True,6.0,-3.0,3.0,-24961.0,-31734.0,-56695.0,2025,4,2025-04,Wednesday,2,False,Stagnation Regime (2025),8.142857142857142,8.5,4.947341758592084,23.857142857142858,22.566666666666666,4.059087394549808,10.142857142857142,9.6,3.7161167647868063,2275.0,2185.5666666666666,14.317821062412861,7.285714285714286,8.3,3.1997023671497877,0.4427095711306238,0.4530736122045351,0.17986966968709772,0.0032007294109337304,0.003816230780779906,0.0013993614119374076,1.1384199134199136,1.414836024255529,0.786406052928273,2.7418300653594767,2.7669603075536138,1.5451174962556276,375.581968428397,417.4635330812505,191.39657230878262,0.8571428571428571,0.2,6.148944934661117,0.694842611115907
2025-04-17,7.0,26.0,10.0,2288,14.0,0.38461538461538464,0.006118881118881119,2.0,2.6,62.400000000000006,163.42857142857142,False,-3.0,-4.0,-7.0,-24964.0,-31738.0,-56702.0,2025,4,2025-04,Thursday,3,False,Stagnation Regime (2025),8.285714285714286,8.333333333333334,4.889249625952874,24.857142857142858,22.6,3.4846602622433895,10.142857142857142,9.433333333333334,3.7161167647868063,2280.285714285714,2190.6,10.226017237747413,8.571428571428571,7.766666666666667,3.866830866824776,0.42246665615086665,0.44589412502504794,0.17684036772994347,0.0037575359983933604,0.003552247766445932,0.0016899329000016473,1.30508658008658,1.3981693575888623,0.833207143141421,2.8418300653594772,2.799144215599591,1.503649248323795,334.6146214896215,420.5367076844251,203.09637940554114,-0.2857142857142857,0.5666666666666667,6.824326235709973,0.6891180083499063
2025-04-20,4.0,15.0,6.0,2305,4.0,0.4,0.0017353579175704988,1.0,2.5,60.0,576.25,False,-2.0,2.0,0.0,-24966.0,-31736.0,-56702.0,2025,4,2025-04,Sunday,6,True,Stagnation Regime (2025),6.285714285714286,8.266666666666667,2.5634797778700587,23.428571428571427,22.166666666666668,5.094347941865015,8.571428571428571,9.366666666666667,2.43975018237256,2286.0,2196.6,11.372481405068092,8.285714285714286,7.133333333333334,4.151878519217935,0.3824666561508666,0.4497036488345717,0.13577949120888042,0.0036270147548296385,0.0032493087166394585,0.001820089534760881,1.4003246753246752,1.3037249131444177,0.7360577701028537,2.9888888888888885,2.764661456978901,1.3934923708633384,363.00747863247864,436.6653308728309,223.00756940313698,-2.0,1.1333333333333333,4.242640687115868,0.6661831124129199
2025-04-21,10.0,25.0,5.0,2308,6.0,0.2,0.0025996533795493936,0.6,5.0,120.0,384.6666666666667,True,5.0,-1.0,4.0,-24961.0,-31737.0,-56698.0,2025,4,2025-04,Monday,0,False,Stagnation Regime (2025),6.571428571428571,8.5,2.8784916685365256,23.857142857142858,22.633333333333333,5.0803074523031055,8.142857142857142,9.3,2.7945525240241698,2291.8571428571427,2203.0,10.47900395003348,7.857142857142857,6.666666666666667,4.220133150716001,0.35909003277424334,0.43515819428911723,0.152605513467952,0.003431250321748693,0.0030209039679174447,0.0018504917808318839,1.3253246753246752,1.1015026909221957,0.7933081741105432,3.31031746031746,2.8828880579641227,1.576663758288985,381.9757326007326,445.9608864283864,217.56128366356788,-1.2857142857142858,1.8333333333333333,4.820590756127944,0.6505724347137634
2025-04-22,7.0,19.0,14.0,2305,17.0,0.7368421052631579,0.00737527114967462,2.4285714285714284,1.3571428571428572,32.57142857142857,135.58823529411765,False,-7.0,-3.0,-10.0,-24968.0,-31740.0,-56708.0,2025,4,2025-04,Tuesday,1,False,Stagnation Regime (2025),6.857142857142857,8.533333333333333,2.794552524044496,22.857142857142858,22.666666666666668,5.273473600002953,8.714285714285714,9.7,3.5456210417125145,2295.0,2209.4,10.677078250874528,9.857142857142858,6.966666666666667,4.810702354449318,0.40940813572392515,0.4560158940941854,0.20978257027089459,0.004297137565019274,0.0031405434684579473,0.0020964414803659294,1.5865491651205936,1.138010627430132,0.8154157457083173,3.132766439909297,2.6193412599345662,1.7322856395684405,292.63119478560657,441.67632760485697,155.54621573973486,-3.0,1.5666666666666667,5.537749241942771,0.6720239213700345
2025-04-23,3.0,23.0,4.0,2300,11.0,0.17391304347826086,0.004782608695652174,3.6666666666666665,5.75,138.0,209.0909090909091,True,-1.0,-7.0,-8.0,-24969.0,-31747.0,-56716.0,2025,4,2025-04,Wednesday,2,False,Stagnation Regime (2025),6.571428571428571,8.5,3.1014589501019554,22.428571428571427,22.766666666666666,5.094347941865175,8.0,9.533333333333333,3.9581140290134056,2297.5714285714284,2215.5333333333333,9.071147350860041,9.571428571428571,7.133333333333334,4.64962876144912,0.38480230677027016,0.4468129955434607,0.22776854711529695,0.004166544917183933,0.0032054457999009215,0.0020218707186082066,1.7389301175015461,1.2102328496523542,1.089853474331537,3.5414965986394558,2.7409887695131103,1.9843510304343213,297.4244015788134,436.89046901899843,151.80865078602534,-3.0,1.3666666666666667,5.537749241942771,0.6730461981403004
2025-04-24,3.0,9.0,7.0,2294,13.0,0.7777777777777778,0.005666957279860506,4.333333333333333,1.2857142857142858,30.85714285714286,176.46153846153845,False,-4.0,-6.0,-10.0,-24973.0,-31753.0,-56726.0,2025,4,2025-04,Thursday,3,False,Stagnation Regime (2025),6.428571428571429,8.566666666666666,3.258688021147107,21.0,22.766666666666666,7.187952884310942,7.285714285714286,9.5,3.545621041712544,2298.714285714286,2221.4333333333334,7.782764839485451,10.428571428571429,7.4,4.64962876144906,0.4056878539716068,0.4431092918397571,0.2587626435640226,0.004538664923543208,0.0033156166164883044,0.002024431231907036,2.107977736549165,1.188010627430132,1.4665217387422695,3.498979591836734,2.7465306414342923,2.03582050086912,275.98013156311475,428.65918696771644,157.50061734075697,-4.0,1.1666666666666667,6.137317546504972,0.6916323763544128
2025-04-27,9.0,40.0,12.0,2301,4.0,0.3,0.001738374619730552,0.4444444444444444,3.3333333333333335,80.0,575.25,True,-3.0,8.0,5.0,-24976.0,-31745.0,-56721.0,2025,4,2025-04,Sunday,6,True,Stagnation Regime (2025),6.142857142857143,8.7,2.8535691936551006,22.428571428571427,23.633333333333333,9.79552862038522,8.285714285714286,9.9,3.7733400639355668,2300.1428571428573,2227.766666666667,7.010196653315958,9.857142857142858,7.266666666666667,5.209880722540989,0.4247354730192258,0.4531092918397571,0.2426409371142974,0.004288157737274123,0.0032472399991229353,0.0022692368424168594,2.0675736961451245,1.1494921089116135,1.5140280351408524,3.1180272108843536,2.766090731164261,1.7138578925719985,317.24798870597186,439.0383536343831,194.2386055896995,-3.7142857142857144,1.4333333333333333,6.550172662207694,0.65421964763061
2025-04-28,6.0,26.0,12.0,2307,8.0,0.46153846153846156,0.0034677069787602947,1.3333333333333333,2.1666666666666665,52.0,288.375,False,-6.0,4.0,-2.0,-24982.0,-31741.0,-56723.0,2025,4,2025-04,Monday,0,False,Stagnation Regime (2025),6.0,8.266666666666667,2.8284271247674746,22.428571428571427,23.366666666666667,9.79552862038522,8.571428571428571,10.1,3.9940431835906507,2302.8571428571427,2234.366666666667,4.879500362212589,9.0,7.266666666666667,4.898979485591629,0.4357244840082369,0.462611554283196,0.24226269354945587,0.00390941857439972,0.003236388000042889,0.0021297144939565566,1.972335600907029,1.1799014656367597,1.5397367734796985,3.056122448979592,2.6494240644975937,1.7432614334746308,335.09747850189024,439.8633536343831,183.17333400908325,-3.0,1.0,6.40312423743059,0.647529554909398
2025-04-29,11.0,25.0,11.0,2304,15.0,0.44,0.006510416666666667,1.3636363636363635,2.272727272727273,54.54545454545455,153.6,False,0.0,-4.0,-4.0,-24982.0,-31745.0,-56727.0,2025,4,2025-04,Tuesday,1,False,Stagnation Regime (2025),7.0,8.433333333333334,3.2145502536829103,23.857142857142858,23.466666666666665,9.245333443234655,9.285714285714286,10.0,3.903600291794886,2302.714285714286,2240.5333333333333,4.820590753569943,10.571428571428571,7.466666666666667,4.790864322085061,0.44143876972252255,0.4560660997377415,0.24175081729120554,0.004591569824270601,0.003311825673735931,0.002081483525321657,2.024283652855081,1.1753560110913053,1.5072560073186145,3.023654916512059,2.672800687874217,1.757404307110574,274.7189070733188,437.13520548623484,158.42065028239483,-3.5714285714285716,0.9666666666666667,6.267831705277783,0.6881413240006711
2025-04-30,7.0,34.0,9.0,2309,12.0,0.2647058823529412,0.00519705500216544,1.7142857142857142,3.7777777777777777,90.66666666666666,192.41666666666666,True,-2.0,-3.0,-5.0,-24984.0,-31748.0,-56732.0,2025,4,2025-04,Wednesday,2,False,Stagnation Regime (2025),6.571428571428571,8.366666666666667,2.9358214556010593,25.142857142857142,23.933333333333334,10.023781246445429,9.857142857142858,9.933333333333334,3.436498771937742,2302.8571428571427,2246.7,5.0142653617620345,11.428571428571429,7.633333333333334,4.353433237414696,0.4506824672015141,0.4465562958161728,0.23202171533324106,0.004962627198930036,0.0033752052221445845,0.00188990908723094,2.183467326324469,1.2065729423082365,1.3857045581232246,2.8490517419088848,2.7381205531940824,1.580093716244434,247.25462135903314,433.4348086608381,152.74584261836574,-4.857142857142857,0.7333333333333333,5.304984179319327,0.7241520751291277
2025-05-01,13.0,32.0,14.0,2306,16.0,0.4375,0.006938421509106678,1.2307692307692308,2.2857142857142856,54.857142857142854,144.125,False,-1.0,-2.0,-3.0,-24985.0,-31750.0,-56735.0,2025,5,2025-05,Thursday,3,False,Stagnation Regime (2025),7.428571428571429,8.3,3.8234863173766915,27.0,24.033333333333335,9.899494936631745,9.857142857142858,10.1,3.436498771937742,2303.0,2252.366666666667,5.099019511171725,11.285714285714286,8.1,4.151878519217702,0.40791930930677733,0.45079480156329926,0.19514528074877682,0.004900220107420331,0.0035752749528476404,0.001802137062654389,2.0123527266384404,1.243154138889433,1.4238245989339893,2.9817048031333746,2.7069036219771516,1.469044816608923,248.47415917415915,402.63897532750474,151.73643857066133,-3.857142857142857,0.2,4.8107023544206395,0.7310540204240091
2025-05-04,9.0,31.0,10.0,2335,5.0,0.3225806451612903,0.0021413276231263384,0.5555555555555556,3.1,74.4,467.0,True,-1.0,5.0,4.0,-24986.0,-31745.0,-56731.0,2025,5,2025-05,Sunday,6,True,Stagnation Regime (2025),8.285714285714286,8.366666666666667,3.3022358947961776,28.142857142857142,24.633333333333333,9.822229404599863,10.714285714285714,10.066666666666666,2.2886885410865565,2308.0,2258.9,12.884098725767627,10.428571428571429,8.033333333333333,4.790864322085071,0.42915753811863866,0.43334236153021405,0.17217065284226424,0.00452289423991664,0.0035375672979601116,0.0020851546537071397,1.5679082821939965,1.228339324074618,1.3016941696175472,2.603133374561946,2.770843015916545,0.8461557392235658,285.318315018315,408.01992770845715,170.70624901815515,-2.142857142857143,0.3333333333333333,5.209880722514496,0.6852140643993051
2025-05-05,15.0,44.0,20.0,2331,17.0,0.45454545454545453,0.007293007293007293,1.1333333333333333,2.2,52.800000000000004,137.11764705882354,False,-5.0,3.0,-2.0,-24991.0,-31742.0,-56733.0,2025,5,2025-05,Monday,0,False,Stagnation Regime (2025),10.0,8.466666666666667,3.2145502536825026,33.142857142857146,25.466666666666665,6.938505396931293,12.571428571428571,10.5,3.644957377764476,2313.285714285714,2265.1,13.744262871471367,11.0,8.4,5.35412613475934,0.3829814919425925,0.43621317492734324,0.08370512361669909,0.004755187098937609,0.003687427447820261,0.0023120750370007465,1.1107654250511394,1.2494504351857292,0.4554976760184064,2.7337456194599055,2.7537001587736882,0.6587088080138778,279.69775910364143,400.67384927708457,175.46901263132284,-1.0,0.06666666666666667,3.9157800414865336,0.672613131961873
2025-05-06,10.0,33.0,16.0,2339,16.0,0.48484848484848486,0.006840530141085934,1.6,2.0625,49.5,146.1875,False,-6.0,0.0,-6.0,-24997.0,-31742.0,-56739.0,2025,5,2025-05,Tuesday,1,False,Stagnation Regime (2025),10.142857142857142,8.5,3.184785258533757,32.142857142857146,25.866666666666667,6.256425268733442,13.142857142857142,10.533333333333333,3.848314411470186,2318.714285714286,2271.1,15.478095120097647,12.714285714285714,8.866666666666667,4.608480795049541,0.40938841834951895,0.4285652672794356,0.08230933748261934,0.005484066459131235,0.003884566626060257,0.0019833804508572173,1.2758447901305043,1.295376361111655,0.3762705675115293,2.552198000412286,2.7757834921070215,0.640797972800778,218.40311624649863,369.5634326104179,121.73117640182772,-2.5714285714285716,-0.36666666666666664,3.2586880211242493,0.7339639258795051
2025-05-07,10.0,30.0,15.0,2335,10.0,0.5,0.004282655246252677,1.0,2.0,48.0,233.5,False,-5.0,5.0,0.0,-25002.0,-31737.0,-56739.0,2025,5,2025-05,Wednesday,2,False,Stagnation Regime (2025),10.714285714285714,8.8,2.6276913640833444,32.714285714285715,26.233333333333334,5.7652489311809845,13.571428571428571,10.6,3.866830866793401,2322.714285714286,2276.9666666666667,15.563999974732376,13.0,9.133333333333333,4.32049379896693,0.4148829238440244,0.42242491640224256,0.0874913965400366,0.005600487640201575,0.003996443307805811,0.001865725693735612,1.2282257425114569,1.262043027778322,0.3886707346032616,2.5283884766027627,2.7937322100557394,0.6603095511532094,210.5638305322129,341.3634326104179,118.18949927166344,-2.2857142857142856,-0.3333333333333333,3.401680257078788,0.75055596860497
2025-05-08,15.0,24.0,16.0,2361,11.0,0.6666666666666666,0.004659042778483694,0.7333333333333333,1.5,36.0,214.63636363636363,False,-1.0,5.0,4.0,-25003.0,-31732.0,-56735.0,2025,5,2025-05,Thursday,3,False,Stagnation Regime (2025),11.285714285714286,9.0,3.0937725468340997,32.57142857142857,26.366666666666667,5.996030432942233,14.285714285714286,10.966666666666667,3.77334006393545,2330.8571428571427,2282.733333333333,18.729909871244054,12.428571428571429,9.433333333333334,4.276179870627484,0.4472638762249768,0.4363138052911315,0.12996984900777742,0.0053360056561754365,0.00412127550767361,0.0018463606879896527,1.1381824524681667,1.279080064815359,0.4235204720353337,2.417998866213152,2.7103988767224063,0.7662648981839782,219.2833110516934,312.0513113982967,115.50761055863644,-1.1428571428571428,-0.43333333333333335,4.0178174601178815,0.7440141553719181
2025-05-11,15.0,20.0,12.0,2385,3.0,0.6,0.0012578616352201257,0.2,1.6666666666666667,40.0,795.0,False,3.0,9.0,12.0,-25000.0,-31723.0,-56723.0,2025,5,2025-05,Sunday,6,True,Stagnation Regime (2025),12.428571428571429,9.2,2.6992062325485735,30.571428571428573,26.2,7.5687326737113665,14.714285714285714,11.1,3.199702367111716,2341.714285714286,2289.133333333333,24.944700744116737,11.142857142857142,9.366666666666667,5.580578567057664,0.49516303588884236,0.44564713862446487,0.11202199621081342,0.00477326374661182,0.00408720483684275,0.002410030736832696,0.9218559218559219,1.2672282129635069,0.46492449428436783,2.1164115646258503,2.661787765611295,0.5166863083667458,305.36664438502675,323.9313113982967,244.57703489576963,1.2857142857142858,-0.16666666666666666,5.964178784325581,0.666301909257252
2025-05-12,7.0,33.0,14.0,2392,7.0,0.42424242424242425,0.002926421404682274,1.0,2.357142857142857,56.57142857142857,341.7142857142857,False,-7.0,7.0,0.0,-25007.0,-31716.0,-56723.0,2025,5,2025-05,Monday,0,False,Stagnation Regime (2025),11.571428571428571,8.866666666666667,3.3594217189614373,30.714285714285715,26.1,7.6095178497164575,14.714285714285714,11.333333333333334,3.199702367111716,2354.0,2295.8333333333335,25.592967783660665,9.857142857142858,9.2,5.304984179345325,0.49326909649490297,0.4533070712843975,0.11326456066346148,0.004200120874551191,0.0040021871782037555,0.0022830154821990934,0.888888888888889,1.2770321345321345,0.44721359549998113,2.1266156462585037,2.568930622754152,0.5212721183759871,333.5936852013533,329.23567647766174,234.04147720148745,1.7142857142857142,-0.3333333333333333,5.70713838726549,0.6501160973932815
2025-05-13,18.0,29.0,12.0,2394,11.0,0.41379310344827586,0.004594820384294068,0.6111111111111112,2.4166666666666665,58.0,217.63636363636363,False,6.0,1.0,7.0,-25001.0,-31715.0,-56716.0,2025,5,2025-05,Tuesday,1,False,Stagnation Regime (2025),12.857142857142858,9.3,3.8913824205507677,30.428571428571427,26.033333333333335,7.634508123389891,15.0,11.2,2.7688746209736017,2362.4285714285716,2302.0333333333333,27.903746121167565,10.714285714285714,9.466666666666667,4.855041562301508,0.506299447678758,0.4498958736574045,0.09395612442516288,0.004550619840432295,0.00411005800260776,0.0020948416617594034,0.896825396825397,1.2774025049025048,0.4407585252736827,2.028996598639456,2.5849028449763742,0.34163671580151084,297.97030857797665,311.9568885988739,229.28081732740617,2.142857142857143,-0.16666666666666666,6.0118929749977985,0.6881662594630917
2025-05-14,7.0,30.0,14.0,2394,11.0,0.4666666666666667,0.004594820384294068,1.5714285714285714,2.142857142857143,51.42857142857143,217.63636363636363,False,-7.0,3.0,-4.0,-25008.0,-31712.0,-56720.0,2025,5,2025-05,Wednesday,2,False,Stagnation Regime (2025),11.714285714285714,9.133333333333333,4.309458036870063,28.428571428571427,26.166666666666668,4.79086432210057,14.142857142857142,11.066666666666666,1.6761634196965938,2371.4285714285716,2307.733333333333,26.18432828228766,9.857142857142858,9.566666666666666,4.01781746015224,0.5080310494103598,0.442374506136037,0.09294963897687851,0.004165164567758977,0.004143260667389372,0.0017210173301699823,0.9594104308390022,1.3075612350612351,0.506185687171654,2.0208333333333335,2.6081832682567976,0.3375276436706875,309.4729823747681,309.94893405341935,221.76261430739385,1.8571428571428572,-0.43333333333333335,6.28300807544931,0.7104267422556847
2025-05-15,15.0,31.0,14.0,2410,14.0,0.45161290322580644,0.005809128630705394,0.9333333333333333,2.2142857142857144,53.142857142857146,172.14285714285714,False,1.0,0.0,1.0,-25007.0,-31712.0,-56719.0,2025,5,2025-05,Thursday,3,False,Stagnation Regime (2025),12.428571428571429,9.4,4.391550328281467,28.142857142857142,26.733333333333334,4.525062483169282,13.857142857142858,11.3,1.4638501094245806,2381.5714285714284,2313.6,25.26431701553238,9.571428571428571,9.666666666666666,3.552329886045897,0.5032831091785485,0.44076160291023053,0.0951538996220635,0.004017821494847472,0.0041727681779980845,0.001481242210997445,0.864172335600907,1.2862913937913938,0.4211446020052623,2.042517006802721,2.6153261253996547,0.3454335204180547,313.1808905380334,308.9173323218176,218.7742813525395,2.857142857142857,-0.26666666666666666,5.304984179319278,0.7293206898346476
2025-05-18,13.0,28.0,14.0,2437,9.0,0.5,0.0036930652441526466,0.6923076923076923,2.0,48.0,270.77777777777777,False,-1.0,5.0,4.0,-25008.0,-31707.0,-56715.0,2025,5,2025-05,Sunday,6,True,Stagnation Regime (2025),12.857142857142858,9.433333333333334,4.259443290263594,27.857142857142858,26.933333333333334,4.450789122157996,13.714285714285714,11.466666666666667,1.3801311186866054,2396.1428571428573,2320.266666666667,23.262477450145404,9.428571428571429,9.8,3.55232988604591,0.5032831091785486,0.4437919059405336,0.0951538996220635,0.003933594351690324,0.004221365808025941,0.001480435811442848,0.8202162916448631,1.295479427979428,0.4206621802557958,2.042517006802721,2.60051131058484,0.3454335204180547,318.5062873634302,303.0299249144102,216.95759101082024,3.4285714285714284,-0.36666666666666664,5.159365040295004,0.7263418155682491
2025-05-19,7.0,27.0,17.0,2457,6.0,0.6296296296296297,0.002442002442002442,0.8571428571428571,1.588235294117647,38.11764705882353,409.5,False,-10.0,11.0,1.0,-25018.0,-31696.0,-56714.0,2025,5,2025-05,Monday,0,False,Stagnation Regime (2025),11.714285714285714,9.266666666666667,4.644505202014955,28.285714285714285,26.7,4.151878519235682,13.857142857142858,11.633333333333333,1.6761634196966069,2409.8571428571427,2327.4,27.07661088686274,8.714285714285714,9.7,3.6839419880986677,0.4979921038875433,0.4530148543791683,0.0850479089429506,0.003616874303621574,0.004169016446715367,0.0015354983465736885,0.8379033664747951,1.2990508565508565,0.4189998237604233,2.055122048819528,2.559008042610984,0.32323388446310447,346.3439497010926,308.3725175070028,213.8885708169288,3.0,-0.43333333333333335,5.228129047116569,0.7028654355662313
2025-05-21,14.0,62.0,13.0,2467,18.0,0.20967741935483872,0.007296311309282529,1.2857142857142858,4.769230769230769,114.46153846153845,137.05555555555554,True,1.0,-5.0,-4.0,-25017.0,-31701.0,-56718.0,2025,5,2025-05,Wednesday,2,False,Stagnation Regime (2025),11.571428571428571,9.533333333333333,4.540820148295145,34.285714285714285,28.133333333333333,12.378937565012635,14.0,11.733333333333333,1.527525231653646,2421.5714285714284,2334.6,31.84785258477364,10.857142857142858,10.133333333333333,4.140393356083881,0.4422317352239488,0.44246024204187345,0.12540208421102444,0.004479509971344774,0.004338185656802661,0.0016788321772556933,0.9930054072911216,1.3141302216302215,0.33629910467719665,2.4983454920429713,2.654649068252009,1.0382068100270725,252.3518862090291,297.93436935885467,95.87991518420252,0.7142857142857143,-0.6,3.98807746975065,0.7239284308290348
2025-05-22,18.0,36.0,17.0,2473,15.0,0.4722222222222222,0.00606550748079256,0.8333333333333334,2.1176470588235294,50.82352941176471,164.86666666666667,False,1.0,2.0,3.0,-25016.0,-31699.0,-56715.0,2025,5,2025-05,Thursday,3,False,Stagnation Regime (2025),13.142857142857142,9.533333333333333,4.598136268421293,34.714285714285715,28.5,12.378937565012606,14.428571428571429,11.733333333333333,1.9023794624240309,2433.1428571428573,2341.5333333333333,33.95795719884602,12.0,10.433333333333334,4.000000000030708,0.44908599207820565,0.4355343161159475,0.125566081200596,0.00492795083936053,0.004452069018745194,0.0016127861190945564,0.9691958834815978,1.3307968882968884,0.3415797905191576,2.464131806568781,2.6762176957029897,1.0475399245658414,227.08794063079776,290.8465915810769,91.61323174461809,1.1428571428571428,-0.9,4.059087394496611,0.7499999999985606
2025-05-27,6.0,24.0,7.0,2504,11.0,0.2916666666666667,0.00439297124600639,1.8333333333333333,3.4285714285714284,82.28571428571428,227.63636363636363,True,-1.0,-4.0,-5.0,-25017.0,-31703.0,-56720.0,2025,5,2025-05,Tuesday,1,False,Stagnation Regime (2025),11.428571428571429,9.466666666666667,4.720774754828908,34.0,28.566666666666666,12.897028081450372,13.714285714285714,11.7,3.3523268393908845,2448.8571428571427,2349.4333333333334,38.03256749750207,12.0,10.5,4.000000000030708,0.43163935825226146,0.4331353262169576,0.13904771680411918,0.004899115248176576,0.004466167913241541,0.0016215158145823797,1.1437990580847723,1.3544079994079996,0.4291785696165708,2.6086896296980333,2.6988367433220377,1.1079749889433466,228.51651205936918,290.03817407265944,91.51920393191092,-0.5714285714285714,-1.0333333333333334,3.690399384757502,0.7499999999985606
2025-05-28,12.0,39.0,12.0,2499,14.0,0.3076923076923077,0.0056022408963585435,1.1666666666666667,3.25,78.0,178.5,True,0.0,-2.0,-2.0,-25017.0,-31705.0,-56722.0,2025,5,2025-05,Wednesday,2,False,Stagnation Regime (2025),12.142857142857142,9.7,4.298393941497859,35.285714285714285,29.0,12.880402241589584,13.428571428571429,11.766666666666667,3.4086724129861614,2463.8571428571427,2356.633333333333,33.18849485065729,12.428571428571429,10.866666666666667,4.035556254837699,0.4089287355416388,0.43057122365285505,0.14521889088031614,0.0050430324641857855,0.004609107261560807,0.0016346603306265067,1.0859759288330717,1.3732968882968883,0.387172828465778,2.7668528950041553,2.720503409988704,1.1094158532427822,222.92560296846008,270.6215074059927,93.46929453713923,-0.2857142857142857,-1.1666666666666667,3.4503277967075556,0.7548879398630804
2025-05-29,13.0,38.0,15.0,2506,11.0,0.39473684210526316,0.004389465283320032,0.8461538461538461,2.533333333333333,60.8,227.8181818181818,False,-2.0,4.0,2.0,-25019.0,-31701.0,-56720.0,2025,5,2025-05,Thursday,3,False,Stagnation Regime (2025),11.857142857142858,9.966666666666667,4.140393356068047,36.285714285714285,29.4,12.76341497817666,13.571428571428571,11.966666666666667,3.4572215654172664,2477.5714285714284,2364.1,26.35562648838025,12.0,10.8,4.000000000030708,0.40080358395298976,0.43219065685123564,0.14401880818207075,0.004840223414559306,0.00456553086332149,0.0016116767939230077,1.0735217163788593,1.3148353498353498,0.39423891067428196,2.8124311262966724,2.7086515581368524,1.08930256608376,230.8792207792208,272.36416474865,90.75726226945362,-0.14285714285714285,-0.8333333333333334,3.5321651258344895,0.7499999999985606
2025-06-01,8.0,24.0,16.0,2528,12.0,0.6666666666666666,0.004746835443037975,1.5,1.5,36.0,210.66666666666666,False,-8.0,4.0,-4.0,-25027.0,-31697.0,-56724.0,2025,6,2025-06,Sunday,6,True,Stagnation Regime (2025),11.142857142857142,10.1,4.336994790132875,35.714285714285715,29.566666666666666,13.275469680522743,13.857142857142858,12.1,3.5790395093556913,2490.5714285714284,2372.1666666666665,25.43525861728927,12.428571428571429,10.966666666666667,3.779644730124734,0.4246131077625136,0.4333602474945105,0.17384068304355507,0.004990762014400067,0.0046216881369112355,0.0015340104782030082,1.1889063317634747,1.3065020165020165,0.3820798869603004,2.7410025548681007,2.7058737803590747,1.1652036534044437,222.29191919191916,268.500672685158,89.18309273736179,-1.2857142857142858,-0.8666666666666667,3.2513733362072634,0.7668068655354865
2025-06-02,10.0,19.0,5.0,2518,16.0,0.2631578947368421,0.006354249404289118,1.6,3.8,91.19999999999999,157.375,True,5.0,-11.0,-6.0,-25022.0,-31708.0,-56730.0,2025,6,2025-06,Monday,0,False,Stagnation Regime (2025),11.571428571428571,10.066666666666666,3.9940431836043633,34.57142857142857,29.2,14.443650771859339,12.142857142857142,12.1,4.561745697595307,2499.285714285714,2379.733333333333,22.26891918977653,13.857142857142858,11.233333333333333,2.672612419169978,0.37226000277782967,0.43657662176351636,0.15608415297002018,0.005549654437583879,0.004717098952933735,0.0011026880945423031,1.2950287807430665,1.3355929255929258,0.37771405009773523,3.0569689414227232,2.632540447025741,1.0984805606498351,186.27406204906202,264.200672685158,36.07418935699871,-2.2857142857142856,-1.1666666666666667,3.4982989063352328,0.8383150642889531
2025-06-03,5.0,23.0,11.0,2519,15.0,0.4782608695652174,0.0059547439460103215,3.0,2.090909090909091,50.18181818181818,167.93333333333334,False,-6.0,-4.0,-10.0,-25028.0,-31712.0,-56740.0,2025,6,2025-06,Tuesday,1,False,Stagnation Regime (2025),10.285714285714286,10.0,4.49867705422515,29.0,29.1,8.326663997888211,11.857142857142858,12.133333333333333,4.5617456975953115,2506.714285714286,2387.4333333333334,17.960273621175357,13.428571428571429,11.266666666666667,2.0701966780861722,0.410629067093598,0.4396981379285108,0.14181641213327129,0.00535800195711642,0.004711627713838041,0.000831835197276848,1.53992673992674,1.368926258926259,0.7464384823544775,2.6743515588053404,2.6155707500560443,0.8383133751957461,190.68517316017318,264.3508314153167,30.511742183183177,-3.142857142857143,-1.2666666666666666,4.561745697591539,0.866428308118443
2025-06-04,4.0,16.0,9.0,2516,16.0,0.5625,0.006359300476947536,4.0,1.7777777777777777,42.666666666666664,157.25,False,-5.0,-7.0,-12.0,-25033.0,-31719.0,-56752.0,2025,6,2025-06,Wednesday,2,False,Stagnation Regime (2025),8.285714285714286,10.0,3.4982989063562897,26.142857142857142,29.133333333333333,8.933617621653774,10.714285714285714,12.233333333333333,4.029651999627379,2512.8571428571427,2394.4666666666667,10.172324731951344,13.571428571428571,11.666666666666666,2.225394561111713,0.4235258924904234,0.44511480459517744,0.15208448050785894,0.0053999723851385585,0.004865759132483942,0.0008795266543769343,1.9923076923076921,1.468926258926259,1.1152853870784551,2.625798804370233,2.59149667598197,0.884499759277894,189.59707792207791,250.38416474865005,31.698649640753903,-5.285714285714286,-1.6666666666666667,4.715728494948208,0.8591239173573092
2025-06-05,8.0,26.0,5.0,2503,21.0,0.19230769230769232,0.008389932081502197,2.625,5.2,124.80000000000001,119.19047619047619,True,3.0,-16.0,-13.0,-25030.0,-31735.0,-56765.0,2025,6,2025-06,Thursday,3,False,Stagnation Regime (2025),8.571428571428571,9.933333333333334,3.3594217189618236,26.428571428571427,29.166666666666668,8.88551523282581,10.428571428571429,12.233333333333333,4.391550328269053,2512.714285714286,2400.9666666666667,10.323343864635483,15.0,12.166666666666666,3.2659863237482143,0.40933175329628424,0.44485839433876717,0.1700209893007011,0.005970966790209388,0.0050587684225490365,0.0013092598565517383,2.1054029304029305,1.536426258926259,1.136417026376278,2.878860028860029,2.598163342648637,1.3056177957202757,174.10480828695114,241.53495839944372,36.19128742964391,-6.428571428571429,-2.2333333333333334,5.533448076834096,0.821198468789939
2025-06-08,10.0,16.0,15.0,2507,13.0,0.9375,0.005185480654168329,1.3,1.0666666666666667,25.6,192.84615384615384,False,-5.0,2.0,-3.0,-25035.0,-31733.0,-56768.0,2025,6,2025-06,Sunday,6,True,Stagnation Regime (2025),8.285714285714286,10.033333333333333,3.093772546834519,23.142857142857142,29.066666666666666,7.625146368645068,10.857142857142858,12.266666666666667,4.705619740572205,2513.8571428571427,2407.7,8.896227128335875,14.857142857142858,12.033333333333333,3.338091841621639,0.49930428076881167,0.4515469908299953,0.2534457702815227,0.005911429612753644,0.00498577540603216,0.0013379826349451175,2.1244505494505495,1.4988072113072113,1.1190450074308775,2.5669552669552673,2.588480802966097,1.4544835745214797,176.15425883640168,243.44355568451155,36.881283205222815,-6.571428571428571,-2.0,5.411627692819013,0.8165403251518211
2025-06-09,8.0,21.0,14.0,2516,9.0,0.6666666666666666,0.003577106518282989,1.125,1.5,36.0,279.55555555555554,False,-6.0,5.0,-1.0,-25041.0,-31728.0,-56769.0,2025,6,2025-06,Monday,0,False,Stagnation Regime (2025),7.571428571428571,10.2,2.29906813423032,20.714285714285715,29.0,3.903600291846382,10.714285714285714,12.6,4.572172558507345,2515.285714285714,2414.9,8.199883853700692,14.571428571428571,11.966666666666667,3.7796447301245495,0.5381513985632979,0.46797211160294216,0.25557799849875035,0.005795378360605495,0.004945592000119853,0.0015154536628747346,2.164285714285714,1.4140849890849891,1.06983810524237,2.4193362193362193,2.4468141362994302,1.5098486809412452,183.54531222745507,245.7923772333331,51.318690290693134,-7.0,-1.7666666666666666,4.690415759820379,0.7940368572444935
2025-06-10,17.0,28.0,7.0,2511,12.0,0.25,0.0047789725209080045,0.7058823529411765,4.0,96.0,209.25,True,10.0,-5.0,5.0,-25031.0,-31733.0,-56764.0,2025,6,2025-06,Tuesday,1,False,Stagnation Regime (2025),8.857142857142858,10.666666666666666,4.2594432902640005,21.285714285714285,29.633333333333333,4.680252333493236,9.428571428571429,12.6,4.076646614443484,2512.8571428571427,2422.133333333333,6.039552173155635,14.571428571428571,11.933333333333334,3.7796447301245495,0.4786275890394884,0.4503795190103495,0.2688351871055571,0.005799969371729786,0.004915992508154771,0.0015117919756165116,2.050840336134454,1.2931699564052503,1.187637522281195,2.7764790764790765,2.537290326775621,1.5512532565908261,183.34293127507414,246.88532595128183,51.19655626346685,-5.714285714285714,-1.2666666666666666,6.524678426665935,0.7940368572444935
2025-06-17,7.0,24.0,10.0,2523,14.0,0.4166666666666667,0.005548949663099485,2.0,2.4,57.599999999999994,180.21428571428572,False,-3.0,-4.0,-7.0,-25034.0,-31737.0,-56771.0,2025,6,2025-06,Tuesday,1,False,Stagnation Regime (2025),8.428571428571429,10.6,4.276179870612617,22.0,29.1,4.654746681299904,10.142857142857142,12.533333333333333,3.5790395093557716,2513.5714285714284,2429.5333333333333,6.972736019320384,14.285714285714286,12.266666666666667,3.728908942975959,0.5005574136008918,0.4542684078992384,0.254191428277272,0.005684926551559838,0.005043011676267068,0.0014931080811263619,2.107983193277311,1.3450218082571022,1.1718481055023435,2.576479076479076,2.5061792156645097,1.486184230989061,186.60568637711498,233.71746880842468,49.979095983182106,-5.857142857142857,-1.6666666666666667,6.542898731410651,0.7930065538624607
2025-06-19,8.0,19.0,7.0,2501,18.0,0.3684210526315789,0.007197121151539384,2.25,2.7142857142857144,65.14285714285714,138.94444444444446,False,1.0,-11.0,-10.0,-25033.0,-31748.0,-56781.0,2025,6,2025-06,Thursday,3,False,Stagnation Regime (2025),8.857142857142858,10.666666666666666,4.017817460136165,21.428571428571427,28.866666666666667,4.755948656099471,9.571428571428571,12.366666666666667,3.7352886036271458,2511.0,2436.0,7.895146186702814,14.714285714285714,12.6,3.9880774697848844,0.4848660111818006,0.45116449426900895,0.2591392915348068,0.005862409009492561,0.005167325482026372,0.0016005031174233684,2.0008403361344542,1.3755773638126578,1.1093155202853258,2.665532879818594,2.524433183918478,1.4708364859242387,182.46441653584512,228.7364502899062,52.899821384169506,-5.857142857142857,-1.9333333333333333,6.542898731410651,0.7867607729283292
2025-06-22,7.0,13.0,5.0,2508,7.0,0.38461538461538464,0.0027910685805422647,1.0,2.6,62.400000000000006,358.2857142857143,False,2.0,-2.0,0.0,-25031.0,-31750.0,-56781.0,2025,6,2025-06,Sunday,6,True,Stagnation Regime (2025),9.285714285714286,10.533333333333333,3.545621041728243,21.0,28.466666666666665,5.416025603128255,9.0,12.166666666666666,4.1231056256183845,2509.8571428571427,2442.8,7.625146367049573,13.428571428571429,12.333333333333334,4.859943170376827,0.45945392326971274,0.4493183404228551,0.25897933216305835,0.005352661595720379,0.005043347212488891,0.0019466636112604875,1.5722689075630254,1.3634561516914456,0.7191213704199345,2.7829931972789117,2.535342274827569,1.420080206880844,211.18380429094714,235.55930743276332,82.95991594827788,-4.142857142857143,-1.8,6.229729031787417,0.7342625534685953
2025-06-23,3.0,15.0,5.0,2495,17.0,0.3333333333333333,0.006813627254509018,5.666666666666667,3.0,72.0,146.76470588235293,False,-2.0,-12.0,-14.0,-25033.0,-31762.0,-56795.0,2025,6,2025-06,Monday,0,False,Stagnation Regime (2025),8.571428571428571,10.4,4.276179870612602,19.428571428571427,27.833333333333332,5.318431562606058,9.0,12.033333333333333,4.1231056256183845,2508.714285714286,2449.0,9.250482611599093,12.857142857142858,12.5,3.9761191895828434,0.4796004434162328,0.4516059221222016,0.23948551991589895,0.0051274751918642105,0.005097232954233677,0.0015964252529438452,2.0067927170868347,1.4952021834374776,1.7047476324388724,2.468707482993197,2.5094163489016434,0.967256279418498,215.1229799612153,234.0375754066195,78.3927228924116,-4.285714285714286,-2.1,6.4733887496992715,0.7637938993318142
2025-06-24,5.0,20.0,5.0,2489,16.0,0.25,0.0064282844515869825,3.2,4.0,96.0,155.5625,True,0.0,-11.0,-11.0,-25033.0,-31773.0,-56806.0,2025,6,2025-06,Tuesday,1,False,Stagnation Regime (2025),7.857142857142857,10.133333333333333,4.4131837120506585,20.0,27.433333333333334,5.099019513632899,7.571428571428571,11.733333333333333,3.3594217189451645,2506.1428571428573,2455.1,11.922367932542544,13.285714285714286,12.5,4.151878519217545,0.3813861577019471,0.4453559221222016,0.14121020015393035,0.005305018591495446,0.005080228385649687,0.0016713033843219526,2.2782212885154065,1.5608432090785032,1.724599486411815,2.8877551020408165,2.5665592060445004,0.8910144249894982,209.79674369747903,234.4188254066195,81.36863263077103,-5.428571428571429,-2.3666666666666667,6.900655593421461,0.7619007069574834
2025-06-25,6.0,12.0,2.0,2470,24.0,0.16666666666666666,0.009716599190283401,4.0,6.0,144.0,102.91666666666667,True,4.0,-22.0,-18.0,-25029.0,-31795.0,-56824.0,2025,6,2025-06,Wednesday,2,False,Stagnation Regime (2025),7.571428571428571,10.033333333333333,4.466808810829042,18.714285714285715,26.8,5.8797473221083045,5.857142857142857,11.466666666666667,2.4784787961295147,2499.5714285714284,2459.6,17.125586537744006,15.428571428571429,13.133333333333333,5.28700113037858,0.3099575862733758,0.44015878950571413,0.09004362746845979,0.006182088973209791,0.005332737437888257,0.002154496309278248,2.688935574229692,1.675658023893318,1.7463895780914793,3.5306122448979593,2.663225872711167,1.2669377235425905,184.562616713352,222.2827142955084,83.49137394457063,-7.857142857142857,-3.1,7.988086367178015,0.7447813177582499
2025-06-26,3.0,9.0,7.0,2447,35.0,0.7777777777777778,0.014303228442991417,11.666666666666666,1.2857142857142858,30.85714285714286,69.91428571428571,False,-4.0,-28.0,-32.0,-25033.0,-31823.0,-56856.0,2025,6,2025-06,Thursday,3,False,Stagnation Regime (2025),5.571428571428571,9.633333333333333,1.9880595948063782,16.0,25.633333333333333,5.22812904715913,5.857142857142857,11.033333333333333,2.4784787961295147,2490.4285714285716,2463.4666666666667,25.19164638516255,18.714285714285715,13.733333333333333,8.788520651300566,0.3853544116702011,0.4509332002801249,0.19326802613388303,0.00754269696207885,0.005566411476221059,0.003625753206656217,4.254761904761905,2.0267691350044292,3.6010121299140834,3.142857142857143,2.632749682234976,1.494297550713389,164.65751467253568,220.04260225069046,92.72372802709415,-13.142857142857142,-4.1,10.040394604272068,0.680450040825744
2025-06-29,5.0,17.0,7.0,2413,20.0,0.4117647058823529,0.008288437629506838,4.0,2.4285714285714284,58.28571428571428,120.65,False,-2.0,-13.0,-15.0,-25035.0,-31836.0,-56871.0,2025,6,2025-06,Sunday,6,True,Stagnation Regime (2025),5.285714285714286,9.466666666666667,1.8898223650781494,15.0,25.1,3.958114029065359,5.428571428571429,10.733333333333333,1.8126539343517338,2474.714285714286,2465.9333333333334,34.18924921493244,19.571428571428573,13.866666666666667,8.541216596751406,0.3846541315581563,0.44849707431458713,0.19314450252590898,0.00793405238585133,0.005614675059168423,0.0035210203367376973,4.54047619047619,2.106769135004429,3.469227915263327,3.1469387755102045,2.644952063187357,1.4919674789390895,156.14833099906627,219.1913522506905,93.78516514739177,-14.285714285714286,-4.4,9.673232581272948,0.6961788353370959
2025-06-30,9.0,22.0,8.0,2407,16.0,0.36363636363636365,0.006647278770253427,1.7777777777777777,2.75,66.0,150.4375,False,1.0,-8.0,-7.0,-25034.0,-31844.0,-56878.0,2025,6,2025-06,Monday,0,False,Stagnation Regime (2025),5.428571428571429,9.433333333333334,2.14919697077036,15.428571428571429,24.833333333333332,4.577377082216145,5.571428571428571,10.5,1.9880595947776474,2461.285714285714,2468.3333333333335,40.094531155101365,19.285714285714285,14.066666666666666,8.635475005561041,0.38397060455883986,0.4439516197691326,0.1932199767056327,0.007855503474239049,0.0056934958433017815,0.003546242951900145,4.473015873015873,2.132695060930355,3.5253278582192196,3.1520408163265308,2.6699520631873574,1.4903014937501937,157.79019607843136,216.4226022506905,93.5340517689369,-13.857142857142858,-4.633333333333334,9.95705062469952,0.690719656835699
2025-07-01,7.0,14.0,6.0,2391,22.0,0.42857142857142855,0.009201171058134672,3.142857142857143,2.3333333333333335,56.0,108.68181818181819,False,1.0,-16.0,-15.0,-25033.0,-31860.0,-56893.0,2025,7,2025-07,Tuesday,1,False,Stagnation Regime (2025),5.428571428571429,9.166666666666666,2.14919697077036,15.571428571428571,24.5,4.503966505884639,5.714285714285714,10.166666666666666,1.9760470401203496,2444.5714285714284,2469.3333333333335,41.7287157034775,21.428571428571427,14.433333333333334,6.72946612191144,0.3902500394097032,0.43601511183262465,0.19395727838698074,0.008771232399609393,0.005844900119290147,0.0027612629551210664,4.779138321995464,2.213012521247815,3.256253608172831,3.1139455782312924,2.697729840965135,1.5100422402096472,122.13249663501765,212.8907840688723,31.103569712432268,-16.0,-5.266666666666667,7.8740078740100365,0.7610108264879404
2025-07-02,8.0,20.0,9.0,2373,38.0,0.45,0.016013485040033713,4.75,2.2222222222222223,53.333333333333336,62.44736842105263,False,-1.0,-29.0,-30.0,-25034.0,-31889.0,-56923.0,2025,7,2025-07,Wednesday,2,False,Stagnation Regime (2025),6.142857142857143,8.933333333333334,2.035400978425969,16.285714285714285,24.5,4.7858919654728025,6.285714285714286,10.066666666666666,2.288688541086716,2427.1428571428573,2468.9333333333334,42.624048655488316,24.428571428571427,15.6,8.79122939559376,0.40691670607637,0.43101511183262464,0.19326262656086332,0.010085497797541493,0.006336754232783934,0.003703025548884371,4.648185941043083,2.364679187914482,3.232961185484749,3.002834467120181,2.7162483594836533,1.5479627794336344,110.08716271197474,188.47236301624073,35.927080328137,-18.285714285714285,-6.666666666666667,9.375753937936626,0.7353617668532579
2025-07-06,4.0,17.0,2.0,2332,8.0,0.11764705882352941,0.003430531732418525,2.0,8.5,204.0,291.5,True,2.0,-6.0,-4.0,-25032.0,-31895.0,-56927.0,2025,7,2025-07,Sunday,6,True,Stagnation Regime (2025),6.0,8.833333333333334,2.1602468994971478,15.857142857142858,23.966666666666665,4.525062483171521,5.857142857142857,9.666666666666666,2.794552524024245,2404.714285714286,2466.9333333333334,45.83562764794037,23.285714285714285,15.633333333333333,10.435744434634273,0.3880091430511599,0.4207952663186615,0.2162769295564836,0.009657247409088856,0.006353557910375143,0.0043186410748016525,4.476757369614512,2.398012521247815,3.3521674613572747,3.645691609977324,2.921010264245558,2.6047637529512673,129.5068055691176,186.79855349243118,77.40293290735771,-17.285714285714285,-6.8,10.578504710247762,0.6905310496447467
2025-07-07,3.0,18.0,8.0,2317,20.0,0.4444444444444444,0.008631851532153647,6.666666666666667,2.25,54.0,115.85,False,-5.0,-12.0,-17.0,-25037.0,-31907.0,-56944.0,2025,7,2025-07,Monday,0,False,Stagnation Regime (2025),5.571428571428571,8.333333333333334,2.4397501823960788,16.714285714285715,23.6,4.231401884148612,6.714285714285714,9.533333333333333,2.2886885410867013,2382.8571428571427,2464.366666666667,45.99430606555569,22.714285714285715,15.933333333333334,10.499433091283258,0.4276916827336995,0.42181697768520043,0.19314234183282974,0.009502283457927462,0.006488125615303795,0.004335584960247996,4.857709750566893,2.5998643730996673,3.4393481033924522,3.1099773242630384,2.9154547086900027,2.418850407236669,131.35442461673665,183.4056747045524,76.8145614607572,-17.142857142857142,-7.6,10.5740022607098,0.6838826404009054
2025-07-08,5.0,16.0,8.0,2306,20.0,0.5,0.008673026886383347,4.0,2.0,48.0,115.3,False,-3.0,-12.0,-15.0,-25040.0,-31919.0,-56959.0,2025,7,2025-07,Tuesday,1,False,Stagnation Regime (2025),5.857142857142857,8.266666666666667,2.1930626552026067,17.714285714285715,23.133333333333333,2.627691364139779,6.857142857142857,9.333333333333334,2.340126166726228,2362.714285714286,2461.4333333333334,44.05570067403906,20.571428571428573,16.233333333333334,8.997354108437715,0.3880091430511598,0.42292808879631155,0.12614084480260931,0.008697968949840595,0.0066240658320401045,0.003783603278216339,3.7624716553287985,2.680816754052048,1.6808548713846365,3.2120181405895694,2.9106928039280984,2.3429415800342706,137.8380980861244,179.9944625833403,72.56198366944545,-14.714285714285714,-7.966666666666667,8.300889223735844,0.6957144226784786
2025-07-09,2.0,18.0,0.0,2281,32.0,0.0,0.014028934677772907,16.0,,,71.28125,False,2.0,-32.0,-30.0,-25038.0,-31951.0,-56989.0,2025,7,2025-07,Wednesday,2,False,Stagnation Regime (2025),5.428571428571429,7.833333333333333,2.6367368000052305,17.857142857142858,22.7,2.609506430330541,5.857142857142857,8.866666666666667,3.484660262186776,2343.8571428571427,2457.133333333333,47.090085904061496,22.285714285714285,16.833333333333332,9.961831921807063,0.32918561363939514,0.4078743253554514,0.1920218700234285,0.009518039956735749,0.006898059366942354,0.004270788121982118,5.476757369614512,3.1830389762742706,4.934249187948541,3.342592592592593,2.9347068415019733,2.538509980640357,130.7854195146958,176.63240901191173,76.78720621560511,-16.857142857142858,-9.0,10.123052428796495,0.6910824824406768
2025-07-10,2.0,12.0,3.0,2252,39.0,0.25,0.017317939609236235,19.5,4.0,96.0,57.743589743589745,True,-1.0,-36.0,-37.0,-25039.0,-31987.0,-57026.0,2025,7,2025-07,Thursday,3,False,Stagnation Regime (2025),4.428571428571429,7.466666666666667,2.370453040912088,16.428571428571427,22.166666666666668,2.699206232604185,5.142857142857143,8.5,3.4846602621867917,2321.714285714286,2450.9666666666667,48.85937059780572,25.571428571428573,17.833333333333332,11.252512946861446,0.31295184740562887,0.399540992022118,0.1934223153589629,0.011042420076590436,0.007352221845778475,0.004928975698996504,8.008503401360544,3.8099620531973475,6.882121867050752,3.550925925925926,3.0036723587433527,2.5314330510959744,117.54343233520865,169.5312694107721,80.72494790755583,-21.142857142857142,-10.366666666666667,11.50983016712944,0.6944239947461232
2025-07-13,1.0,13.0,4.0,2204,10.0,0.3076923076923077,0.004537205081669692,10.0,3.25,78.0,220.4,True,-3.0,-6.0,-9.0,-25042.0,-31993.0,-57035.0,2025,7,2025-07,Sunday,6,True,Stagnation Regime (2025),3.5714285714285716,7.266666666666667,2.370453040912246,16.285714285714285,21.7,2.8702082221522653,4.857142857142857,8.066666666666666,3.4846602621867975,2295.0,2442.5333333333333,55.353410012171295,23.857142857142858,17.966666666666665,12.707328219434187,0.2956834015657545,0.38880974795754064,0.18665723181360214,0.010376139222809723,0.007422061933767383,0.0055013471319481115,8.988095238095239,4.114723957959252,6.554336381116352,3.7037037037037037,3.060974589980675,2.470171850538626,133.5031725949489,163.22793607743878,89.27210784107884,-20.285714285714285,-10.7,12.243560017606573,0.6524678780989009
2025-07-14,2.0,9.0,1.0,2181,26.0,0.1111111111111111,0.01192113709307657,13.0,9.0,216.0,83.88461538461539,True,1.0,-25.0,-24.0,-25041.0,-32018.0,-57059.0,2025,7,2025-07,Monday,0,False,Stagnation Regime (2025),2.7142857142857144,6.866666666666666,1.380131118729358,14.714285714285714,19.933333333333334,3.4503277967723203,3.7142857142857144,7.666666666666667,3.1997023671119833,2267.5714285714284,2433.0,57.777899877558404,22.142857142857142,18.233333333333334,11.201615529754159,0.24727070315305608,0.38552420434941637,0.183889607014673,0.009791518087530132,0.007576222793227184,0.004996728914176572,10.166666666666668,4.505200148435443,6.405292950191878,4.833333333333333,3.2068631841451314,3.1211643126670956,136.56563644688646,161.4555714050741,86.76066557803362,-19.428571428571427,-11.366666666666667,11.645559137242829,0.6640637973274949
2025-07-15,0.0,8.0,5.0,2171,17.0,0.625,0.00783049286043298,,1.6,38.400000000000006,127.70588235294117,False,-5.0,-12.0,-17.0,-25046.0,-32030.0,-57076.0,2025,7,2025-07,Tuesday,1,False,Stagnation Regime (2025),2.142857142857143,6.266666666666667,1.573591584978205,13.428571428571429,19.0,4.076646614494268,4.142857142857143,7.266666666666667,3.132015933792569,2244.5714285714284,2422.9333333333334,59.863336422174285,23.428571428571427,18.3,9.727232269216453,0.3197496947496948,0.39061679694200896,0.22060410557347052,0.010420083962960769,0.007635055639215198,0.004289941844277798,11.527777777777779,4.631816245507929,5.802697329371599,3.6833333333333336,3.1890132855650095,2.7489391893358923,113.1664767830209,160.2168785946166,53.860424666341046,-21.285714285714285,-12.033333333333333,9.63871163095641,0.7066205253873715
2025-07-16,1.0,9.0,0.0,2164,11.0,0.0,0.005083179297597043,11.0,,,196.72727272727272,False,1.0,-11.0,-10.0,-25045.0,-32041.0,-57086.0,2025,7,2025-07,Wednesday,2,False,Stagnation Regime (2025),1.8571428571428572,6.1,1.5735915849782844,12.142857142857142,18.5,3.804758924900836,3.0,7.033333333333333,2.9439202887771208,2222.714285714286,2411.6,56.86743146898804,22.142857142857142,18.3,10.79241356122112,0.25625763125763124,0.38089457471978677,0.24168485684907604,0.00991313078659554,0.00765806257426822,0.004724181969454545,12.25,4.947908199530918,5.326818938165627,3.97,3.1804576376004943,2.9714474587311828,124.72037288691699,159.18657556431356,62.51190524899379,-20.285714285714285,-12.2,10.483547200482015,0.6723144115562186
2025-07-17,3.0,16.0,2.0,2153,17.0,0.125,0.007895959126799815,5.666666666666667,8.0,192.0,126.6470588235294,True,1.0,-15.0,-14.0,-25044.0,-32056.0,-57100.0,2025,7,2025-07,Thursday,3,False,Stagnation Regime (2025),1.5714285714285714,5.8,0.9759000730121887,12.142857142857142,17.733333333333334,3.804758924900836,2.142857142857143,6.7,1.9518001458988667,2200.8571428571427,2400.0666666666666,48.27500585656501,21.714285714285715,18.4,10.950103282846296,0.20268620268620266,0.37480483113004315,0.21916445800276996,0.009802121106655034,0.007734519848616261,0.0047671136176515765,12.527777777777779,5.103080613324021,4.830938103822378,5.17,3.3501004947433515,3.1811161563199777,126.34138129027835,157.45814419176455,62.37387915201158,-20.142857142857142,-12.6,10.574002260709811,0.6647693828343848
2025-07-21,4.0,18.0,7.0,2121,16.0,0.3888888888888889,0.007543611504007544,4.0,2.5714285714285716,61.71428571428572,132.5625,False,-3.0,-9.0,-12.0,-25047.0,-32065.0,-57112.0,2025,7,2025-07,Monday,0,False,Stagnation Regime (2025),1.8571428571428572,5.5,1.3451854183151863,12.142857142857142,17.066666666666666,3.804758924900836,3.142857142857143,6.433333333333334,2.4102953780669054,2178.0,2387.233333333333,41.39243086976682,19.428571428571427,18.566666666666666,10.080627342546117,0.2582417582417582,0.374609899356164,0.20823991101132475,0.008875646367545698,0.007839658055972512,0.004426786984303719,10.527777777777777,5.2118339289738875,5.538167232604691,4.7369047619047615,3.351461038961039,3.03661471240008,135.09584557599263,154.28295479782517,57.465358475936505,-17.571428571428573,-13.066666666666666,9.947481136064201,0.6583903405600886
2025-07-22,5.0,13.0,3.0,2117,16.0,0.23076923076923078,0.007557864903164856,3.2,4.333333333333333,104.0,132.3125,True,2.0,-13.0,-11.0,-25045.0,-32078.0,-57123.0,2025,7,2025-07,Tuesday,1,False,Stagnation Regime (2025),2.2857142857142856,5.4,1.7994708217192232,12.285714285714286,16.7,3.817254061737367,3.142857142857143,6.0,2.4102953780669054,2158.714285714286,2373.5333333333333,31.4150403768605,16.142857142857142,18.7,5.209880722540587,0.2554945054945055,0.3600799848262495,0.20849346297955354,0.007481349980964071,0.007933359037976742,0.0023956367956535127,7.811111111111111,5.270454618629061,4.056362172448865,4.792460317460318,3.452651515151515,3.0234572035716285,145.7485470411941,151.6711492422696,46.6254932758434,-13.857142857142858,-13.3,5.209880722514584,0.7560087724870526
2025-07-23,6.0,21.0,5.0,2111,14.0,0.23809523809523808,0.006631927996210327,2.3333333333333335,4.2,100.80000000000001,150.78571428571428,True,1.0,-9.0,-8.0,-25044.0,-32087.0,-57131.0,2025,7,2025-07,Wednesday,2,False,Stagnation Regime (2025),3.0,5.266666666666667,2.1602468994977544,13.428571428571429,16.766666666666666,5.061526214440421,3.2857142857142856,6.0,2.4976179127524882,2145.4285714285716,2359.9666666666667,28.611519491177116,16.714285714285715,18.633333333333333,4.60848079504925,0.24555206698063842,0.359244562938196,0.20724514630334723,0.007780596111612734,0.007942614991040781,0.0020760998985806228,6.533333333333334,5.295741974950899,4.420155854466874,4.950793650793651,3.4669372294372294,2.9505211756333685,135.80364908201042,151.45150638512672,33.674536364917,-13.714285714285714,-13.366666666666667,5.3763149000717805,0.7838704094503081
2025-07-24,6.0,18.0,7.0,2096,29.0,0.3888888888888889,0.01383587786259542,4.833333333333333,2.5714285714285716,61.71428571428572,72.27586206896552,False,-1.0,-22.0,-23.0,-25045.0,-32109.0,-57154.0,2025,7,2025-07,Thursday,3,False,Stagnation Regime (2025),3.5714285714285716,5.3,2.370453040912246,14.714285714285714,16.6,4.889249625983494,4.142857142857143,5.866666666666666,2.609506430252767,2133.285714285714,2345.866666666667,29.032822148039244,17.142857142857142,19.1,5.639993245542592,0.28523460666317807,0.3562654969156517,0.20377743177620122,0.008054130507258284,0.008205319454926953,0.0027343419299322323,5.172222222222222,5.358960365755498,3.086919836029773,3.8793650793650793,3.4840986394557825,2.276199774172416,134.14525575120328,148.26292400964778,36.79852392868179,-13.571428571428571,-13.8,5.061526214396162,0.7524456707833939
2025-07-27,1.0,12.0,2.0,2088,4.0,0.16666666666666666,0.0019157088122605363,4.0,6.0,144.0,522.0,True,-1.0,-2.0,-3.0,-25046.0,-32111.0,-57157.0,2025,7,2025-07,Sunday,6,True,Stagnation Regime (2025),3.7142857142857144,5.2,2.1380899353280114,15.285714285714286,16.466666666666665,4.151878519238264,3.7142857142857144,5.633333333333334,2.6903708365394596,2121.4285714285716,2331.6,27.99319645188668,15.285714285714286,18.7,7.52139804635229,0.21975841618698763,0.3430710524712073,0.14009482708662963,0.007209161357519363,0.008057199732770718,0.0035937944617349467,5.004761904761905,5.358960365755498,2.852577039660064,4.612698412698413,3.634892290249433,2.096680600121697,190.47298684364029,160.42125734298114,150.72321887948715,-11.571428571428571,-13.5,6.133436852126172,0.6702169947320653
2025-07-28,2.0,9.0,3.0,2080,14.0,0.3333333333333333,0.006730769230769231,7.0,3.0,72.0,148.57142857142858,False,-1.0,-11.0,-12.0,-25047.0,-32122.0,-57169.0,2025,7,2025-07,Monday,0,False,Stagnation Regime (2025),3.857142857142857,5.0,1.951800145928382,15.285714285714286,15.9,4.151878519238264,4.142857142857143,5.566666666666666,2.1930626551766688,2109.4285714285716,2317.5,24.48712003470134,15.714285714285714,18.466666666666665,7.319250547130611,0.2673774638060352,0.3477719071720619,0.10527095825010056,0.007444531347972533,0.008001894304412954,0.003483614451499195,4.433333333333333,5.5098224347210145,1.5586081159994214,4.382312925170068,3.5563208616780044,2.0087144128732217,183.59358053566254,161.4006224223462,151.48722340626418,-11.857142857142858,-13.466666666666667,6.094494002198128,0.6822350478857582
2025-07-29,2.0,8.0,3.0,2072,12.0,0.375,0.005791505791505791,6.0,2.6666666666666665,64.0,172.66666666666666,False,-1.0,-9.0,-10.0,-25048.0,-32131.0,-57179.0,2025,7,2025-07,Tuesday,1,False,Stagnation Regime (2025),3.7142857142857144,4.733333333333333,2.0586634591932715,14.142857142857142,15.633333333333333,4.947341758622427,4.285714285714286,5.166666666666667,2.0586634591651802,2097.8571428571427,2303.0,18.986210534252738,15.0,18.433333333333334,7.416198487112089,0.303091749520321,0.3290219071720619,0.09025384993983887,0.007143895157216243,0.008022095142324203,0.003528678919384519,4.480952380952381,5.671891400238255,1.6069129759166545,3.620408163265306,3.6134637188208623,1.2911165584059934,190.1678102275393,160.72797284969664,149.59067527274524,-11.285714285714286,-13.7,6.047431568145302,0.6691589570204806
2025-07-30,4.0,15.0,4.0,2063,16.0,0.26666666666666666,0.007755695588948134,4.0,3.75,90.0,128.9375,True,0.0,-12.0,-12.0,-25048.0,-32143.0,-57191.0,2025,7,2025-07,Wednesday,2,False,Stagnation Regime (2025),3.7142857142857144,4.6,2.0586634591932715,13.714285714285714,15.433333333333334,4.680252333494571,3.857142857142857,4.833333333333333,1.6761634196970716,2089.5714285714284,2287.9,19.839834868108078,15.0,18.666666666666668,7.416198487112089,0.28563143206000347,0.3156885738387286,0.08236720960647125,0.0071741928836363275,0.008161381444679707,0.0035335900168111316,4.480952380952381,5.7710293312727385,1.6069129759166545,3.788775510204082,3.693820861678005,1.2055354771354172,189.64995308468218,155.7073709978448,149.8294155939471,-11.285714285714286,-14.066666666666666,6.047431568145302,0.6691589570204806
2025-07-31,2.0,9.0,6.0,2058,15.0,0.6666666666666666,0.007288629737609329,7.5,1.5,36.0,137.2,False,-4.0,-9.0,-13.0,-25052.0,-32152.0,-57204.0,2025,7,2025-07,Thursday,3,False,Stagnation Regime (2025),3.2857142857142856,4.1,2.0586634591933626,13.142857142857142,14.8,5.0142653642659925,4.285714285714286,4.8,1.7994708216867386,2081.1428571428573,2272.8,18.74769827074538,14.857142857142858,18.766666666666666,7.403345447145334,0.34790249433106574,0.3295774627276175,0.1611109016675877,0.0071357307171283964,0.008245036685236417,0.0035301814554083593,5.095238095238095,6.005309250136836,1.840534198966741,3.3840136054421768,3.6045351473922906,1.4442425602108313,190.34816737039642,153.30570433117813,149.52877325862076,-11.571428571428571,-14.666666666666666,6.078847008467374,0.6674221451952976
2025-08-03,5.0,26.0,3.0,2049,5.0,0.11538461538461539,0.002440214738897023,1.0,8.666666666666666,208.0,409.8,True,2.0,-2.0,0.0,-25050.0,-32154.0,-57204.0,2025,8,2025-08,Sunday,6,True,Stagnation Regime (2025),3.142857142857143,4.033333333333333,1.8644544715045592,13.857142857142858,14.866666666666667,6.4660284417827185,4.0,4.566666666666666,1.8257418583524023,2072.285714285714,2257.0,16.839579227109922,13.571428571428571,18.466666666666665,8.303757038390847,0.33037240537240536,0.31953472768488245,0.18055291846265098,0.006536914537512209,0.008141412187763002,0.0039593154721930795,4.904761904761904,5.970826491516147,2.2065918560186035,4.022108843537415,3.828344671201814,2.480102493693498,227.35020818672297,160.9585614740353,168.89986489622106,-10.428571428571429,-14.433333333333334,7.4578178858845385,0.6204028991341027
2025-08-04,5.0,22.0,11.0,2040,14.0,0.5,0.006862745098039216,2.8,2.0,48.0,145.71428571428572,False,-6.0,-3.0,-9.0,-25056.0,-32157.0,-57213.0,2025,8,2025-08,Monday,0,False,Stagnation Regime (2025),3.0,3.933333333333333,1.632993161893111,14.428571428571429,14.966666666666667,7.044078904971602,4.571428571428571,4.7,3.1014589500836993,2064.285714285714,2241.633333333333,16.997198647995226,11.428571428571429,18.333333333333332,4.894116973737643,0.34624542124542124,0.32392069259716316,0.19112901915458305,0.00554075271400418,0.008130266319312997,0.002378445056931254,4.614285714285715,5.989792008757527,2.3469331558643174,3.9404761904761907,3.8028344671201815,2.5443811941954895,237.84141156462587,161.18422284969662,159.69183852430203,-8.428571428571429,-14.4,4.995235825499385,0.7001647735280359
2025-08-05,2.0,21.0,10.0,2042,14.0,0.47619047619047616,0.0068560235063663075,7.0,2.1,50.400000000000006,145.85714285714286,False,-8.0,-4.0,-12.0,-25064.0,-32161.0,-57225.0,2025,8,2025-08,Tuesday,1,False,Stagnation Regime (2025),3.142857142857143,3.7666666666666666,1.4638501094647673,15.714285714285714,15.233333333333333,7.341986237059975,5.714285714285714,4.866666666666666,3.4503277967127124,2057.714285714286,2226.1,15.085470776414287,12.857142857142858,18.566666666666666,3.670993118549189,0.39046310832025116,0.3269731956496662,0.178013376386365,0.00624651195601929,0.008265764816840463,0.0017815876134732807,5.042857142857144,6.196688560481665,2.485864801135375,3.3833333333333333,3.7849773242630387,2.443225706285005,184.10671768707485,154.10327046874426,100.4257443528116,-9.714285714285714,-14.8,4.498677054209037,0.7778943055679042
2025-08-06,4.0,17.0,3.0,2036,13.0,0.17647058823529413,0.0063850687622789785,3.25,5.666666666666667,136.0,156.6153846153846,True,1.0,-10.0,-9.0,-25063.0,-32171.0,-57234.0,2025,8,2025-08,Wednesday,2,False,Stagnation Regime (2025),3.4285714285714284,3.8,1.3972762620554218,16.857142857142858,15.3,6.718843437919315,5.714285714285714,4.8,3.4503277967127124,2051.4285714285716,2210.8,13.314868165337238,12.714285714285714,18.433333333333334,3.638419332394268,0.368054144734817,0.3217444374797316,0.1954253604125641,0.006197126174806397,0.00825147953376613,0.0017706847422959986,4.507142857142857,6.113355227148332,2.396252033806923,3.764285714285714,3.8802154195011336,2.577689687876361,185.25585426478284,154.431626426512,99.99646142931265,-9.285714285714286,-14.633333333333333,4.386125310347034,0.7775035187139904
2025-08-07,4.0,18.0,6.0,2031,17.0,0.3333333333333333,0.008370260955194485,4.25,3.0,72.0,119.47058823529412,False,-2.0,-11.0,-13.0,-25065.0,-32182.0,-57247.0,2025,8,2025-08,Thursday,3,False,Stagnation Regime (2025),3.7142857142857144,3.7666666666666666,1.253566341104826,18.285714285714285,15.233333333333333,5.468524655258844,6.142857142857143,4.833333333333333,3.2366943748517416,2045.5714285714287,2195.5333333333333,11.67414726051918,13.428571428571429,18.466666666666665,3.952094080268367,0.362101763782436,0.32452221525750935,0.19581270937653666,0.006565519769619068,0.00831621208388638,0.0019330432282237285,4.257142857142857,6.149562123700055,2.304059564375557,3.811904761904762,3.844501133786848,2.5570294231587316,177.65641448887249,153.22856270102181,103.08629635580431,-9.714285714285714,-14.7,4.608480795019862,0.7726154917222051
2025-08-10,0.0,18.0,8.0,2006,12.0,0.4444444444444444,0.005982053838484547,,2.25,54.0,167.16666666666666,False,-8.0,-4.0,-12.0,-25073.0,-32186.0,-57259.0,2025,8,2025-08,Sunday,6,True,Stagnation Regime (2025),3.142857142857143,3.566666666666667,1.8644544715045592,18.714285714285715,15.433333333333334,5.282495802664982,6.714285714285714,5.033333333333333,3.147183169878781,2037.4285714285713,2180.0666666666666,16.409927308195343,12.857142857142858,18.066666666666666,3.8047589248775666,0.38749858917926144,0.3337814745167686,0.19287870585583552,0.006312142376695698,0.008191727238826418,0.0018661212010592152,4.3,6.226332199546485,2.5209125331911078,3.5976190476190477,3.7105725623582764,2.625029604267432,183.11772401268198,155.37022936768844,101.06798689210457,-9.714285714285714,-14.5,4.608480795019862,0.7716491805885438
2025-08-11,6.0,23.0,4.0,1999,16.0,0.17391304347826086,0.0080040020010005,2.6666666666666665,5.75,138.0,124.9375,True,2.0,-12.0,-10.0,-25071.0,-32198.0,-57269.0,2025,8,2025-08,Monday,0,False,Stagnation Regime (2025),3.7142857142857144,3.6666666666666665,2.058663459193272,20.714285714285715,15.9,3.2513733362744652,6.428571428571429,4.933333333333334,3.309438162647452,2029.0,2165.133333333333,19.02629758977049,13.0,17.433333333333334,3.915780041521518,0.31710521443806056,0.31365265004011805,0.1613539331345461,0.006414338414323008,0.007981753024093388,0.0019463728331539252,3.494444444444444,5.904903628117914,2.01540364489396,4.204761904761905,3.8700113378684806,2.5494137722250154,181.3659382983963,157.2043365105456,102.09754132027807,-9.285714285714286,-13.766666666666667,4.386125310347034,0.768513185208732
2025-08-12,8.0,38.0,9.0,1999,9.0,0.23684210526315788,0.004502251125562781,1.125,4.222222222222222,101.33333333333334,222.11111111111111,True,-1.0,0.0,-1.0,-25072.0,-32198.0,-57270.0,2025,8,2025-08,Tuesday,1,False,Stagnation Regime (2025),4.142857142857143,3.7666666666666666,2.6095064302748527,22.428571428571427,16.6,7.230886134224453,7.285714285714286,5.0,3.0394235042358773,2021.857142857143,2151.3333333333335,19.642034614163563,13.571428571428571,17.066666666666666,2.636736800028685,0.33445628442070957,0.3078218966861449,0.1413353574735563,0.006708915040989545,0.007855546807295253,0.0012900383924033289,3.515277777777778,5.802225056689343,1.98487626725101,3.5698412698412696,3.9340702947845805,1.6465572548960459,154.55323988569785,160.58637354758264,34.129778421804744,-9.428571428571429,-13.3,4.035556254803781,0.8373204653580346
2025-08-13,6.0,22.0,12.0,1997,17.0,0.5454545454545454,0.008512769153730596,2.8333333333333335,1.8333333333333333,44.0,117.47058823529412,False,-6.0,-5.0,-11.0,-25078.0,-32203.0,-57281.0,2025,8,2025-08,Wednesday,2,False,Stagnation Regime (2025),4.285714285714286,3.6666666666666665,2.6903708365608465,22.428571428571427,16.6,7.230886134224453,7.428571428571429,5.133333333333334,3.258688021129648,2015.7142857142858,2137.6666666666665,19.746006226050167,14.0,17.1,2.943920288817438,0.340949790914216,0.31388250274675095,0.15092740232669533,0.006944632763231171,0.007917729820077825,0.0014621035294395156,3.5208333333333335,5.839923469387756,1.9825190905624217,3.5460317460317463,3.901332199546485,1.6740168611752773,150.51842596012764,159.48747648875909,36.90548407624529,-9.714285714285714,-13.433333333333334,4.070801956789378,0.8262550673848276
2025-08-14,3.0,27.0,4.0,1994,11.0,0.14814814814814814,0.005516549648946841,3.6666666666666665,6.75,162.0,181.27272727272728,True,-1.0,-7.0,-8.0,-25079.0,-32210.0,-57289.0,2025,8,2025-08,Thursday,3,False,Stagnation Regime (2025),4.428571428571429,3.533333333333333,2.5727509827360606,23.285714285714285,17.033333333333335,7.3872476993689835,6.571428571428571,5.066666666666666,3.258688021129667,2008.857142857143,2124.4333333333334,17.276463482165898,13.571428571428571,16.733333333333334,3.1547394429057865,0.29408660119388347,0.3045350600659749,0.15285276427685754,0.0067532793550283896,0.0077949091064382315,0.0015600073332030094,2.965277777777778,5.858630952380953,1.0692730742927241,4.2103174603174605,4.059070294784581,1.910474238658686,155.577795162354,161.90717345845607,38.55084845888807,-9.142857142857142,-13.2,3.976119189548451,0.8113889899825132
2025-08-17,4.0,14.0,2.0,1991,3.0,0.14285714285714285,0.0015067805123053742,0.75,7.0,168.0,663.6666666666666,True,2.0,-1.0,1.0,-25077.0,-32211.0,-57288.0,2025,8,2025-08,Sunday,6,True,Stagnation Regime (2025),4.428571428571429,3.4,2.5727509827360606,22.857142857142858,16.833333333333332,7.883074092209308,6.428571428571429,4.833333333333333,3.457221565417429,2002.4285714285713,2111.7,13.439458604923102,12.142857142857142,15.566666666666666,5.113008619502086,0.28928468042557615,0.2942969648278797,0.15761726784923907,0.006056381033603589,0.0073113522888472865,0.0025361465997036665,2.548611111111111,5.71577380952381,1.3785098301614893,4.400793650793651,4.229705215419501,2.1333416005130816,228.01369259825145,181.94781673330988,195.93430769633264,-7.714285714285714,-12.166666666666666,5.529143565815605,0.7036944601959494
2025-08-18,4.0,20.0,6.0,1985,14.0,0.3,0.007052896725440806,3.5,3.3333333333333335,80.0,141.78571428571428,True,-2.0,-8.0,-10.0,-25079.0,-32219.0,-57298.0,2025,8,2025-08,Monday,0,False,Stagnation Regime (2025),4.428571428571429,3.4,2.5727509827360606,23.142857142857142,16.933333333333334,7.712080813671138,6.428571428571429,4.966666666666667,3.457221565417429,1995.857142857143,2100.133333333333,6.693991618151977,11.714285714285714,15.766666666666667,4.750939756687547,0.28452277566367135,0.30037539620042875,0.15656469527398592,0.005868186143638778,0.007432097788614696,0.002379892135770197,2.423611111111111,5.769345238095239,1.2180405104860803,4.448412698412699,4.045181405895692,2.1003275128835646,231.20156774831145,176.9573405428337,194.04640273998035,-7.285714285714286,-12.366666666666667,5.154748157902584,0.7114561373566956
2025-08-19,5.0,35.0,3.0,1980,11.0,0.08571428571428572,0.005555555555555556,2.2,11.666666666666666,280.0,180.0,True,2.0,-8.0,-6.0,-25077.0,-32227.0,-57304.0,2025,8,2025-08,Tuesday,1,False,Stagnation Regime (2025),5.142857142857143,3.466666666666667,1.676163419731182,25.571428571428573,17.5,8.462803768222894,5.714285714285714,4.8,3.5923198500089595,1992.142857142857,2088.9,7.312741650745014,11.571428571428571,15.466666666666667,4.755948656082556,0.23327561013079157,0.28841772424275675,0.1541865723410349,0.005807257817506065,0.007329554589394759,0.0023819496801850996,2.3916666666666666,5.609821428571428,1.1151212357274771,5.7936507936507935,4.381490929705215,3.1903700724672235,233.0349010816448,179.09567387616704,193.40012181292744,-6.428571428571429,-12.0,4.720774754813636,0.7087132495432928
2025-08-20,10.0,38.0,10.0,1983,10.0,0.2631578947368421,0.005042864346949067,1.0,3.8,91.19999999999999,198.3,True,0.0,0.0,0.0,-25077.0,-32227.0,-57304.0,2025,8,2025-08,Wednesday,2,False,Stagnation Regime (2025),5.714285714285714,3.6333333333333333,2.4976179127752625,27.714285714285715,18.233333333333334,9.534398874871892,6.571428571428571,4.866666666666666,3.823486317361942,1989.857142857143,2078.133333333333,7.3127416507444405,10.714285714285714,15.133333333333333,4.347960660471563,0.24602487459630315,0.2805229874006515,0.15213602737050985,0.005384238152641574,0.007208549171413616,0.0021812877918667784,2.1535714285714285,5.502678571428571,1.2196487155808409,5.515079365079365,4.445776643990929,3.2787266584577957,243.5152582245019,181.86234054283372,188.4914864280718,-5.0,-11.5,4.966554808580898,0.7113338507224073
2025-08-21,6.0,49.0,8.0,1972,21.0,0.16326530612244897,0.010649087221095335,3.5,6.125,147.0,93.9047619047619,True,-2.0,-13.0,-15.0,-25079.0,-32240.0,-57319.0,2025,8,2025-08,Thursday,3,False,Stagnation Regime (2025),5.428571428571429,3.7666666666666666,2.299068134230727,29.285714285714285,19.266666666666666,12.079104350288386,6.428571428571429,5.133333333333334,3.7352886036272137,1986.0,2067.8333333333335,8.679477709382112,12.428571428571429,14.766666666666667,5.711308748377461,0.23551390329048758,0.28596516427139984,0.15538322745247965,0.00626235759486051,0.007095887589524365,0.002889382197509978,2.492857142857143,5.0562499999999995,1.216166455120701,5.786904761904762,4.503680897646415,3.2322229520316506,225.20006548073775,182.61645760632575,196.9565442061956,-7.0,-11.0,5.830951894842856,0.685151793029203
2025-08-24,4.0,21.0,5.0,1981,5.0,0.23809523809523808,0.002523977788995457,1.25,4.2,100.80000000000001,396.2,True,-1.0,0.0,-1.0,-25080.0,-32240.0,-57320.0,2025,8,2025-08,Sunday,6,True,Stagnation Regime (2025),5.142857142857143,3.8333333333333335,2.3401261667507582,29.142857142857142,19.566666666666666,12.185080651213788,5.428571428571429,5.2,2.819996622761716,1983.7142857142858,2058.8,7.296444011462984,10.714285714285714,13.633333333333333,5.908025211947586,0.19160543081058654,0.2855683388745744,0.07671534850446811,0.005406815971326919,0.006602755528849672,0.0029966272151965355,2.2666666666666666,4.404464285714286,1.2874393189583753,6.125,4.510577449370553,2.851051625342893,265.0185528756957,193.8983379482061,199.70312783518645,-5.571428571428571,-9.8,5.912053869202509,0.6445725724800664
2025-08-25,8.0,30.0,8.0,1980,11.0,0.26666666666666666,0.005555555555555556,1.375,3.75,90.0,180.0,True,0.0,-3.0,-3.0,-25080.0,-32243.0,-57323.0,2025,8,2025-08,Monday,0,False,Stagnation Regime (2025),5.857142857142857,4.066666666666666,2.3401261667506246,29.571428571428573,20.133333333333333,12.14985792589531,6.0,5.333333333333333,2.886751345949246,1981.7142857142858,2051.3333333333335,5.7652489289193625,10.714285714285714,13.666666666666666,5.908025211947586,0.2085366477418035,0.28420081750705306,0.07858165513380291,0.005412388243699592,0.006636700544645866,0.002996901528621297,1.9392857142857143,4.0964285714285715,1.1568507126801524,5.696428571428571,4.527818828680898,2.9646601248852527,264.83673469387753,192.5516712815394,199.79264051558428,-4.857142857142857,-9.6,5.871642911158839,0.6445725724800664
2025-08-26,10.0,21.0,20.0,1989,15.0,0.9523809523809523,0.007541478129713424,1.5,1.05,25.200000000000003,132.6,False,-10.0,5.0,-5.0,-25090.0,-32238.0,-57328.0,2025,8,2025-08,Tuesday,1,False,Stagnation Regime (2025),6.714285714285714,4.333333333333333,2.6276913640840034,30.571428571428573,20.533333333333335,10.8759236061176,8.571428571428571,5.966666666666667,5.533448076837234,1981.4285714285713,2044.9333333333334,5.255382725678216,12.428571428571429,13.3,4.961758520856584,0.3241829062452048,0.31224314554938104,0.286479380172106,0.006274487903329315,0.006490711912533762,0.002515460655717646,2.0464285714285713,3.685714285714286,1.0589330884027992,4.846428571428571,4.253680897646415,3.355785003455672,188.97006802721089,194.1755174353856,98.00814320966606,-5.714285714285714,-8.966666666666667,5.282495802623351,0.7146828993305109
2025-08-27,5.0,19.0,9.0,1988,19.0,0.47368421052631576,0.009557344064386318,3.8,2.111111111111111,50.66666666666667,104.63157894736842,False,-4.0,-10.0,-14.0,-25094.0,-32248.0,-57342.0,2025,8,2025-08,Wednesday,2,False,Stagnation Regime (2025),6.857142857142857,4.5,2.478478796152342,30.428571428571427,20.9,11.043205193818189,9.0,6.1,5.416025603091194,1981.857142857143,2038.8333333333333,5.698788507261991,13.142857142857142,13.366666666666667,5.550632739586419,0.34899493632039286,0.30719928590025825,0.29151300164111865,0.006632266094607244,0.0065482736193322065,0.002805959179542444,2.0892857142857144,3.689655172413793,1.1311735372738245,4.671825396825397,4.271305418719212,3.477232100047595,183.66233440744716,193.40637398853318,101.91744212961284,-6.285714285714286,-8.866666666666667,5.992058236093284,0.703071348662433
2025-08-28,8.0,33.0,6.0,1984,17.0,0.18181818181818182,0.008568548387096774,2.125,5.5,132.0,116.70588235294117,True,2.0,-11.0,-9.0,-25092.0,-32259.0,-57351.0,2025,8,2025-08,Thursday,3,False,Stagnation Regime (2025),7.285714285714286,4.733333333333333,2.3603873774335886,30.142857142857142,21.7,10.930516478034466,9.428571428571429,6.3,4.961758520832464,1982.4285714285713,2032.8333333333333,5.682051940982867,14.0,13.566666666666666,5.627314338733082,0.3627240643352351,0.31325989196086435,0.27904328347793145,0.007062693641970276,0.006664452588982198,0.0028441006170712995,2.0785714285714287,3.3836206896551726,1.130304952530197,3.7908730158730157,4.312261904761906,1.7735269740518749,174.6203176007245,190.7389943093888,105.05588779656115,-6.714285714285714,-8.833333333333334,6.074928962937212,0.7132916790542257
2025-09-01,10.0,29.0,17.0,2010,5.0,0.5862068965517241,0.0024875621890547263,0.5,1.7058823529411764,40.94117647058823,402.0,False,-7.0,12.0,5.0,-25099.0,-32247.0,-57346.0,2025,9,2025-09,Monday,0,False,Stagnation Regime (2025),7.285714285714286,4.966666666666667,2.3603873774335886,28.857142857142858,22.133333333333333,10.367072415903397,10.428571428571429,6.8,5.740416444160366,1986.2857142857142,2028.0666666666666,11.898379240289591,13.285714285714286,13.166666666666666,6.4733887497204,0.4088739217373611,0.32863345517925513,0.2864476139204232,0.006697650476556799,0.006484172691057361,0.003277518669213992,2.007142857142857,3.2054597701149428,1.221910584367973,3.4917133520074697,4.102457983193277,1.9404902644015112,203.72031760072448,199.9174256819378,136.28007923256598,-6.0,-8.2,7.18795288428062,0.6723844833385683
2025-09-02,6.0,35.0,9.0,2020,9.0,0.2571428571428571,0.004455445544554455,1.5,3.888888888888889,93.33333333333333,224.44444444444446,True,-3.0,0.0,-3.0,-25102.0,-32247.0,-57349.0,2025,9,2025-09,Tuesday,1,False,Stagnation Regime (2025),7.285714285714286,5.033333333333333,2.3603873774335886,26.857142857142858,22.7,6.440201120818228,10.571428571428571,6.866666666666666,5.682051943243748,1993.142857142857,2024.7,15.56094011032772,11.571428571428571,12.933333333333334,5.623081683498247,0.42228500045456224,0.3242419207877207,0.2750009508457556,0.0058128445227652445,0.006381233825742258,0.0028397837752849133,1.7214285714285715,3.1192528735632186,1.0340483317432299,3.1722689075630255,4.146373327108621,1.5865187971582448,222.36884367782199,202.98015716341928,127.38996589245887,-4.285714285714286,-7.9,6.019808571546653,0.6729722684664985
2025-09-03,4.0,29.0,11.0,2019,10.0,0.3793103448275862,0.004952947003467063,2.5,2.6363636363636362,63.272727272727266,201.9,False,-7.0,1.0,-6.0,-25109.0,-32246.0,-57355.0,2025,9,2025-09,Wednesday,2,False,Stagnation Regime (2025),7.285714285714286,5.0,2.3603873774335886,28.0,23.233333333333334,5.916079783133086,11.428571428571429,7.133333333333334,5.126959555693795,1998.5714285714287,2021.4333333333334,17.164470501399485,12.285714285714286,12.733333333333333,4.923220007103139,0.44245858713061204,0.3291932912563326,0.2642048684477819,0.006159840124832616,0.006294403229085666,0.0024988720474928847,1.9000000000000001,3.0951149425287356,1.0469200860938104,2.9488922841864023,4.089807670542965,1.5266485522574318,194.61170082067915,205.2997404967526,101.79858402465604,-5.0,-7.733333333333333,5.859465277079872,0.7139148814602676
2025-09-04,11.0,40.0,2.0,2015,14.0,0.05,0.006947890818858561,1.2727272727272727,20.0,480.0,143.92857142857142,True,9.0,-12.0,-3.0,-25100.0,-32258.0,-57358.0,2025,9,2025-09,Thursday,3,False,Stagnation Regime (2025),7.714285714285714,5.166666666666667,2.751622897772774,29.428571428571427,23.866666666666667,7.480132415457271,10.571428571428571,7.033333333333333,6.1875450936312415,2003.5714285714287,2018.2333333333333,15.904476757402659,12.714285714285714,12.733333333333333,4.923220007103111,0.4115062061782311,0.32292344998649125,0.2986748145767855,0.0063587451624473315,0.00630493532317394,0.002498169016707257,1.8853896103896104,3.058542319749216,1.0561409178378471,5.270320855614973,4.616474337209632,6.662822491142998,189.45863959618939,205.07116906818118,103.55925017493645,-5.0,-7.566666666666666,5.859465277079872,0.7208664260767456
2025-09-07,4.0,19.0,9.0,2026,7.0,0.47368421052631576,0.0034550839091806516,1.75,2.111111111111111,50.66666666666667,289.42857142857144,False,-5.0,2.0,-3.0,-25105.0,-32256.0,-57361.0,2025,9,2025-09,Sunday,6,True,Stagnation Regime (2025),6.857142857142857,5.1,2.8535691936549856,29.142857142857142,23.9,7.883074092208654,9.0,7.1,4.5825756949564935,2008.857142857143,2015.9,16.395411668632136,11.571428571428571,12.0,5.223572942532741,0.34312095734185444,0.32574996070773893,0.18877883290190092,0.005774974559514078,0.005958908858060113,0.0026486463586813907,1.921103896103896,2.9522204806687564,1.0451059319007527,5.421908157202275,4.601130421865717,6.5621118095510695,211.86272122884242,212.3095927135014,106.14030968329466,-4.714285714285714,-6.9,5.908025211924307,0.6889805018361862
2025-09-08,7.0,25.0,5.0,2025,6.0,0.2,0.002962962962962963,0.8571428571428571,5.0,120.0,337.5,True,2.0,-1.0,1.0,-25103.0,-32257.0,-57360.0,2025,9,2025-09,Monday,0,False,Stagnation Regime (2025),7.142857142857143,5.3,2.7342623276324174,30.0,24.333333333333332,6.855654600429687,8.428571428571429,7.2,4.825527358301926,2014.142857142857,2013.8,14.392458341689405,9.714285714285714,12.066666666666666,4.386125310378437,0.3040232129809522,0.32686107181884994,0.18554473699550586,0.0048329201164535995,0.005993817329750195,0.0022166336839171707,1.50069573283859,2.843846096432303,0.6973807915306119,5.8346065699006875,4.567797088532384,6.408227237441191,245.1296385220755,206.15959271350138,103.38760844242279,-2.5714285714285716,-6.766666666666667,4.540820148279256,0.6889363506704651
2025-09-09,18.0,42.0,11.0,2023,14.0,0.2619047619047619,0.006920415224913495,0.7777777777777778,3.8181818181818183,91.63636363636364,144.5,True,7.0,-3.0,4.0,-25096.0,-32260.0,-57356.0,2025,9,2025-09,Tuesday,1,False,Stagnation Regime (2025),8.571428571428571,5.833333333333333,4.961758520843768,31.285714285714285,25.433333333333334,8.220184217632788,9.142857142857142,7.466666666666667,4.775931721615143,2019.7142857142858,2011.9,5.707138385026979,9.285714285714286,12.066666666666666,3.63841933239458,0.3154641529933207,0.3244801194378976,0.1791111038254311,0.004597472521855988,0.006000138862888337,0.0018025656527507308,1.3082354153782725,2.629286709459123,0.6821055081571635,5.594346829640947,4.59506981580511,6.45422590224543,249.10022675736963,206.0238784277871,98.02830329435211,-0.7142857142857143,-6.233333333333333,4.111540089155524,0.7184786663535768
2025-09-10,10.0,47.0,14.0,2025,18.0,0.2978723404255319,0.008888888888888889,1.8,3.357142857142857,80.57142857142857,112.5,True,-4.0,-4.0,-8.0,-25100.0,-32264.0,-57364.0,2025,9,2025-09,Wednesday,2,False,Stagnation Regime (2025),8.571428571428571,6.1,4.961758520843768,33.857142857142854,26.733333333333334,10.007140307962286,8.714285714285714,7.833333333333333,4.029651999627421,2021.857142857143,2010.3333333333333,4.017817456938676,11.142857142857142,12.266666666666667,4.336994790147893,0.27427350211815044,0.321909197452082,0.13392527501349,0.00551194776468944,0.00610338496613444,0.0021449994416996034,1.4939497010925582,2.484459123252227,0.5970436743011317,5.830241187384045,4.618085688820983,6.317140631847015,207.74308390022676,204.01832287223155,82.62937120660241,-2.5714285714285716,-6.166666666666667,4.03555625480373,0.7198296980540969
2025-09-11,12.0,38.0,29.0,2047,6.0,0.7631578947368421,0.0029311187103077674,0.5,1.3103448275862069,31.448275862068964,341.1666666666667,False,-17.0,23.0,6.0,-25117.0,-32241.0,-57358.0,2025,9,2025-09,Thursday,3,False,Stagnation Regime (2025),9.428571428571429,6.366666666666666,4.961758520843691,34.285714285714285,27.5,10.12775535702824,11.571428571428571,8.666666666666666,8.676734079463303,2025.7142857142858,2009.8,10.177004890725978,10.714285714285714,11.933333333333334,4.715728494977386,0.34656136463157683,0.33845890505442117,0.227211949732033,0.0052941867883684835,0.005942565736846428,0.0023387560224929485,1.3510925582354152,2.363769468079813,0.7051960901605013,5.46187775005509,4.536763849740523,6.521098675043324,224.41768707482993,211.0926284277871,97.07582789842064,-1.2857142857142858,-5.566666666666666,5.154748157902548,0.694379510542097
2025-09-14,7.0,39.0,13.0,2083,5.0,0.3333333333333333,0.002400384061449832,0.7142857142857143,3.0,72.0,416.6,False,-6.0,8.0,2.0,-25123.0,-32233.0,-57356.0,2025,9,2025-09,Sunday,6,True,Stagnation Regime (2025),9.857142857142858,6.533333333333333,4.525062483138488,35.714285714285715,28.5,9.961831921814307,11.857142857142858,8.9,8.687703406320685,2034.857142857143,2010.6333333333334,23.355431711930326,10.0,11.6,5.196152422730392,0.33999322013239786,0.3273477939433101,0.22677158921816953,0.00492953493950888,0.005779624214307778,0.0025866816332857563,1.0959905174190887,2.129779320296562,0.518620677313792,5.513825802003142,4.586763849740523,6.496239802464565,255.0891156462585,220.40596176112044,119.98898395878201,-0.14285714285714285,-5.066666666666666,4.8107023544206315,0.6580613119569667
2025-09-15,9.0,47.0,10.0,2086,10.0,0.2127659574468085,0.004793863854266539,1.1111111111111112,4.7,112.80000000000001,208.6,True,-1.0,0.0,-1.0,-25124.0,-32233.0,-57357.0,2025,9,2025-09,Monday,0,False,Stagnation Regime (2025),9.571428571428571,6.666666666666667,4.5039665058514275,36.714285714285715,29.2,10.781377242192988,13.0,9.133333333333333,7.637626158260086,2045.0,2011.8666666666666,28.207563996934194,9.428571428571429,11.766666666666667,4.8941169737377805,0.3632454997676562,0.3305938386787165,0.19868658365596067,0.0046218168017100195,0.005858079184820095,0.0024299295001165393,1.0729024943310657,2.133610737921083,0.5130084137761032,3.3281115162888564,4.4545416275183,1.3278071142938883,264.3278911564626,213.69929509445376,112.2432062540003,0.14285714285714285,-5.1,4.670066788547554,0.6582962055539298
2025-09-16,7.0,28.0,17.0,2095,12.0,0.6071428571428571,0.005727923627684964,1.7142857142857142,1.6470588235294117,39.529411764705884,174.58333333333334,False,-10.0,5.0,-5.0,-25134.0,-32228.0,-57362.0,2025,9,2025-09,Tuesday,1,False,Stagnation Regime (2025),10.0,6.733333333333333,4.000000000014606,38.0,29.4,8.640987597899105,14.142857142857142,9.333333333333334,7.53720928524139,2054.8571428571427,2013.7,32.23056815794624,10.142857142857142,11.7,4.845223470226869,0.3823110207128764,0.3341652672501451,0.21664214141737892,0.004946508190067779,0.005820251802474954,0.0023997076015444896,1.0678004535147392,2.0961723142757624,0.5052713763486082,3.2618183323486134,4.442776921635948,1.407865705159718,247.92142857142858,214.66159668175536,116.28346221477912,-0.14285714285714285,-4.966666666666667,4.94734175857718,0.676728221891389
2025-09-17,7.0,38.0,5.0,2096,13.0,0.13157894736842105,0.006202290076335878,1.8571428571428572,7.6,182.39999999999998,161.23076923076923,True,2.0,-8.0,-6.0,-25132.0,-32236.0,-57368.0,2025,9,2025-09,Wednesday,2,False,Stagnation Regime (2025),10.0,6.9,4.000000000014606,39.857142857142854,29.966666666666665,6.5173760422862586,14.142857142857142,9.166666666666666,7.53720928524139,2065.0,2015.5,32.439687626545535,11.142857142857142,11.666666666666666,4.561745697621687,0.3725365846226509,0.32267821628940996,0.2275094839603801,0.005409269206263909,0.005798460688140606,0.002261823807188766,1.2106575963718822,1.9188324127979302,0.5726579326471716,3.633246903777185,4.626110254969281,2.1105033147199004,222.7401098901099,215.17405089420956,112.6819416114515,-1.1428571428571428,-4.766666666666667,5.367450401214244,0.7095281081630588
2025-09-18,20.0,52.0,11.0,2096,14.0,0.21153846153846154,0.006679389312977099,0.7,4.7272727272727275,113.45454545454547,149.71428571428572,True,9.0,-3.0,6.0,-25123.0,-32239.0,-57362.0,2025,9,2025-09,Thursday,3,False,Stagnation Regime (2025),10.285714285714286,7.433333333333334,4.680252333462215,41.285714285714285,31.133333333333333,7.994045402994404,14.142857142857142,9.433333333333334,7.53720928524139,2075.4285714285716,2017.5,28.13572546769651,11.142857142857142,11.7,4.561745697621687,0.3653413988560365,0.3238471453995155,0.23233667822893977,0.005374836933130138,0.005808271373163877,0.0022366800298045837,1.1995464852607711,1.8309013783151713,0.5831158679596155,3.763117033647315,4.59479712365615,2.151355126199298,223.4850078492936,214.94401426417292,112.09422515761322,-0.8571428571428571,-4.266666666666667,5.727959829598574,0.7095281081630588
2025-09-21,8.0,35.0,13.0,2134,5.0,0.37142857142857144,0.0023430178069353325,0.625,2.6923076923076925,64.61538461538461,426.8,False,-5.0,8.0,3.0,-25128.0,-32231.0,-57359.0,2025,9,2025-09,Sunday,6,True,Stagnation Regime (2025),10.0,7.566666666666666,4.760952285707504,39.57142857142857,31.7,7.849780100068059,14.0,9.666666666666666,7.549834435271096,2091.0,2020.9333333333334,25.62550812454708,9.285714285714286,11.3,3.9036002918258212,0.37584943185647074,0.3251169866693568,0.23043221737436836,0.004439712492851059,0.0056073632682219045,0.0018591479844674936,1.031689342403628,1.7059013783151713,0.5496168044349085,3.668140581528006,4.584540713399739,2.1866506809294552,268.3850078492936,225.18832798966312,122.67703938121993,0.7142857142857143,-3.7333333333333334,4.889249625937801,0.7040331194713328
2025-09-22,17.0,40.0,14.0,2141,10.0,0.35,0.004670714619336758,0.5882352941176471,2.857142857142857,68.57142857142857,214.1,False,3.0,4.0,7.0,-25125.0,-32227.0,-57352.0,2025,9,2025-09,Monday,0,False,Stagnation Regime (2025),10.714285714285714,8.133333333333333,5.43796180306048,39.857142857142854,32.43333333333333,7.819389819112074,11.857142857142858,9.866666666666667,3.7606990231687907,2104.4285714285716,2025.4333333333334,23.244046856351975,9.857142857142858,11.233333333333333,3.6253078687339313,0.31682687546549326,0.32196883852120867,0.15538594605716013,0.004688226194140915,0.005563651960916978,0.0017360770303814544,1.0442943844204347,1.6686458421752541,0.5362396101292386,3.889111728607527,4.6047788086378345,1.9767551677440116,250.2326268969126,226.75277243410758,119.47179975860071,0.8571428571428571,-3.1,5.080307452260623,0.731109132720515
2025-09-23,11.0,36.0,10.0,2145,15.0,0.2777777777777778,0.006993006993006993,1.3636363636363635,3.6,86.4,143.0,True,1.0,-5.0,-4.0,-25124.0,-32232.0,-57356.0,2025,9,2025-09,Tuesday,1,False,Stagnation Regime (2025),11.285714285714286,8.3,5.186980037061799,39.42857142857143,32.86666666666667,7.955231881352762,11.428571428571429,10.066666666666666,3.7796447300930156,2113.285714285714,2030.3,25.427768847187693,11.285714285714286,11.2,3.3523268394268033,0.30889036752898535,0.3254309963311925,0.15582051916856682,0.005344315184363366,0.005529952127317194,0.001588941172478091,1.137058762899099,1.6252114987409105,0.5256986596826927,3.9748260143218133,4.533112141971168,1.9445223626664006,211.14691261119833,227.3548557674409,98.96796420624719,0.0,-2.9,5.354126134733635,0.7709852834291383
2025-09-24,3.0,38.0,12.0,2138,17.0,0.3157894736842105,0.007951356407857811,5.666666666666667,3.1666666666666665,76.0,125.76470588235294,True,-9.0,-5.0,-14.0,-25133.0,-32237.0,-57370.0,2025,9,2025-09,Wednesday,2,False,Stagnation Regime (2025),10.428571428571429,8.133333333333333,6.051367417300332,38.142857142857146,32.86666666666667,7.221001117797751,11.714285714285714,10.166666666666666,3.7289089429439652,2120.714285714286,2034.9333333333334,23.66230677426344,12.285714285714286,11.466666666666667,3.9036002918255646,0.32360801270575706,0.3280625752785609,0.14998424198284932,0.005795385549162119,0.005644922303393696,0.001835657023782529,1.7878524136927498,1.7766003876297995,1.789324934838094,3.7557783952741937,4.497926956785984,1.9355608368671566,199.31329916582015,224.14330892648232,104.1404030196653,-1.8571428571428572,-3.3333333333333335,7.559289460182638,0.7588779763881295
2025-09-25,6.0,35.0,12.0,2132,18.0,0.34285714285714286,0.008442776735459663,3.0,2.9166666666666665,70.0,118.44444444444444,False,-6.0,-6.0,-12.0,-25139.0,-32243.0,-57382.0,2025,9,2025-09,Thursday,3,False,Stagnation Regime (2025),10.285714285714286,8.133333333333333,6.156684327207178,39.142857142857146,33.3,5.95618925795412,11.0,10.166666666666666,2.9439202887769143,2126.0,2039.4333333333334,20.936411662649718,13.142857142857142,11.5,4.450789122140997,0.28585291066494073,0.3213093285253142,0.0865756162263626,0.006183221707415648,0.005642589222784665,0.002088421694193469,1.9715258830805051,1.7821559431853549,1.8456182542637936,3.9371509442938017,4.534038067897095,1.7562038971099683,191.29345789597892,224.17577080012066,108.43532382831307,-2.857142857142857,-3.3666666666666667,8.454359258758863,0.7470229277602526
2025-09-28,11.0,29.0,12.0,2146,9.0,0.41379310344827586,0.004193849021435228,0.8181818181818182,2.4166666666666665,58.0,238.44444444444446,False,-1.0,3.0,2.0,-25140.0,-32240.0,-57380.0,2025,9,2025-09,Sunday,6,True,Stagnation Regime (2025),10.857142857142858,8.4,5.984105932354465,37.857142857142854,33.36666666666667,7.104659772048917,12.0,10.433333333333334,1.290994448737949,2133.1428571428573,2044.5,17.18942088759263,12.571428571428571,11.433333333333334,4.72077475484263,0.32616921867634857,0.33016416036865176,0.06603336061715678,0.005896301556715555,0.005598499201867611,0.0022192344366002547,1.8231028775146423,1.68720644823586,1.8973997021439784,3.196674753817611,4.38959362345265,0.7705827970151414,202.32398292650393,226.08149470584456,108.79419380040136,-1.7142857142857142,-3.033333333333333,8.49929969103728,0.7269998122407809
2025-09-29,8.0,35.0,12.0,2148,13.0,0.34285714285714286,0.006052141527001862,1.625,2.9166666666666665,70.0,165.23076923076923,False,-4.0,-1.0,-5.0,-25144.0,-32241.0,-57385.0,2025,9,2025-09,Monday,0,False,Stagnation Regime (2025),9.142857142857142,8.533333333333333,4.4507891221267055,35.42857142857143,34.06666666666667,3.408672413041671,12.142857142857142,10.766666666666667,1.2149857925901804,2140.5714285714284,2049.733333333333,6.160550375332378,12.428571428571429,11.766666666666667,4.685336802474957,0.344929030293303,0.33683082703531847,0.04249939390647489,0.005806694730147664,0.005750011235690827,0.002194875200944,1.9552457346574994,1.7163731149025268,1.8374078803175011,2.938016745159602,4.253482512341539,0.3719618476758557,204.54062342885874,209.46696479131464,107.69617095001965,-3.2857142857142856,-3.2333333333333334,7.825477316947926,0.7262263686809262
2025-09-30,8.0,32.0,12.0,2159,7.0,0.375,0.003242241778601204,0.875,2.6666666666666665,64.0,308.42857142857144,False,-4.0,5.0,1.0,-25148.0,-32236.0,-57384.0,2025,9,2025-09,Tuesday,1,False,Stagnation Regime (2025),9.142857142857142,8.666666666666666,4.4507891221267055,35.0,34.46666666666667,3.651483716753745,12.0,10.966666666666667,1.1547005383816478,2144.1428571428573,2055.5333333333333,8.513294923284544,12.714285714285714,11.533333333333333,4.191828786063868,0.3454392343749357,0.33933082703531847,0.04289018200745014,0.005935155297528502,0.005622989404129507,0.0019735209304275144,1.9909600203717852,1.6288731149025266,1.8094591675028109,2.9343537414965986,4.231260290119317,0.37489947542252633,187.63041934722605,215.02172669607654,69.50129696031634,-3.5714285714285716,-2.8666666666666667,7.590721152764005,0.7520525023075414
2025-10-01,4.0,33.0,12.0,2163,14.0,0.36363636363636365,0.006472491909385114,3.5,2.75,66.0,154.5,False,-8.0,-2.0,-10.0,-25156.0,-32238.0,-57394.0,2025,10,2025-10,Wednesday,2,False,Stagnation Regime (2025),7.285714285714286,8.633333333333333,3.147183169896715,34.0,34.4,2.9439202888415164,11.714285714285714,11.266666666666667,0.755928946022143,2147.285714285714,2061.633333333333,10.88905085606934,13.285714285714286,11.633333333333333,4.029651999657038,0.3473872863229877,0.3485948962993877,0.043438034143128135,0.006192552053249696,0.005653553949257159,0.001897140741299829,2.4069264069264067,1.6722064482358598,1.767447483068366,2.919047619047619,3.9340380678970943,0.38071917465122485,179.11613363294035,214.17172669607652,69.36872041563397,-6.0,-3.0,6.244997998396111,0.7672788473980223
2025-10-02,20.0,51.0,15.0,2164,16.0,0.29411764705882354,0.0073937153419593345,0.8,3.4,81.6,135.25,True,5.0,-1.0,4.0,-25151.0,-32239.0,-57390.0,2025,10,2025-10,Thursday,3,False,Stagnation Regime (2025),8.571428571428571,8.966666666666667,5.711308748366325,36.142857142857146,34.833333333333336,7.128079952547273,12.428571428571429,11.433333333333334,1.1338934190300938,2150.0,2067.6666666666665,12.476644847125593,13.428571428571429,11.833333333333334,4.1173269183568095,0.349721553363137,0.3496268880434537,0.03931752372340447,0.006249796103100031,0.0057319156490908355,0.0019310612333057109,2.3264069264069263,1.6655397815691935,1.834466238813332,2.8904761904761904,3.920704734563761,0.32444498804045396,178.00899077579749,212.07006002940986,70.09921355571934,-4.857142857142857,-2.8666666666666667,7.312741652496815,0.7653396345432703
2025-10-05,8.0,28.0,13.0,2180,16.0,0.4642857142857143,0.007339449541284404,2.0,2.1538461538461537,51.69230769230769,136.25,False,-5.0,-3.0,-8.0,-25156.0,-32242.0,-57398.0,2025,10,2025-10,Sunday,6,True,Stagnation Regime (2025),9.285714285714286,9.033333333333333,5.186980037061968,34.714285714285715,34.13333333333333,7.6749437721163005,12.571428571428571,11.6,1.1338934190300842,2156.0,2074.6,15.481171358825259,13.285714285714286,11.666666666666666,3.9880774697849883,0.37093530202049474,0.3596609016488959,0.05492207364730095,0.0061623808364466865,0.005621594393097137,0.0018534891449807174,1.8025974025974028,1.6155397815691934,1.0969784042729236,2.745787545787546,3.7883329396919665,0.3982014368804264,179.5068899354614,213.4815679659178,68.89852506902231,-4.0,-2.6333333333333333,6.350852961083625,0.7691255327009864
2025-10-06,5.0,33.0,15.0,2187,10.0,0.45454545454545453,0.004572473708276178,2.0,2.2,52.800000000000004,218.7,False,-10.0,5.0,-5.0,-25166.0,-32237.0,-57403.0,2025,10,2025-10,Monday,0,False,Stagnation Regime (2025),9.142857142857142,9.066666666666666,5.304984179333124,34.42857142857143,34.53333333333333,7.699721701860376,13.0,11.933333333333334,1.414213562374999,2163.8571428571427,2081.4666666666667,15.22529223969692,12.142857142857142,11.833333333333334,3.53216512587336,0.38689077511882497,0.3668759088639032,0.06126287588883,0.005609480403991903,0.005689877590406494,0.0016227671359891848,1.65974025974026,1.6405397815691933,0.9731826977315788,2.643406593406593,3.7216662730252996,0.4371684765459759,193.82911215768357,207.56490129925118,64.36048971953319,-3.0,-2.7666666666666666,5.354126134733652,0.7746628320318536
2025-10-07,11.0,45.0,4.0,2189,10.0,0.08888888888888889,0.0045682960255824575,0.9090909090909091,11.25,270.0,218.9,True,7.0,-6.0,1.0,-25159.0,-32243.0,-57402.0,2025,10,2025-10,Tuesday,1,False,Stagnation Regime (2025),9.142857142857142,9.166666666666666,5.304984179333124,36.714285714285715,35.03333333333333,8.179533110461957,11.857142857142858,11.8,3.7161167647867797,2170.0,2088.4333333333334,15.491933384011682,12.285714285714286,11.8,3.401680257119115,0.3404758873246268,0.3609499829379772,0.1261743740737655,0.005662972833155794,0.005656968939407392,0.0015737567412934161,1.6727272727272726,1.6250094785388902,0.9606057618774057,3.9053113553113556,3.9716662730252996,3.2665453549717935,191.03704866562012,208.86156796591783,62.4994507095419,-3.142857142857143,-2.6333333333333333,5.2098807225145185,0.7831583665578722
2025-10-08,8.0,49.0,15.0,2192,17.0,0.30612244897959184,0.007755474452554745,2.125,3.2666666666666666,78.4,128.94117647058823,True,-7.0,-2.0,-9.0,-25166.0,-32245.0,-57411.0,2025,10,2025-10,Wednesday,2,False,Stagnation Regime (2025),9.142857142857142,9.1,5.304984179333124,38.714285714285715,35.96666666666667,9.32227235737833,12.285714285714286,11.633333333333333,3.903600291794836,2176.285714285714,2095.2,13.92496900820339,12.857142857142858,11.866666666666667,3.84831441150133,0.3352280739135481,0.3394080328245986,0.12682109943175301,0.005906306108234776,0.005664102150168769,0.001764128437321183,1.7441558441558445,1.6458428118722237,0.9749477780947097,3.9553113553113555,4.045555161914189,3.251534510926483,185.85282112845138,208.7396071816041,66.38133248293389,-3.7142857142857144,-2.7666666666666666,5.64843003893411,0.7696372898020254
2025-10-09,11.0,55.0,13.0,2192,12.0,0.23636363636363636,0.005474452554744526,1.0909090909090908,4.230769230769231,101.53846153846155,182.66666666666666,True,-2.0,1.0,-1.0,-25168.0,-32244.0,-57412.0,2025,10,2025-10,Thursday,3,False,Stagnation Regime (2025),9.571428571428571,9.3,5.31843156257853,42.0,37.166666666666664,10.535653752870427,12.428571428571429,11.766666666666667,3.909694909544702,2181.0,2102.0,12.62273081817092,13.571428571428571,11.633333333333333,2.935821455622287,0.31542287910835326,0.3314973470191759,0.13035093548123824,0.006225193361969536,0.005528005766514041,0.0013571004651625538,1.7750000000000001,1.5555397815691936,0.945848730472608,4.178754578754579,4.116210432569459,3.201578877245211,167.88683473389355,211.34077677224738,39.08279280785375,-4.0,-2.3333333333333335,5.416025603087992,0.8221495736230274
2025-10-13,8.0,24.0,7.0,2223,6.0,0.2916666666666667,0.002699055330634278,0.75,3.4285714285714284,82.28571428571428,370.5,True,1.0,1.0,2.0,-25167.0,-32243.0,-57410.0,2025,10,2025-10,Monday,0,False,Stagnation Regime (2025),10.142857142857142,9.3,4.8107023544357705,40.714285714285715,36.86666666666667,12.229939843343608,11.714285714285714,11.8,4.423960733486922,2189.5714285714284,2109.9666666666667,17.709292690385055,12.428571428571429,11.266666666666667,4.076646614472847,0.30514149382696804,0.335158963180792,0.1287426811130866,0.005686130993576561,0.005332355997965292,0.001888063612126597,1.3821428571428573,1.5097064482358602,0.6274846323168298,4.275693354264782,4.04716281352184,3.1611258298392375,198.7439775910364,219.800580693816,85.02208801225808,-2.2857142857142856,-1.9666666666666666,5.089672082239987,0.7530086180115111
2025-10-14,7.0,30.0,16.0,2235,8.0,0.5333333333333333,0.0035794183445190158,1.1428571428571428,1.875,45.0,279.375,False,-9.0,8.0,-1.0,-25176.0,-32235.0,-57411.0,2025,10,2025-10,Tuesday,1,False,Stagnation Regime (2025),8.285714285714286,9.2,2.1380899353270695,37.714285714285715,36.9,11.856282240728268,11.857142857142858,11.766666666666667,4.561745697595314,2199.714285714286,2117.4666666666667,20.701966779659436,11.285714285714286,11.366666666666667,4.029651999657204,0.33931516329475514,0.3333965110735123,0.154500906290002,0.005141231422513657,0.005368751203147435,0.0018633612237774525,1.4311224489795917,1.5311350196644316,0.5865145816297674,4.05783621140764,4.052800068423801,3.2817819514229183,219.33326330532213,215.713080693816,84.53300980543766,-3.0,-2.1666666666666665,4.358898943537376,0.7368883039052003
2025-10-15,8.0,29.0,10.0,2225,15.0,0.3448275862068966,0.006741573033707865,1.875,2.9,69.6,148.33333333333334,False,-2.0,-5.0,-7.0,-25178.0,-32240.0,-57418.0,2025,10,2025-10,Wednesday,2,False,Stagnation Regime (2025),8.285714285714286,9.266666666666667,2.1380899353270695,37.857142857142854,36.7,11.725024114114655,11.428571428571429,11.8,4.577377082171248,2206.1428571428573,2124.3,20.54611537779254,11.142857142857142,11.566666666666666,3.8483144115014793,0.3222497164263526,0.336319335375647,0.14468202037585864,0.0050558204928598666,0.005444955452785882,0.0017564431620067582,1.413265306122449,1.5436350196644315,0.5679157208855614,4.164429618001047,4.019837105460838,3.2211909840140596,221.0594537815126,213.17604365677894,82.65619734805381,-2.857142857142857,-2.3,4.180453381651531,0.7432946185995318
2025-10-16,9.0,33.0,15.0,2233,9.0,0.45454545454545453,0.004030452306314375,1.0,2.2,52.800000000000004,248.11111111111111,False,-6.0,6.0,0.0,-25184.0,-32234.0,-57418.0,2025,10,2025-10,Thursday,3,False,Stagnation Regime (2025),8.857142857142858,9.433333333333334,1.57359158497633,37.857142857142854,36.833333333333336,11.725024114114655,11.428571428571429,11.933333333333334,4.577377082171248,2212.714285714286,2131.4333333333334,20.75824563587874,11.0,11.533333333333333,3.9157800415216886,0.32224971642635264,0.3388271723662426,0.14468202037585864,0.00497838886400818,0.005414205629547459,0.0017928720763041805,1.2704081632653064,1.4936350196644315,0.5194296656849634,4.164429618001047,4.0052916509153835,3.2211909840140596,225.26104108309988,214.71641402714934,83.2615693176264,-2.142857142857143,-2.1,4.180453381651526,0.73747400198842
2025-10-19,9.0,34.0,17.0,2237,7.0,0.5,0.0031291908806437194,0.7777777777777778,2.0,48.0,319.57142857142856,False,-8.0,10.0,2.0,-25192.0,-32224.0,-57416.0,2025,10,2025-10,Sunday,6,True,Stagnation Regime (2025),8.571428571428571,9.366666666666667,1.2724180206071078,36.285714285714285,36.63333333333333,11.338934190293676,13.285714285714286,12.433333333333334,3.5923198500088005,2219.5714285714284,2138.8333333333335,19.50946046393337,10.571428571428571,11.3,4.197504927846324,0.3809798751565113,0.35382717236624267,0.114448379040871,0.004772802414731217,0.005286915631606964,0.0019253501075827935,1.2516491445062876,1.477136703166115,0.5367361702316161,2.843001046572475,3.405291650915383,0.8672429283141995,239.64267373616116,220.57117593191123,90.37062611967093,-2.0,-1.9333333333333333,4.32049379893524,0.7157882166608437
2025-10-20,10.0,39.0,6.0,2243,7.0,0.15384615384615385,0.003120820329915292,0.7,6.5,156.0,320.42857142857144,True,4.0,-1.0,3.0,-25188.0,-32225.0,-57413.0,2025,10,2025-10,Monday,0,False,Stagnation Regime (2025),8.857142857142858,9.566666666666666,1.3451854183129004,34.857142857142854,37.3,10.023781246444639,12.0,12.333333333333334,4.396968652758268,2226.8571428571427,2146.0666666666666,16.83675118456464,9.142857142857142,11.3,3.236694374888982,0.35922611870887733,0.3431659038102372,0.1421642831702549,0.004110708968639867,0.00527577351229812,0.0014722984539178152,1.0480777159348589,1.442136703166115,0.40414520384346364,3.304905808477237,3.5515879472116794,1.6438429823888319,266.99801587301585,221.60450926524456,79.61829454416286,-0.2857142857142857,-1.7333333333333334,3.352326839385791,0.7385451023610047
2025-10-21,13.0,39.0,17.0,2251,9.0,0.4358974358974359,0.003998223011994669,0.6923076923076923,2.2941176470588234,55.05882352941176,250.11111111111111,False,-4.0,8.0,4.0,-25192.0,-32217.0,-57409.0,2025,10,2025-10,Tuesday,1,False,Stagnation Regime (2025),9.142857142857142,9.766666666666667,1.9518001459271914,32.57142857142857,37.766666666666666,5.442338433011698,12.571428571428571,12.733333333333333,4.790864322059893,2235.285714285714,2153.6,9.759000728192833,8.714285714285714,11.4,2.984084768402146,0.38773094721370577,0.3510291516734851,0.13314135660432536,0.003899819033961316,0.005310282180599176,0.0013445885984451629,0.991134658991802,1.4366421976716095,0.42466462760422263,3.0282412965186074,3.4613918687803067,1.6249095036226018,276.6329365079365,218.69154630228158,71.36526487107524,0.42857142857142855,-1.6333333333333333,3.6903993847575176,0.7449144927647638
2025-10-22,12.0,42.0,13.0,2261,12.0,0.30952380952380953,0.005307386112339673,1.0,3.230769230769231,77.53846153846155,188.41666666666666,True,-1.0,1.0,0.0,-25193.0,-32216.0,-57409.0,2025,10,2025-10,Wednesday,2,False,Stagnation Regime (2025),9.714285714285714,9.566666666666666,2.13808993532678,35.142857142857146,37.766666666666666,4.947341758618938,13.428571428571429,12.8,4.117326918327749,2240.714285714286,2161.5333333333333,12.079104349228567,9.571428571428571,11.333333333333334,2.9358214556227415,0.3902819676218691,0.35261645326078667,0.13115015661663473,0.004272437717062087,0.005256514543513382,0.0013175108995342431,1.0268489447060876,1.4440496050790168,0.4113077466457701,2.999983839689722,3.4418114491998875,1.618494636600919,250.62103174603175,220.15543519117048,64.281615452891,0.14285714285714285,-1.7666666666666666,3.625307868695872,0.7652704272103782
2025-10-23,4.0,27.0,26.0,2266,18.0,0.9629629629629629,0.00794351279788173,4.5,1.0384615384615385,24.923076923076927,125.88888888888889,False,-22.0,8.0,-14.0,-25215.0,-32208.0,-57423.0,2025,10,2025-10,Thursday,3,False,Stagnation Regime (2025),9.285714285714286,9.366666666666667,2.927700218865662,34.714285714285715,37.1,5.559205150482117,14.857142857142858,13.2,6.309478885734458,2245.1428571428573,2169.5666666666666,14.971401307748737,11.0,11.333333333333334,4.203173404335459,0.4516576289975305,0.37478614067870103,0.25309194903936233,0.0048958797818281895,0.005225002007146476,0.0018570032383657664,1.5064407814407816,1.5340496050790169,1.3816841424217274,2.8804783451842275,3.36452207191051,1.741606513556239,228.69444444444443,220.60173148746676,77.63015594033638,-1.7142857142857142,-1.9666666666666666,6.4990841845652705,0.7235331537337562
2025-10-26,4.0,35.0,12.0,2276,10.0,0.34285714285714286,0.004393673110720563,2.5,2.9166666666666665,70.0,227.6,False,-8.0,2.0,-6.0,-25223.0,-32206.0,-57429.0,2025,10,2025-10,Sunday,6,True,Stagnation Regime (2025),8.714285714285714,9.1,3.545621041728309,35.57142857142857,37.0,4.9617585208705135,15.142857142857142,12.633333333333333,6.094494002200857,2252.4285714285716,2177.2,15.914952537175157,10.285714285714286,11.466666666666667,3.8172540617144297,0.4513761370904228,0.3607761156160444,0.2532316268719012,0.004560465507115717,0.00527375382049357,0.0016707720258665897,1.5957264957264958,1.6007162717456835,1.4288589193413763,2.88285929756518,3.418066133213192,1.741649041638144,240.01825396825396,216.81617593191123,69.28724709814293,-1.5714285714285714,-2.3666666666666667,6.37330743170442,0.7293297433791376
2025-10-27,2.0,31.0,8.0,2282,11.0,0.25806451612903225,0.004820333041191937,5.5,3.875,93.0,207.45454545454547,True,-6.0,-3.0,-9.0,-25229.0,-32209.0,-57438.0,2025,10,2025-10,Monday,0,False,Stagnation Regime (2025),7.714285714285714,8.933333333333334,4.347960660456893,35.285714285714285,36.733333333333334,5.186980037087662,14.142857142857142,12.466666666666667,6.669047194029722,2259.4285714285716,2183.8333333333335,16.701867588004202,10.571428571428571,11.666666666666666,3.779644730124888,0.42330743160236245,0.3582671550425677,0.26350266087217533,0.004673305612098226,0.005354418786484974,0.0016556147846900693,2.2385836385836386,1.760240081269493,2.0102002911771764,3.122145011850894,3.4472327998798584,1.7472497954958846,234.21017316017316,209.84466078039608,70.19389790591175,-2.857142857142857,-2.7333333333333334,6.8902968351270415,0.7366298219858055
2025-10-28,6.0,22.0,11.0,2286,6.0,0.5,0.0026246719160104987,1.0,2.0,48.0,381.0,False,-5.0,5.0,0.0,-25234.0,-32204.0,-57438.0,2025,10,2025-10,Tuesday,1,False,Stagnation Regime (2025),7.285714285714286,8.833333333333334,4.347960660456935,33.57142857142857,35.9,7.2538987875096925,13.285714285714286,12.5,6.6260668503092575,2266.4285714285716,2190.5,15.988090805155965,10.428571428571429,11.533333333333333,3.9520940802686195,0.42330743160236245,0.3678416231276741,0.26350266087217533,0.004601231474293479,0.005282112388543105,0.001742728169622522,2.2703296703296703,1.7565363775657892,1.9848808636361452,3.122145011850894,3.3572327998798586,1.7472497954958846,242.98568336425478,215.59132744706272,84.93599757291818,-3.142857142857143,-2.7,6.693991620064599,0.7251800288492074
2025-10-29,6.0,25.0,4.0,2280,17.0,0.16,0.007456140350877193,2.8333333333333335,6.25,150.0,134.11764705882354,True,2.0,-13.0,-11.0,-25232.0,-32217.0,-57449.0,2025,10,2025-10,Wednesday,2,False,Stagnation Regime (2025),6.714285714285714,8.8,4.191828786048909,31.571428571428573,35.8,7.435436388410883,13.0,12.066666666666666,7.023769168568876,2271.714285714286,2196.6666666666665,12.737271890517754,11.857142857142858,11.7,4.2983939415130585,0.42418655248148335,0.3529368612229122,0.2624620375954979,0.005220562905859466,0.0053397196126495124,0.0018928152058725375,2.5750915750915753,1.7938379648673766,1.863660885544584,3.0864307261366086,3.510664172428878,1.6674299096543426,216.3698370257194,214.2424712379124,85.81061277146242,-5.142857142857143,-2.9,6.644009116702696,0.7339367923775415
2025-10-30,3.0,17.0,14.0,2287,12.0,0.8235294117647058,0.005247048535198951,4.0,1.2142857142857142,29.14285714285714,190.58333333333334,False,-11.0,2.0,-9.0,-25243.0,-32215.0,-57458.0,2025,10,2025-10,Thursday,3,False,Stagnation Regime (2025),5.285714285714286,8.666666666666666,3.3022358947965604,28.428571428571427,35.1,8.36375399881995,12.571428571428571,12.366666666666667,6.8278142636610335,2276.8571428571427,2203.0333333333333,9.940297972616982,12.285714285714286,11.666666666666666,4.111540089188882,0.47956254903395046,0.37600187670278834,0.30309239366447027,0.005398966552031506,0.005307878227944949,0.0018156857321293982,3.047619047619048,1.865266536295948,1.7205573109656835,2.932169021454736,3.2978070295717354,1.797800750781368,207.86586877175114,215.22089004133122,84.85381100123868,-7.0,-3.0,5.354126134733677,0.7492543571512922
2025-11-02,5.0,21.0,10.0,2277,7.0,0.47619047619047616,0.0030742204655248135,1.4,2.1,50.400000000000006,325.2857142857143,False,-5.0,3.0,-2.0,-25248.0,-32212.0,-57460.0,2025,11,2025-11,Sunday,6,True,Stagnation Regime (2025),4.285714285714286,8.166666666666666,1.4960264831269,25.428571428571427,34.06666666666667,6.160550377424234,12.142857142857142,12.333333333333334,6.890296835129527,2279.1428571428573,2209.0666666666666,7.128079950759484,11.571428571428571,11.433333333333334,4.5773770821974935,0.5033720728434743,0.3848236105245222,0.29391607037734424,0.005079942888200813,0.005187705933029873,0.0020192371814770297,3.104761904761905,1.8885998696292814,1.6462559734618227,2.7706305599162744,3.210231271995978,1.8171959035114649,227.4185898601865,221.07327099371216,94.8103385650067,-7.285714285714286,-3.2666666666666666,4.956957592253549,0.7165501164372681
2025-11-03,3.0,28.0,5.0,2269,12.0,0.17857142857142858,0.005288673424416042,4.0,5.6,134.39999999999998,189.08333333333334,True,-2.0,-7.0,-9.0,-25250.0,-32219.0,-57469.0,2025,11,2025-11,Monday,0,False,Stagnation Regime (2025),4.142857142857143,8.0,1.5735915849776279,25.571428571428573,33.833333333333336,6.214422549155174,9.142857142857142,12.066666666666666,3.6709931185166247,2279.5714285714284,2213.5666666666666,6.241184256795969,10.714285714285714,11.666666666666666,3.6384193323944527,0.3913161393589694,0.37839503909595074,0.2326284180087365,0.004700680120562857,0.0052858944536125635,0.0015969015233183888,3.0333333333333337,2.0010998696292814,1.5853495934125497,3.422278911564626,3.307154348919055,1.9081233625643461,236.44636763796424,213.1493821048233,86.1440732197048,-6.571428571428571,-3.6666666666666665,4.11732691832364,0.7464994005965424
2025-11-04,6.0,33.0,6.0,2270,8.0,0.18181818181818182,0.003524229074889868,1.3333333333333333,5.5,132.0,283.75,True,0.0,-2.0,-2.0,-25250.0,-32221.0,-57471.0,2025,11,2025-11,Tuesday,1,False,Stagnation Regime (2025),4.428571428571429,7.633333333333334,1.7182493860038568,25.285714285714285,33.6,5.736267244921828,8.285714285714286,11.8,3.5923198500089,2278.714285714286,2217.866666666667,7.158079016956331,10.428571428571429,11.6,3.7796447301249008,0.3683105734962607,0.3727889784898901,0.24580894092724337,0.0045764738297299,0.005247678268797667,0.001657425724381784,2.8666666666666667,2.025936470936471,1.707391339202934,3.7913265306122446,3.395249587014293,2.0393428992303906,244.46779620939287,215.47104877148996,87.781718204174,-6.0,-3.966666666666667,4.472135954996387,0.7339817547883012
2025-11-05,8.0,41.0,8.0,2272,7.0,0.1951219512195122,0.0030809859154929575,0.875,5.125,123.0,324.57142857142856,True,0.0,1.0,1.0,-25250.0,-32220.0,-57470.0,2025,11,2025-11,Wednesday,2,False,Stagnation Regime (2025),5.285714285714286,7.533333333333333,1.7994708217184778,26.714285714285715,33.766666666666666,8.138678961508063,8.285714285714286,11.733333333333333,3.5923198500089,2277.285714285714,2222.1,7.3872476976422545,9.857142857142858,11.333333333333334,3.9761191895830836,0.3593187785091864,0.3700337842712813,0.2515970163177984,0.00432799566891576,0.0051172775662138665,0.001742947082905733,2.205952380952381,2.0096485921485923,1.3824856362333529,3.969897959183673,3.4460829203476266,2.101665456711398,261.19877951180473,221.5234297238709,90.66505287370835,-4.571428571428571,-3.8,4.928053803042905,0.7125682159310969
2025-11-06,6.0,33.0,9.0,2264,19.0,0.2727272727272727,0.008392226148409895,3.1666666666666665,3.6666666666666665,88.0,119.15789473684211,True,-3.0,-10.0,-13.0,-25253.0,-32230.0,-57483.0,2025,11,2025-11,Thursday,3,False,Stagnation Regime (2025),5.285714285714286,7.633333333333334,1.7994708217184778,28.285714285714285,33.6,8.138678961507898,8.0,11.633333333333333,3.4156502553207595,2274.1428571428573,2226.3,7.7336617319616625,11.714285714285714,11.4,4.820590756156451,0.3268512460416539,0.3685983775727167,0.24499464275157487,0.00515193198782996,0.005131973224232269,0.002124921464537558,2.5154761904761904,1.9263152588152588,1.3080274639933407,4.2079931972789115,3.462749587014293,1.9285837637129697,223.79276447421074,221.30320268568718,86.93840891286004,-6.428571428571429,-3.7666666666666666,5.34967733784189,0.7084592216474211
2025-11-09,11.0,33.0,5.0,2294,4.0,0.15151515151515152,0.0017436791630340018,0.36363636363636365,6.6,158.39999999999998,573.5,True,6.0,1.0,7.0,-25247.0,-32229.0,-57476.0,2025,11,2025-11,Sunday,6,True,Stagnation Regime (2025),6.0,7.8,2.8284271247674595,29.428571428571427,33.53333333333333,8.162049229172887,8.142857142857142,11.4,3.236694374851688,2276.1428571428573,2231.7,10.730463974952219,9.857142857142858,10.933333333333334,4.94734175860507,0.3256391248295327,0.3622203111946503,0.24597675125072108,0.0043358661038523615,0.00490866997181808,0.002188485542986373,2.1626623376623377,1.838436470936471,1.5233544812524962,4.257993197278911,3.5855273647920707,1.9937827014600686,286.56167203723595,236.4717212042057,148.33728193143446,-3.857142857142857,-3.1333333333333333,6.890296835127047,0.6658214124291467
2025-11-11,11.0,39.0,12.0,2294,14.0,0.3076923076923077,0.006102877070619006,1.2727272727272727,3.25,78.0,163.85714285714286,True,-1.0,-2.0,-3.0,-25248.0,-32231.0,-57479.0,2025,11,2025-11,Tuesday,1,False,Stagnation Regime (2025),7.142857142857143,7.8,3.0237157840935494,32.57142857142857,33.86666666666667,6.679749068598034,7.857142857142857,11.4,2.6726124191253895,2277.1428571428573,2236.633333333333,12.143977538314342,10.142857142857142,11.1,5.145501965448786,0.25194810996204725,0.3586836180027847,0.11360909855781977,0.004458127323198084,0.0049723042401242055,0.002270251583868691,1.7730519480519482,1.8535879860879863,1.308768772410569,4.548809523809524,3.613305142569849,1.5817128298747798,282.7436448263516,233.98547781796233,151.52899278317506,-3.0,-3.3,6.506407098645504,0.6634366102341673
2025-11-12,14.0,48.0,20.0,2302,7.0,0.4166666666666667,0.0030408340573414424,0.5,2.4,57.599999999999994,328.85714285714283,False,-6.0,13.0,7.0,-25254.0,-32218.0,-57472.0,2025,11,2025-11,Wednesday,2,False,Stagnation Regime (2025),8.428571428571429,8.0,3.7796447301079104,36.42857142857143,34.3,6.679749068597538,9.285714285714286,11.666666666666666,5.345224838249042,2280.714285714286,2241.766666666667,15.348336344579247,10.142857142857142,10.9,5.145501965448786,0.24344470860150305,0.36114393546310214,0.09467802712259493,0.004453357836314745,0.004871927324468858,0.002273676035961784,1.6444805194805194,1.8160879860879862,1.3930203048652732,4.591666666666667,3.596082920347626,1.5065827779005951,283.25384890798426,239.4396902721748,151.7020208570172,-1.7142857142857142,-2.9,7.5435245015001495,0.6634366102341673
2025-11-13,6.0,26.0,16.0,2317,5.0,0.6153846153846154,0.0021579628830384117,0.8333333333333334,1.625,39.0,463.4,False,-10.0,11.0,1.0,-25264.0,-32207.0,-57471.0,2025,11,2025-11,Thursday,3,False,Stagnation Regime (2025),8.857142857142858,7.933333333333334,3.1847852585339225,36.142857142857146,34.1,7.1280799525472744,10.857142857142858,11.8,5.490251100164986,2287.5714285714284,2247.0333333333333,19.423843962013283,9.142857142857142,10.833333333333334,5.3984124650775485,0.30584659243195833,0.3691567559759227,0.16363392016724598,0.004006113473260797,0.004835784694616765,0.00238706617408825,1.1920995670995673,1.8146990971990973,0.9416281529483641,4.023809523809524,3.561360698125404,1.7863320360048283,322.4419441460795,244.60540455788907,158.5957233994447,-0.2857142857142857,-2.9,6.848705126133917,0.6287523297049789
2025-11-16,5.0,22.0,3.0,2340,5.0,0.13636363636363635,0.002136752136752137,1.0,7.333333333333333,176.0,468.0,True,2.0,-2.0,0.0,-25262.0,-32209.0,-57471.0,2025,11,2025-11,Sunday,6,True,Stagnation Regime (2025),8.714285714285714,7.966666666666667,3.3523268394076977,34.57142857142857,33.733333333333334,8.922950611733368,10.428571428571429,11.5,6.02376246923134,2297.5714285714284,2252.9333333333334,25.83187399823473,8.714285714285714,10.533333333333333,5.6188458398212315,0.29935308593845184,0.3615809984001651,0.17014828109035388,0.0038079024820982647,0.004691260035528999,0.0024891697267286576,1.1444805194805194,1.731365763865764,0.941723926427126,4.285714285714286,3.714138475903182,2.138517541460038,348.76337271750805,255.0554045578891,166.21069898948699,0.0,-2.566666666666667,6.806859285551921,0.6079819808664747
2025-11-17,1.0,35.0,6.0,2343,8.0,0.17142857142857143,0.0034144259496372174,8.0,5.833333333333333,140.0,292.875,True,-5.0,-2.0,-7.0,-25267.0,-32211.0,-57478.0,2025,11,2025-11,Monday,0,False,Stagnation Regime (2025),7.714285714285714,7.333333333333333,4.461475305869207,33.714285714285715,33.2,8.479667558645719,10.142857142857142,11.2,6.202917900165718,2307.714285714286,2258.9,27.968519717945203,8.857142857142858,10.266666666666667,5.580578567057795,0.2959683173968889,0.3574913625458233,0.1727826094206453,0.0038555367726903016,0.004558617055784929,0.002476096675484939,2.1623376623376624,1.9713657638657638,2.738441137343695,4.386904761904762,3.795249587014293,2.2007041020940443,344.23531149301823,260.3095712245557,167.40704655903727,-1.1428571428571428,-2.933333333333333,7.26701615585757,0.6134723476722875
2025-11-18,2.0,38.0,8.0,2345,12.0,0.21052631578947367,0.00511727078891258,6.0,4.75,114.0,195.41666666666666,True,-6.0,-4.0,-10.0,-25273.0,-32215.0,-57488.0,2025,11,2025-11,Tuesday,1,False,Stagnation Regime (2025),7.142857142857143,7.133333333333334,4.947341758592164,34.42857142857143,33.53333333333333,8.61891607373571,10.0,11.033333333333333,6.244997998398864,2319.285714285714,2264.4,23.221500709754338,7.857142857142857,10.133333333333333,3.8047589248780054,0.28708246640577467,0.34903271592928203,0.17575098944991083,0.0033876860070478285,0.004484544430705868,0.0016464385979858087,2.567099567099567,2.1046990971990973,3.09748578819251,4.541666666666666,3.8817880485527545,2.1796034722619395,355.1294217687074,262.28179344677795,152.1003448764139,-0.7142857142857143,-3.0,6.499084184565264,0.6737445576206278
2025-11-19,7.0,32.0,3.0,2340,10.0,0.09375,0.004273504273504274,1.4285714285714286,10.666666666666666,256.0,234.0,True,4.0,-7.0,-3.0,-25269.0,-32222.0,-57491.0,2025,11,2025-11,Wednesday,2,False,Stagnation Regime (2025),6.571428571428571,7.2,4.649628761435417,34.285714285714285,33.5,8.65475371718616,9.714285714285714,10.633333333333333,6.550172662210345,2325.8571428571427,2269.5,21.302805537876047,8.714285714285714,10.133333333333333,3.450327796747679,0.2788303019036102,0.33700620077776683,0.18432431559745768,0.0037490895942578666,0.004474578782880138,0.001496227922126762,2.7192331478045766,2.085651478151478,2.995705067172128,5.122619047619048,4.164010270774977,3.1469661841241905,306.62942176870746,262.79179344677794,122.01636970102042,-2.142857142857143,-2.933333333333333,5.55063273956177,0.7163635496007985
2025-11-20,18.0,57.0,8.0,2340,9.0,0.14035087719298245,0.0038461538461538464,0.5,7.125,171.0,260.0,True,10.0,-1.0,9.0,-25259.0,-32223.0,-57482.0,2025,11,2025-11,Thursday,3,False,Stagnation Regime (2025),7.571428571428571,7.433333333333334,6.241184258816584,36.857142857142854,33.9,12.226045578050648,9.142857142857142,10.766666666666667,6.491753010001465,2332.4285714285716,2274.5333333333333,16.359066220114602,8.0,10.1,2.581988897519688,0.25492438326084943,0.33872160038790333,0.19069863003781057,0.0034267005621914154,0.004450507376899184,0.001093446473225436,2.608843537414966,2.0720151145151147,3.071178073421562,5.6761904761904765,4.026510270774977,3.1031735121582944,320.3641156462585,264.16179344677795,107.85627279517925,-0.42857142857142855,-2.6666666666666665,6.92476576877168,0.756001549186573
2025-11-23,3.0,46.0,22.0,2375,1.0,0.4782608695652174,0.0004210526315789474,0.3333333333333333,2.090909090909091,50.18181818181818,2375.0,False,-19.0,21.0,2.0,-25278.0,-32202.0,-57480.0,2025,11,2025-11,Sunday,6,True,Stagnation Regime (2025),6.0,7.266666666666667,5.715476066504609,36.57142857142857,33.8,11.942321701387442,9.428571428571429,11.0,7.067699834627024,2342.8571428571427,2280.633333333333,16.98458684958941,7.142857142857143,9.566666666666666,3.7161167648195135,0.26372355510349954,0.3444595477407575,0.20057103765973813,0.0030524460727967733,0.004206026649533324,0.0015852608987303573,2.585034013605442,2.0122928922928924,3.0908349983353136,5.632034632034632,3.987318351583057,3.159253220955793,612.6702380952381,339.03042089775835,784.5544653604767,-1.1428571428571428,-2.3,6.256425268700032,0.6577838020043093
2025-11-24,9.0,40.0,9.0,2371,13.0,0.225,0.005482918599746942,1.4444444444444444,4.444444444444445,106.66666666666667,182.3846153846154,True,0.0,-4.0,-4.0,-25278.0,-32206.0,-57484.0,2025,11,2025-11,Monday,0,False,Stagnation Regime (2025),6.428571428571429,7.2,5.826867164480491,38.57142857142857,33.3,11.012979355564628,8.428571428571429,10.866666666666667,6.4512826336360165,2350.5714285714284,2286.6,15.479633315880104,8.285714285714286,9.6,4.151878519217935,0.20795432433426875,0.3440807598619696,0.12743299519427018,0.003527439746612278,0.004206308851033404,0.001760969254823721,2.67233560090703,2.024077404077404,3.041345761435285,6.034812409812409,3.9944408587055644,2.711202679874488,572.5251831501831,339.0210191883567,800.4932843542006,-1.8571428571428572,-2.4,6.256425268700036,0.6661831124129199
2025-11-25,6.0,47.0,14.0,2375,11.0,0.2978723404255319,0.0046315789473684215,1.8333333333333333,3.357142857142857,80.57142857142857,215.9090909090909,True,-8.0,3.0,-5.0,-25286.0,-32203.0,-57489.0,2025,11,2025-11,Tuesday,1,False,Stagnation Regime (2025),6.571428571428571,7.133333333333334,5.798193478935266,42.142857142857146,34.06666666666667,8.513294924796316,10.0,11.1,6.244997998398864,2355.5714285714284,2291.6666666666665,17.067094487954712,9.142857142857142,9.766666666666667,3.9761191895831436,0.23102699634311102,0.3442876156539318,0.12693081793072974,0.0038838435767003182,0.004270726304924543,0.0016833509148087406,2.791383219954649,2.060188515188515,2.9806799094985195,5.466785198928057,3.992059906324612,2.80858484788123,536.5121961371962,333.8679888853264,811.5733655965835,-2.5714285714285716,-2.6333333333333333,6.2943663397532585,0.69691848747748
2025-11-27,4.0,24.0,8.0,2389,7.0,0.3333333333333333,0.0029300962745918793,1.75,3.0,72.0,341.2857142857143,False,-4.0,1.0,-3.0,-25290.0,-32202.0,-57492.0,2025,11,2025-11,Thursday,3,False,Stagnation Regime (2025),7.0,7.033333333333333,5.4160256031016685,40.57142857142857,33.86666666666667,10.768118728578168,10.285714285714286,10.833333333333334,6.074928962940035,2362.1428571428573,2296.8,20.02022786545114,9.0,9.733333333333333,4.041451884358013,0.2541562480437913,0.33762094898726513,0.12899513788628722,0.003814653623122413,0.004249082235926972,0.0017155073143861022,1.8985260770975059,2.0804266104266107,1.9009273808637273,5.062023294166152,4.029559906324612,2.9476753375181755,543.4280124637268,335.93167936151684,809.3544199690754,-2.0,-2.7,5.9999999999975975,0.6901072119734344
2025-11-30,4.0,18.0,10.0,2415,0.0,0.5555555555555556,0.0,0.0,1.8,43.2,,False,-6.0,10.0,4.0,-25296.0,-32192.0,-57488.0,2025,11,2025-11,Sunday,6,True,Stagnation Regime (2025),7.285714285714286,6.9,5.15474815791691,37.714285714285715,33.5,13.792682670114438,10.571428571428571,10.833333333333334,5.9960304329103185,2372.1428571428573,2303.133333333333,26.472807251679864,7.285714285714286,9.233333333333333,4.9904671028883305,0.3034461394389458,0.3446452146322204,0.16919908954327822,0.0030836149389920444,0.004024363134803376,0.002112330464763083,1.0413832199546487,2.0179266104266107,0.7439315858125569,4.64059472273758,3.9928932396579455,3.1998167271044182,601.4299034299034,342.4005878452473,870.5205626294506,0.0,-2.3333333333333335,5.16397779494042,0.5934837597364314
2025-12-01,4.0,26.0,4.0,2410,9.0,0.15384615384615385,0.0037344398340248964,2.25,6.5,156.0,267.77777777777777,True,0.0,-5.0,-5.0,-25296.0,-32197.0,-57493.0,2025,12,2025-12,Monday,0,False,Stagnation Regime (2025),6.857142857142857,6.733333333333333,5.304984179333311,36.857142857142854,33.266666666666666,14.380873541266718,10.714285714285714,10.466666666666667,5.794085654478564,2382.1428571428573,2309.0333333333333,25.51096869553568,7.142857142857143,9.233333333333333,4.913538149145276,0.31203130427411063,0.33462190460891045,0.15793550414683144,0.0030066057333521337,0.004014496052393727,0.0020711455544188116,1.1587301587301588,2.059593277093277,0.8693918286224526,4.045356627499485,4.136226572991279,2.0855314552045936,607.059533059533,343.0787487647875,867.774060506829,-0.2857142857142857,-2.5,5.407226205557365,0.5924537948415926
2025-12-02,7.0,34.0,6.0,2407,8.0,0.17647058823529413,0.0033236393851267137,1.1428571428571428,5.666666666666667,136.0,300.875,True,1.0,-2.0,-1.0,-25295.0,-32199.0,-57494.0,2025,12,2025-12,Tuesday,1,False,Stagnation Regime (2025),5.285714285714286,6.666666666666667,2.138089935327677,33.57142857142857,33.266666666666666,11.311603818768054,10.428571428571429,10.1,5.996030432910319,2391.714285714286,2314.7,18.73245210536632,7.0,9.266666666666667,4.86483983980106,0.31719126299444095,0.32383759088342023,0.15186501862559415,0.002931960810348257,0.004020977669209827,0.002045096969847218,1.2505668934240364,2.071762589262589,0.8208066702732704,3.8370232941661513,4.258448795213501,1.7765731151461348,613.872033059533,342.43404433129,864.6593882335901,-1.7142857142857142,-2.6,3.5456210417076055,0.5899784653239255
2025-12-03,4.0,32.0,8.0,2419,7.0,0.25,0.0028937577511368336,1.75,4.0,96.0,345.57142857142856,True,-4.0,1.0,-3.0,-25299.0,-32198.0,-57497.0,2025,12,2025-12,Wednesday,2,False,Stagnation Regime (2025),5.428571428571429,6.466666666666667,1.9880595948063948,31.571428571428573,33.03333333333333,9.89708951928654,8.428571428571429,10.166666666666666,3.1547394428679807,2398.0,2320.5666666666666,19.553345834112744,7.857142857142857,9.266666666666667,4.099941927609728,0.28458256734226695,0.32704271908854843,0.1350961766852803,0.0032852043988565267,0.004013408916583878,0.001728094425382907,1.4529478458049887,2.106762589262589,0.7261486549795504,4.109750566893424,4.175115461880168,1.6017832583074325,275.6339378214378,343.3010394051816,66.57737199601962,-2.4285714285714284,-2.8,3.154739442862461,0.6571119130276734
2025-12-04,16.0,39.0,7.0,2418,13.0,0.1794871794871795,0.005376344086021506,0.8125,5.571428571428571,133.71428571428572,186.0,True,9.0,-6.0,3.0,-25290.0,-32204.0,-57494.0,2025,12,2025-12,Thursday,3,False,Stagnation Regime (2025),6.428571428571429,6.566666666666666,4.391550328282056,31.428571428571427,33.03333333333333,9.761440174795165,8.142857142857142,9.833333333333334,3.184785258516374,2404.714285714286,2326.133333333333,16.58025216574955,7.857142857142857,9.4,4.099941927609728,0.27808073584043547,0.31849571054153986,0.13946618661707386,0.0032699794683243217,0.0040593462857181056,0.001705831026758412,1.3626700680272112,2.1107689995189993,0.7655936487469225,4.270748299319728,4.284359159359159,1.6949581286819777,276.2365019240019,341.0903114358329,65.5734099814042,-1.4285714285714286,-2.8333333333333335,3.644957377759776,0.6571119130276734
2025-12-07,4.0,24.0,13.0,2429,12.0,0.5416666666666666,0.004940304652120214,3.0,1.8461538461538463,44.30769230769231,202.41666666666666,False,-9.0,1.0,-8.0,-25299.0,-32203.0,-57502.0,2025,12,2025-12,Sunday,6,True,Stagnation Regime (2025),6.142857142857143,6.3,4.4880794492719644,28.142857142857142,32.43333333333333,7.17469096732305,8.0,9.833333333333334,2.8867513459491825,2412.4285714285716,2331.733333333333,12.514753197491558,8.0,9.4,4.242640687148544,0.3129084967320261,0.3262338057796351,0.1719010995085431,0.0033140831404317207,0.0040471102370441235,0.0017503130240115186,1.5293367346938778,2.177435666185666,0.9816383212424953,4.054892726321298,4.238205313205314,1.9129003418673298,273.98776455026456,341.57307005652257,68.23340988393947,-1.8571428571428572,-3.1,4.259443290246779,0.6534537935429104
2025-12-08,9.0,27.0,9.0,2440,4.0,0.3333333333333333,0.001639344262295082,0.4444444444444444,3.0,72.0,610.0,False,0.0,5.0,5.0,-25299.0,-32198.0,-57497.0,2025,12,2025-12,Monday,0,False,Stagnation Regime (2025),6.857142857142857,6.466666666666667,4.488079449271895,28.571428571428573,32.43333333333333,6.972736021063996,8.142857142857142,9.266666666666667,2.9113897843120458,2419.714285714286,2337.5333333333333,11.397577017938398,7.571428571428571,8.933333333333334,4.503966505866006,0.3129084967320262,0.3052461514586475,0.1719010995085431,0.0031296899958178923,0.0038369712858579022,0.0018619377301835685,1.3428287981859413,2.042250481000481,1.0540782145643233,4.054892726321298,4.303589928589928,1.9129003418673298,318.7734788359788,358.2665566465609,154.67361651606402,-0.7142857142857143,-2.466666666666667,4.923220007075281,0.6270129070696133
2025-12-09,4.0,30.0,7.0,2443,8.0,0.23333333333333334,0.003274662300450266,2.0,4.285714285714286,102.85714285714286,305.375,True,-3.0,-1.0,-4.0,-25302.0,-32199.0,-57501.0,2025,12,2025-12,Tuesday,1,False,Stagnation Regime (2025),6.857142857142857,6.466666666666667,4.488079449271895,30.285714285714285,32.266666666666666,5.186980037088505,7.714285714285714,9.1,2.8115408417392813,2423.714285714286,2343.1,14.06786273318862,8.714285714285714,8.866666666666667,3.0394235042756104,0.2668767507002801,0.3015953578078538,0.13535268009203283,0.0035974988958822163,0.003799670925515559,0.001257975489746594,1.628543083900227,2.0255838143338143,0.8872937817076457,4.409994767137625,4.34922484922485,1.635093344777668,316.859410430839,360.94845319828505,141.28783378909725,-1.8571428571428572,-2.4,4.561745697591546,0.7414072912850534
2025-12-10,10.0,54.0,5.0,2439,9.0,0.09259259259259259,0.0036900369003690036,0.9,10.8,259.20000000000005,271.0,True,5.0,-4.0,1.0,-25297.0,-32203.0,-57500.0,2025,12,2025-12,Wednesday,2,False,Stagnation Regime (2025),7.714285714285714,6.733333333333333,4.423960733499722,34.285714285714285,33.03333333333333,9.945087325164506,7.857142857142857,9.0,2.6095064302526465,2427.8571428571427,2348.3333333333335,13.61896436779486,8.714285714285714,8.8,3.0394235042756104,0.25812624194977135,0.2960796270233058,0.1454791738628668,0.00359115561964566,0.003761994387488128,0.0012572816442945605,1.4356859410430842,1.872250481000481,0.8763514053559224,5.024280481423339,4.580058182558182,2.882816848963445,317.3197278911565,363.13967576881794,141.10640634932068,-1.0,-2.066666666666667,4.4347115652134335,0.7414072912850534
2025-12-11,7.0,47.0,9.0,2437,10.0,0.19148936170212766,0.004103405826836274,1.4285714285714286,5.222222222222222,125.33333333333334,243.7,True,-2.0,-1.0,-3.0,-25299.0,-32204.0,-57503.0,2025,12,2025-12,Thursday,3,False,Stagnation Regime (2025),7.714285714285714,6.766666666666667,4.423960733499722,36.142857142857146,33.86666666666667,11.036735197054714,8.285714285714286,8.933333333333334,2.4976179127523257,2432.1428571428573,2353.366666666667,10.27016019598859,9.0,8.933333333333334,3.055050463344417,0.26027178101646187,0.2857959390800434,0.1441791390523878,0.0037025508256041686,0.0038112855178489874,0.0012641542557603554,1.4765022675736965,1.8865361952861954,0.8670439067771513,4.960788417931275,4.68746558996559,2.871181526099166,309.1518707482993,358.40519301019725,143.84513982296406,-1.2857142857142858,-2.1666666666666665,4.498677054208978,0.7465750580942108
2025-12-14,8.0,35.0,4.0,2462,8.0,0.11428571428571428,0.003249390739236393,1.0,8.75,210.0,307.75,True,4.0,-4.0,0.0,-25295.0,-32208.0,-57503.0,2025,12,2025-12,Sunday,6,True,Stagnation Regime (2025),8.285714285714286,6.833333333333333,4.111540089173428,36.57142857142857,34.2,10.906529280791519,7.714285714285714,8.933333333333334,2.9840847683616536,2438.285714285714,2359.4333333333334,13.462469877892984,9.142857142857142,8.633333333333333,2.9680841985650135,0.240884025914421,0.2842721295562339,0.15454285904257203,0.00375335553818982,0.003671060530794294,0.0012329947207893389,1.3693594104308393,1.8254250841750843,0.8739266822966059,5.639359846502704,4.770798923298924,3.153672353485097,303.74880952380954,364.39251552541026,142.95673882887442,-0.8571428571428571,-1.8,4.450789122110248,0.7549253922638124
2025-12-15,11.0,42.0,9.0,2470,7.0,0.21428571428571427,0.002834008097165992,0.6363636363636364,4.666666666666667,112.0,352.85714285714283,True,2.0,2.0,4.0,-25293.0,-32206.0,-57499.0,2025,12,2025-12,Monday,0,False,Stagnation Regime (2025),7.571428571428571,7.1,2.7602622373909647,37.0,35.03333333333333,11.075498483907971,8.0,8.766666666666667,3.000000000001014,2445.714285714286,2365.5333333333333,14.693698032824946,8.285714285714286,8.466666666666667,2.497617912800779,0.24585524517135462,0.2639640063069341,0.1527884583175366,0.0033901646826390323,0.0035906258495265286,0.001033554594349068,1.3441970727685018,1.713303872053872,0.8949157758636915,5.510108145822431,4.885878288378288,3.1753863604261485,327.5855442176871,369.9881641296796,133.65957496064482,-0.7142857142857143,-1.3666666666666667,4.6084807950198,0.7683816220421442
2025-12-16,8.0,54.0,15.0,2468,9.0,0.2777777777777778,0.003646677471636953,1.125,3.6,86.4,274.22222222222223,True,-7.0,6.0,-1.0,-25300.0,-32200.0,-57500.0,2025,12,2025-12,Tuesday,1,False,Stagnation Regime (2025),8.142857142857142,7.2,2.2677868380814816,41.285714285714285,36.13333333333333,11.010817192128338,8.285714285714286,8.933333333333334,3.592319850008898,2451.285714285714,2371.9,14.693698032824946,7.857142857142857,8.533333333333333,1.9518001459606915,0.2081568324729419,0.25735024969317755,0.0852763514809055,0.003205360799712852,0.0036097077497302668,0.0007992922032361448,1.0763399299113587,1.7041372053872055,0.517908832930246,5.760657596371883,4.935878288378289,2.8949092690550593,337.8434807256236,368.22735405852467,124.92204987455493,0.2857142857142857,-1.3333333333333333,3.3523268393857824,0.8010183008155779
2025-12-17,7.0,31.0,11.0,2481,10.0,0.3548387096774194,0.004030632809351068,1.4285714285714286,2.8181818181818183,67.63636363636364,248.1,False,-4.0,1.0,-3.0,-25304.0,-32199.0,-57503.0,2025,12,2025-12,Wednesday,2,False,Stagnation Regime (2025),7.857142857142857,7.333333333333333,2.2677868380815362,41.857142857142854,36.233333333333334,10.221359521930694,8.571428571428571,9.133333333333333,3.735288603627163,2457.1428571428573,2378.9666666666667,17.372665995310214,8.714285714285714,8.466666666666667,1.1126972806397222,0.21122902909352564,0.2632258257300439,0.09074936613132051,0.0035469734492922784,0.0035677730625614337,0.000455517989926908,1.2169294990723565,1.6184229196729196,0.4464292573222442,5.7346835703978565,4.843151015651016,2.924471714316329,286.1434807256236,370.262411529789,38.53051305647445,-0.8571428571428571,-1.1333333333333333,2.794552524017917,0.8867712215219758
2025-12-18,11.0,50.0,6.0,2472,16.0,0.12,0.006472491909385114,1.4545454545454546,8.333333333333334,200.0,154.5,True,5.0,-10.0,-5.0,-25299.0,-32209.0,-57508.0,2025,12,2025-12,Thursday,3,False,Stagnation Regime (2025),8.857142857142858,7.5,1.7728105208890745,44.714285714285715,36.8,9.08688222504267,8.428571428571429,9.133333333333333,3.823486317361898,2461.285714285714,2385.7,16.888993315564516,9.857142857142858,8.733333333333333,2.911389784353429,0.19503855290304942,0.26116521966943784,0.09610055460117405,0.004003806250568685,0.0036660484903779426,0.001173925840587076,1.1390074211502785,1.6224633237133237,0.3153182181115361,6.312914862914863,4.93759546009546,2.989654870157665,264.58990929705215,365.8055149780649,61.39470961606003,-1.0,-1.2333333333333334,2.9999999999951847,0.7719871291324627
2025-12-21,6.0,18.0,11.0,2484,14.0,0.6111111111111112,0.005636070853462158,2.3333333333333335,1.6363636363636365,39.27272727272727,177.42857142857142,False,-5.0,-3.0,-8.0,-25304.0,-32212.0,-57516.0,2025,12,2025-12,Sunday,6,True,Stagnation Regime (2025),8.285714285714286,7.433333333333334,1.9760470401486512,39.57142857142857,36.03333333333333,12.501428489820317,9.285714285714286,9.233333333333333,3.5923198500088795,2467.714285714286,2392.766666666667,15.499615969861617,10.571428571428571,8.966666666666667,3.2586880211665203,0.2691126269771235,0.27503152499915784,0.1730242368996654,0.0042818111010105644,0.003751217988310249,0.0013097990256675715,1.3437693259121832,1.6710744348244349,0.5279443224578897,5.003823953823954,4.821307581307582,2.6885058658791925,251.22256235827663,360.7316233524491,69.42750417998889,-2.2857142857142856,-1.5333333333333334,3.817254061678337,0.764377400627896
